# WaveFront *.obj file (generated by Autodesk ATF)

mtllib BOWMOUNT v15_BOWMOUNT v15_Battery.mtl

g Battery

v -53.126559 0.483640 20.450000
v -53.126559 0.702973 20.463799
v -53.126559 0.918847 20.504979
v -53.126559 1.127858 20.572891
v -53.126559 1.326709 20.666463
v -53.126559 1.512264 20.784220
v -53.126559 1.681597 20.924305
v -53.126559 1.832038 21.084508
v -53.126559 1.961214 21.262303
v -53.126559 2.067087 21.454886
v -53.126559 2.147989 21.659220
v -53.126559 2.202643 21.872083
v -53.126559 2.230187 22.090117
v -53.126559 2.230187 22.309883
v -53.126559 2.202643 22.527917
v -53.126559 2.147989 22.740780
v -53.126559 2.067087 22.945114
v -53.126559 1.961214 23.137697
v -53.126559 1.832038 23.315492
v -53.126559 1.681597 23.475695
v -53.126559 1.512264 23.615780
v -53.126559 1.326709 23.733537
v -53.126559 1.127858 23.827109
v -53.126559 0.918847 23.895021
v -53.126559 0.702973 23.936201
v -53.126559 0.483640 23.950000
v -53.126559 0.264307 23.936201
v -53.126559 0.048433 23.895021
v -53.126559 -0.160578 23.827109
v -53.126559 -0.359429 23.733537
v -53.126559 -0.544984 23.615780
v -53.126559 -0.714318 23.475695
v -53.126559 -0.864758 23.315492
v -53.126559 -0.993934 23.137697
v -53.126559 -1.099807 22.945114
v -53.126559 -1.180709 22.740780
v -53.126559 -1.235363 22.527917
v -53.126559 -1.262907 22.309883
v -53.126559 -1.262907 22.090117
v -53.126559 -1.235363 21.872083
v -53.126559 -1.180709 21.659220
v -53.126559 -1.099807 21.454886
v -53.126559 -0.993934 21.262303
v -53.126559 -0.864758 21.084508
v -53.126559 -0.714318 20.924305
v -53.126559 -0.544984 20.784220
v -53.126559 -0.359429 20.666463
v -53.126559 -0.160578 20.572891
v -53.126559 0.048433 20.504979
v -53.126559 0.264307 20.463799
v -51.926559 0.483640 20.450000
v -51.926559 0.264307 20.463799
v -51.926559 0.048433 20.504979
v -51.926559 -0.160578 20.572891
v -51.926559 -0.359429 20.666463
v -51.926559 -0.544984 20.784220
v -51.926559 -0.714318 20.924305
v -51.926559 -0.864758 21.084508
v -51.926559 -0.993934 21.262303
v -51.926559 -1.099807 21.454886
v -51.926559 -1.180709 21.659220
v -51.926559 -1.235363 21.872083
v -51.926559 -1.262907 22.090117
v -51.926559 -1.262907 22.309883
v -51.926559 -1.235363 22.527917
v -51.926559 -1.180709 22.740780
v -51.926559 -1.099807 22.945114
v -51.926559 -0.993934 23.137697
v -51.926559 -0.864758 23.315492
v -51.926559 -0.714318 23.475695
v -51.926559 -0.544984 23.615780
v -51.926559 -0.359429 23.733537
v -51.926559 -0.160578 23.827109
v -51.926559 0.048433 23.895021
v -51.926559 0.264307 23.936201
v -51.926559 0.483640 23.950000
v -51.926559 0.702973 23.936201
v -51.926559 0.918847 23.895021
v -51.926559 1.127858 23.827109
v -51.926559 1.326709 23.733537
v -51.926559 1.512264 23.615780
v -51.926559 1.681597 23.475695
v -51.926559 1.832038 23.315492
v -51.926559 1.961214 23.137697
v -51.926559 2.067087 22.945114
v -51.926559 2.147989 22.740780
v -51.926559 2.202643 22.527917
v -51.926559 2.230187 22.309883
v -51.926559 2.230187 22.090117
v -51.926559 2.202643 21.872083
v -51.926559 2.147989 21.659220
v -51.926559 2.067087 21.454886
v -51.926559 1.961214 21.262303
v -51.926559 1.832038 21.084508
v -51.926559 1.681597 20.924305
v -51.926559 1.512264 20.784220
v -51.926559 1.326709 20.666463
v -51.926559 1.127858 20.572891
v -51.926559 0.918847 20.504979
v -51.926559 0.702973 20.463799
v -51.926559 0.483640 13.000000
v -51.926559 0.994928 13.014218
v -51.926559 1.504635 13.056829
v -51.926559 2.011187 13.127701
v -51.926559 2.513017 13.226616
v -51.926559 3.008574 13.353266
v -51.926559 3.496327 13.507261
v -51.926559 3.974768 13.688125
v -51.926559 4.442418 13.895298
v -51.926559 4.897832 14.128141
v -51.926559 5.339601 14.385933
v -51.926559 5.766361 14.667879
v -51.926559 6.176793 14.973105
v -51.926559 6.569627 15.300670
v -51.926559 6.943650 15.649560
v -51.926559 7.297706 16.018697
v -51.926559 7.630699 16.406940
v -51.926559 7.941602 16.813089
v -51.926559 8.229452 17.235889
v -51.926559 8.493360 17.674033
v -51.926559 8.732511 18.126166
v -51.926559 8.946165 18.590891
v -51.926559 9.133662 19.066771
v -51.926559 9.294422 19.552336
v -51.926559 9.427948 20.046085
v -51.926559 9.533828 20.546492
v -51.926559 9.611735 21.052010
v -51.926559 9.661427 21.561076
v -51.926559 9.682751 22.072116
v -51.926559 9.675641 22.583552
v -51.926559 9.640119 23.093803
v -51.926559 9.576295 23.601291
v -51.926559 9.484367 24.104447
v -51.926559 9.364617 24.601717
v -51.926559 9.217417 25.091564
v -51.926559 9.043221 25.572472
v -51.926559 8.842568 26.042957
v -51.926559 8.616078 26.501563
v -51.926559 8.364451 26.946874
v -51.926559 8.088465 27.377512
v -51.926559 7.788973 27.792146
v -51.926559 7.466901 28.189496
v -51.926559 7.123244 28.568333
v -51.926559 6.759064 28.927485
v -51.926559 6.375487 29.265843
v -51.926559 5.973699 29.582361
v -51.926559 5.554941 29.876060
v -51.926559 5.120508 30.146034
v -51.926559 4.671743 30.391446
v -51.926559 4.210033 30.611539
v -51.926559 3.736805 30.805633
v -51.926559 3.253521 30.973127
v -51.926559 2.761676 31.113504
v -51.926559 2.262789 31.226330
v -51.926559 1.758404 31.311256
v -51.926559 1.250078 31.368019
v -51.926559 0.739383 31.396445
v -51.926559 0.227897 31.396445
v -51.926559 -0.282798 31.368019
v -51.926559 -0.791124 31.311256
v -51.926559 -1.295510 31.226330
v -51.926559 -1.794396 31.113504
v -51.926559 -2.286241 30.973127
v -51.926559 -2.769525 30.805633
v -51.926559 -3.242753 30.611539
v -51.926559 -3.704464 30.391446
v -51.926559 -4.153229 30.146034
v -51.926559 -4.587661 29.876060
v -51.926559 -5.006419 29.582361
v -51.926559 -5.408207 29.265843
v -51.926559 -5.791784 28.927485
v -51.926559 -6.155964 28.568333
v -51.926559 -6.499621 28.189496
v -51.926559 -6.821694 27.792146
v -51.926559 -7.121186 27.377512
v -51.926559 -7.397172 26.946874
v -51.926559 -7.648799 26.501563
v -51.926559 -7.875288 26.042957
v -51.926559 -8.075941 25.572472
v -51.926559 -8.250137 25.091564
v -51.926559 -8.397337 24.601717
v -51.926559 -8.517087 24.104447
v -51.926559 -8.609016 23.601291
v -51.926559 -8.672840 23.093803
v -51.926559 -8.708361 22.583552
v -51.926559 -8.715471 22.072116
v -51.926559 -8.694147 21.561076
v -51.926559 -8.644455 21.052010
v -51.926559 -8.566549 20.546492
v -51.926559 -8.460669 20.046085
v -51.926559 -8.327142 19.552336
v -51.926559 -8.166382 19.066771
v -51.926559 -7.978885 18.590891
v -51.926559 -7.765231 18.126166
v -51.926559 -7.526080 17.674033
v -51.926559 -7.262172 17.235889
v -51.926559 -6.974322 16.813089
v -51.926559 -6.663419 16.406940
v -51.926559 -6.330426 16.018697
v -51.926559 -5.976371 15.649560
v -51.926559 -5.602348 15.300670
v -51.926559 -5.209513 14.973105
v -51.926559 -4.799082 14.667879
v -51.926559 -4.372322 14.385933
v -51.926559 -3.930552 14.128141
v -51.926559 -3.475138 13.895298
v -51.926559 -3.007488 13.688125
v -51.926559 -2.529047 13.507261
v -51.926559 -2.041294 13.353266
v -51.926559 -1.545737 13.226616
v -51.926559 -1.043907 13.127701
v -51.926559 -0.537355 13.056829
v -51.926559 -0.027648 13.014218
v 13.073441 0.483640 13.000000
v 13.073441 -0.027648 13.014218
v 13.073441 -0.537355 13.056829
v 13.073441 -1.043907 13.127701
v 13.073441 -1.545737 13.226616
v 13.073441 -2.041294 13.353266
v 13.073441 -2.529047 13.507261
v 13.073441 -3.007488 13.688125
v 13.073441 -3.475138 13.895298
v 13.073441 -3.930552 14.128141
v 13.073441 -4.372322 14.385933
v 13.073441 -4.799082 14.667879
v 13.073441 -5.209513 14.973105
v 13.073441 -5.602348 15.300670
v 13.073441 -5.976371 15.649560
v 13.073441 -6.330426 16.018697
v 13.073441 -6.663419 16.406940
v 13.073441 -6.974322 16.813089
v 13.073441 -7.262172 17.235889
v 13.073441 -7.526080 17.674033
v 13.073441 -7.765231 18.126166
v 13.073441 -7.978885 18.590891
v 13.073441 -8.166382 19.066771
v 13.073441 -8.327142 19.552336
v 13.073441 -8.460669 20.046085
v 13.073441 -8.566549 20.546492
v 13.073441 -8.644455 21.052010
v 13.073441 -8.694147 21.561076
v 13.073441 -8.715471 22.072116
v 13.073441 -8.708361 22.583552
v 13.073441 -8.672840 23.093803
v 13.073441 -8.609016 23.601291
v 13.073441 -8.517087 24.104447
v 13.073441 -8.397337 24.601717
v 13.073441 -8.250137 25.091564
v 13.073441 -8.075941 25.572472
v 13.073441 -7.875288 26.042957
v 13.073441 -7.648799 26.501563
v 13.073441 -7.397172 26.946874
v 13.073441 -7.121186 27.377512
v 13.073441 -6.821694 27.792146
v 13.073441 -6.499621 28.189496
v 13.073441 -6.155964 28.568333
v 13.073441 -5.791784 28.927485
v 13.073441 -5.408207 29.265843
v 13.073441 -5.006419 29.582361
v 13.073441 -4.587661 29.876060
v 13.073441 -4.153229 30.146034
v 13.073441 -3.704464 30.391446
v 13.073441 -3.242753 30.611539
v 13.073441 -2.769525 30.805633
v 13.073441 -2.286241 30.973127
v 13.073441 -1.794396 31.113504
v 13.073441 -1.295510 31.226330
v 13.073441 -0.791124 31.311256
v 13.073441 -0.282798 31.368019
v 13.073441 0.227897 31.396445
v 13.073441 0.739383 31.396445
v 13.073441 1.250078 31.368019
v 13.073441 1.758404 31.311256
v 13.073441 2.262789 31.226330
v 13.073441 2.761676 31.113504
v 13.073441 3.253521 30.973127
v 13.073441 3.736805 30.805633
v 13.073441 4.210033 30.611539
v 13.073441 4.671743 30.391446
v 13.073441 5.120508 30.146034
v 13.073441 5.554941 29.876060
v 13.073441 5.973699 29.582361
v 13.073441 6.375487 29.265843
v 13.073441 6.759064 28.927485
v 13.073441 7.123244 28.568333
v 13.073441 7.466901 28.189496
v 13.073441 7.788973 27.792146
v 13.073441 8.088465 27.377512
v 13.073441 8.364451 26.946874
v 13.073441 8.616078 26.501563
v 13.073441 8.842568 26.042957
v 13.073441 9.043221 25.572472
v 13.073441 9.217417 25.091564
v 13.073441 9.364617 24.601717
v 13.073441 9.484367 24.104447
v 13.073441 9.576295 23.601291
v 13.073441 9.640119 23.093803
v 13.073441 9.675641 22.583552
v 13.073441 9.682751 22.072116
v 13.073441 9.661427 21.561076
v 13.073441 9.611735 21.052010
v 13.073441 9.533828 20.546492
v 13.073441 9.427948 20.046085
v 13.073441 9.294422 19.552336
v 13.073441 9.133662 19.066771
v 13.073441 8.946165 18.590891
v 13.073441 8.732511 18.126166
v 13.073441 8.493360 17.674033
v 13.073441 8.229452 17.235889
v 13.073441 7.941602 16.813089
v 13.073441 7.630699 16.406940
v 13.073441 7.297706 16.018697
v 13.073441 6.943650 15.649560
v 13.073441 6.569627 15.300670
v 13.073441 6.176793 14.973105
v 13.073441 5.766361 14.667879
v 13.073441 5.339601 14.385933
v 13.073441 4.897832 14.128141
v 13.073441 4.442418 13.895298
v 13.073441 3.974768 13.688125
v 13.073441 3.496327 13.507261
v 13.073441 3.008574 13.353266
v 13.073441 2.513017 13.226616
v 13.073441 2.011187 13.127701
v 13.073441 1.504635 13.056829
v 13.073441 0.994928 13.014218
v -41.093225 0.483640 13.000000
v -30.259892 0.483640 13.000000
v -19.426559 0.483640 13.000000
v -8.593225 0.483640 13.000000
v 2.240108 0.483640 13.000000
v -41.093225 0.994928 13.014218
v -30.259892 0.994928 13.014218
v -19.426559 0.994928 13.014218
v -8.593225 0.994928 13.014218
v 2.240108 0.994928 13.014218
v -41.093225 1.504635 13.056829
v -30.259892 1.504635 13.056829
v -19.426559 1.504635 13.056829
v -8.593225 1.504635 13.056829
v 2.240108 1.504635 13.056829
v -41.093225 2.011187 13.127701
v -30.259892 2.011187 13.127701
v -19.426559 2.011187 13.127701
v -8.593225 2.011187 13.127701
v 2.240108 2.011187 13.127701
v -41.093225 2.513017 13.226616
v -30.259892 2.513017 13.226616
v -19.426559 2.513017 13.226616
v -8.593225 2.513017 13.226616
v 2.240108 2.513017 13.226616
v -41.093225 3.008574 13.353266
v -30.259892 3.008574 13.353266
v -19.426559 3.008574 13.353266
v -8.593225 3.008574 13.353266
v 2.240108 3.008574 13.353266
v -41.093225 3.496327 13.507261
v -30.259892 3.496327 13.507261
v -19.426559 3.496327 13.507261
v -8.593225 3.496327 13.507261
v 2.240108 3.496327 13.507261
v -41.093225 3.974768 13.688125
v -30.259892 3.974768 13.688125
v -19.426559 3.974768 13.688125
v -8.593225 3.974768 13.688125
v 2.240108 3.974768 13.688125
v -41.093225 4.442418 13.895298
v -30.259892 4.442418 13.895298
v -19.426559 4.442418 13.895298
v -8.593225 4.442418 13.895298
v 2.240108 4.442418 13.895298
v -41.093225 4.897832 14.128141
v -30.259892 4.897832 14.128141
v -19.426559 4.897832 14.128141
v -8.593225 4.897832 14.128141
v 2.240108 4.897832 14.128141
v -41.093225 5.339601 14.385933
v -30.259892 5.339601 14.385933
v -19.426559 5.339601 14.385933
v -8.593225 5.339601 14.385933
v 2.240108 5.339601 14.385933
v -41.093225 5.766361 14.667879
v -30.259892 5.766361 14.667879
v -19.426559 5.766361 14.667879
v -8.593225 5.766361 14.667879
v 2.240108 5.766361 14.667879
v -41.093225 6.176793 14.973105
v -30.259892 6.176793 14.973105
v -19.426559 6.176793 14.973105
v -8.593225 6.176793 14.973105
v 2.240108 6.176793 14.973105
v -41.093225 6.569627 15.300670
v -30.259892 6.569627 15.300670
v -19.426559 6.569627 15.300670
v -8.593225 6.569627 15.300670
v 2.240108 6.569627 15.300670
v -41.093225 6.943650 15.649560
v -30.259892 6.943650 15.649560
v -19.426559 6.943650 15.649560
v -8.593225 6.943650 15.649560
v 2.240108 6.943650 15.649560
v -41.093225 7.297706 16.018697
v -30.259892 7.297706 16.018697
v -19.426559 7.297706 16.018697
v -8.593225 7.297706 16.018697
v 2.240108 7.297706 16.018697
v -41.093225 7.630699 16.406940
v -30.259892 7.630699 16.406940
v -19.426559 7.630699 16.406940
v -8.593225 7.630699 16.406940
v 2.240108 7.630699 16.406940
v -41.093225 7.941602 16.813089
v -30.259892 7.941602 16.813089
v -19.426559 7.941602 16.813089
v -8.593225 7.941602 16.813089
v 2.240108 7.941602 16.813089
v -41.093225 8.229452 17.235889
v -30.259892 8.229452 17.235889
v -19.426559 8.229452 17.235889
v -8.593225 8.229452 17.235889
v 2.240108 8.229452 17.235889
v -41.093225 8.493360 17.674033
v -30.259892 8.493360 17.674033
v -19.426559 8.493360 17.674033
v -8.593225 8.493360 17.674033
v 2.240108 8.493360 17.674033
v -41.093225 8.732511 18.126166
v -30.259892 8.732511 18.126166
v -19.426559 8.732511 18.126166
v -8.593225 8.732511 18.126166
v 2.240108 8.732511 18.126166
v -41.093225 8.946165 18.590891
v -30.259892 8.946165 18.590891
v -19.426559 8.946165 18.590891
v -8.593225 8.946165 18.590891
v 2.240108 8.946165 18.590891
v -41.093225 9.133662 19.066771
v -30.259892 9.133662 19.066771
v -19.426559 9.133662 19.066771
v -8.593225 9.133662 19.066771
v 2.240108 9.133662 19.066771
v -41.093225 9.294422 19.552336
v -30.259892 9.294422 19.552336
v -19.426559 9.294422 19.552336
v -8.593225 9.294422 19.552336
v 2.240108 9.294422 19.552336
v -41.093225 9.427948 20.046085
v -30.259892 9.427948 20.046085
v -19.426559 9.427948 20.046085
v -8.593225 9.427948 20.046085
v 2.240108 9.427948 20.046085
v -41.093225 9.533828 20.546492
v -30.259892 9.533828 20.546492
v -19.426559 9.533828 20.546492
v -8.593225 9.533828 20.546492
v 2.240108 9.533828 20.546492
v -41.093225 9.611735 21.052010
v -30.259892 9.611735 21.052010
v -19.426559 9.611735 21.052010
v -8.593225 9.611735 21.052010
v 2.240108 9.611735 21.052010
v -41.093225 9.661427 21.561076
v -30.259892 9.661427 21.561076
v -19.426559 9.661427 21.561076
v -8.593225 9.661427 21.561076
v 2.240108 9.661427 21.561076
v -41.093225 9.682751 22.072116
v -30.259892 9.682751 22.072116
v -19.426559 9.682751 22.072116
v -8.593225 9.682751 22.072116
v 2.240108 9.682751 22.072116
v -41.093225 9.675641 22.583552
v -30.259892 9.675641 22.583552
v -19.426559 9.675641 22.583552
v -8.593225 9.675641 22.583552
v 2.240108 9.675641 22.583552
v -41.093225 9.640119 23.093803
v -30.259892 9.640119 23.093803
v -19.426559 9.640119 23.093803
v -8.593225 9.640119 23.093803
v 2.240108 9.640119 23.093803
v -41.093225 9.576295 23.601291
v -30.259892 9.576295 23.601291
v -19.426559 9.576295 23.601291
v -8.593225 9.576295 23.601291
v 2.240108 9.576295 23.601291
v -41.093225 9.484367 24.104447
v -30.259892 9.484367 24.104447
v -19.426559 9.484367 24.104447
v -8.593225 9.484367 24.104447
v 2.240108 9.484367 24.104447
v -41.093225 9.364617 24.601717
v -30.259892 9.364617 24.601717
v -19.426559 9.364617 24.601717
v -8.593225 9.364617 24.601717
v 2.240108 9.364617 24.601717
v -41.093225 9.217417 25.091564
v -30.259892 9.217417 25.091564
v -19.426559 9.217417 25.091564
v -8.593225 9.217417 25.091564
v 2.240108 9.217417 25.091564
v -41.093225 9.043221 25.572472
v -30.259892 9.043221 25.572472
v -19.426559 9.043221 25.572472
v -8.593225 9.043221 25.572472
v 2.240108 9.043221 25.572472
v -41.093225 8.842568 26.042957
v -30.259892 8.842568 26.042957
v -19.426559 8.842568 26.042957
v -8.593225 8.842568 26.042957
v 2.240108 8.842568 26.042957
v -41.093225 8.616078 26.501563
v -30.259892 8.616078 26.501563
v -19.426559 8.616078 26.501563
v -8.593225 8.616078 26.501563
v 2.240108 8.616078 26.501563
v -41.093225 8.364451 26.946874
v -30.259892 8.364451 26.946874
v -19.426559 8.364451 26.946874
v -8.593225 8.364451 26.946874
v 2.240108 8.364451 26.946874
v -41.093225 8.088465 27.377512
v -30.259892 8.088465 27.377512
v -19.426559 8.088465 27.377512
v -8.593225 8.088465 27.377512
v 2.240108 8.088465 27.377512
v -41.093225 7.788973 27.792146
v -30.259892 7.788973 27.792146
v -19.426559 7.788973 27.792146
v -8.593225 7.788973 27.792146
v 2.240108 7.788973 27.792146
v -41.093225 7.466901 28.189496
v -30.259892 7.466901 28.189496
v -19.426559 7.466901 28.189496
v -8.593225 7.466901 28.189496
v 2.240108 7.466901 28.189496
v -41.093225 7.123244 28.568333
v -30.259892 7.123244 28.568333
v -19.426559 7.123244 28.568333
v -8.593225 7.123244 28.568333
v 2.240108 7.123244 28.568333
v -41.093225 6.759064 28.927485
v -30.259892 6.759064 28.927485
v -19.426559 6.759064 28.927485
v -8.593225 6.759064 28.927485
v 2.240108 6.759064 28.927485
v -41.093225 6.375487 29.265843
v -30.259892 6.375487 29.265843
v -19.426559 6.375487 29.265843
v -8.593225 6.375487 29.265843
v 2.240108 6.375487 29.265843
v -41.093225 5.973699 29.582361
v -30.259892 5.973699 29.582361
v -19.426559 5.973699 29.582361
v -8.593225 5.973699 29.582361
v 2.240108 5.973699 29.582361
v -41.093225 5.554941 29.876060
v -30.259892 5.554941 29.876060
v -19.426559 5.554941 29.876060
v -8.593225 5.554941 29.876060
v 2.240108 5.554941 29.876060
v -41.093225 5.120508 30.146034
v -30.259892 5.120508 30.146034
v -19.426559 5.120508 30.146034
v -8.593225 5.120508 30.146034
v 2.240108 5.120508 30.146034
v -41.093225 4.671743 30.391446
v -30.259892 4.671743 30.391446
v -19.426559 4.671743 30.391446
v -8.593225 4.671743 30.391446
v 2.240108 4.671743 30.391446
v -41.093225 4.210033 30.611539
v -30.259892 4.210033 30.611539
v -19.426559 4.210033 30.611539
v -8.593225 4.210033 30.611539
v 2.240108 4.210033 30.611539
v -41.093225 3.736805 30.805633
v -30.259892 3.736805 30.805633
v -19.426559 3.736805 30.805633
v -8.593225 3.736805 30.805633
v 2.240108 3.736805 30.805633
v -41.093225 3.253521 30.973127
v -30.259892 3.253521 30.973127
v -19.426559 3.253521 30.973127
v -8.593225 3.253521 30.973127
v 2.240108 3.253521 30.973127
v -41.093225 2.761676 31.113504
v -30.259892 2.761676 31.113504
v -19.426559 2.761676 31.113504
v -8.593225 2.761676 31.113504
v 2.240108 2.761676 31.113504
v -41.093225 2.262789 31.226330
v -30.259892 2.262789 31.226330
v -19.426559 2.262789 31.226330
v -8.593225 2.262789 31.226330
v 2.240108 2.262789 31.226330
v -41.093225 1.758404 31.311256
v -30.259892 1.758404 31.311256
v -19.426559 1.758404 31.311256
v -8.593225 1.758404 31.311256
v 2.240108 1.758404 31.311256
v -41.093225 1.250078 31.368019
v -30.259892 1.250078 31.368019
v -19.426559 1.250078 31.368019
v -8.593225 1.250078 31.368019
v 2.240108 1.250078 31.368019
v -41.093225 0.739383 31.396445
v -30.259892 0.739383 31.396445
v -19.426559 0.739383 31.396445
v -8.593225 0.739383 31.396445
v 2.240108 0.739383 31.396445
v -41.093225 0.227897 31.396445
v -30.259892 0.227897 31.396445
v -19.426559 0.227897 31.396445
v -8.593225 0.227897 31.396445
v 2.240108 0.227897 31.396445
v -41.093225 -0.282798 31.368019
v -30.259892 -0.282798 31.368019
v -19.426559 -0.282798 31.368019
v -8.593225 -0.282798 31.368019
v 2.240108 -0.282798 31.368019
v -41.093225 -0.791124 31.311256
v -30.259892 -0.791124 31.311256
v -19.426559 -0.791124 31.311256
v -8.593225 -0.791124 31.311256
v 2.240108 -0.791124 31.311256
v -41.093225 -1.295510 31.226330
v -30.259892 -1.295510 31.226330
v -19.426559 -1.295510 31.226330
v -8.593225 -1.295510 31.226330
v 2.240108 -1.295510 31.226330
v -41.093225 -1.794396 31.113504
v -30.259892 -1.794396 31.113504
v -19.426559 -1.794396 31.113504
v -8.593225 -1.794396 31.113504
v 2.240108 -1.794396 31.113504
v -41.093225 -2.286241 30.973127
v -30.259892 -2.286241 30.973127
v -19.426559 -2.286241 30.973127
v -8.593225 -2.286241 30.973127
v 2.240108 -2.286241 30.973127
v -41.093225 -2.769525 30.805633
v -30.259892 -2.769525 30.805633
v -19.426559 -2.769525 30.805633
v -8.593225 -2.769525 30.805633
v 2.240108 -2.769525 30.805633
v -41.093225 -3.242753 30.611539
v -30.259892 -3.242753 30.611539
v -19.426559 -3.242753 30.611539
v -8.593225 -3.242753 30.611539
v 2.240108 -3.242753 30.611539
v -41.093225 -3.704464 30.391446
v -30.259892 -3.704464 30.391446
v -19.426559 -3.704464 30.391446
v -8.593225 -3.704464 30.391446
v 2.240108 -3.704464 30.391446
v -41.093225 -4.153229 30.146034
v -30.259892 -4.153229 30.146034
v -19.426559 -4.153229 30.146034
v -8.593225 -4.153229 30.146034
v 2.240108 -4.153229 30.146034
v -41.093225 -4.587661 29.876060
v -30.259892 -4.587661 29.876060
v -19.426559 -4.587661 29.876060
v -8.593225 -4.587661 29.876060
v 2.240108 -4.587661 29.876060
v -41.093225 -5.006419 29.582361
v -30.259892 -5.006419 29.582361
v -19.426559 -5.006419 29.582361
v -8.593225 -5.006419 29.582361
v 2.240108 -5.006419 29.582361
v -41.093225 -5.408207 29.265843
v -30.259892 -5.408207 29.265843
v -19.426559 -5.408207 29.265843
v -8.593225 -5.408207 29.265843
v 2.240108 -5.408207 29.265843
v -41.093225 -5.791784 28.927485
v -30.259892 -5.791784 28.927485
v -19.426559 -5.791784 28.927485
v -8.593225 -5.791784 28.927485
v 2.240108 -5.791784 28.927485
v -41.093225 -6.155964 28.568333
v -30.259892 -6.155964 28.568333
v -19.426559 -6.155964 28.568333
v -8.593225 -6.155964 28.568333
v 2.240108 -6.155964 28.568333
v -41.093225 -6.499621 28.189496
v -30.259892 -6.499621 28.189496
v -19.426559 -6.499621 28.189496
v -8.593225 -6.499621 28.189496
v 2.240108 -6.499621 28.189496
v -41.093225 -6.821694 27.792146
v -30.259892 -6.821694 27.792146
v -19.426559 -6.821694 27.792146
v -8.593225 -6.821694 27.792146
v 2.240108 -6.821694 27.792146
v -41.093225 -7.121186 27.377512
v -30.259892 -7.121186 27.377512
v -19.426559 -7.121186 27.377512
v -8.593225 -7.121186 27.377512
v 2.240108 -7.121186 27.377512
v -41.093225 -7.397172 26.946874
v -30.259892 -7.397172 26.946874
v -19.426559 -7.397172 26.946874
v -8.593225 -7.397172 26.946874
v 2.240108 -7.397172 26.946874
v -41.093225 -7.648799 26.501563
v -30.259892 -7.648799 26.501563
v -19.426559 -7.648799 26.501563
v -8.593225 -7.648799 26.501563
v 2.240108 -7.648799 26.501563
v -41.093225 -7.875288 26.042957
v -30.259892 -7.875288 26.042957
v -19.426559 -7.875288 26.042957
v -8.593225 -7.875288 26.042957
v 2.240108 -7.875288 26.042957
v -41.093225 -8.075941 25.572472
v -30.259892 -8.075941 25.572472
v -19.426559 -8.075941 25.572472
v -8.593225 -8.075941 25.572472
v 2.240108 -8.075941 25.572472
v -41.093225 -8.250137 25.091564
v -30.259892 -8.250137 25.091564
v -19.426559 -8.250137 25.091564
v -8.593225 -8.250137 25.091564
v 2.240108 -8.250137 25.091564
v -41.093225 -8.397337 24.601717
v -30.259892 -8.397337 24.601717
v -19.426559 -8.397337 24.601717
v -8.593225 -8.397337 24.601717
v 2.240108 -8.397337 24.601717
v -41.093225 -8.517087 24.104447
v -30.259892 -8.517087 24.104447
v -19.426559 -8.517087 24.104447
v -8.593225 -8.517087 24.104447
v 2.240108 -8.517087 24.104447
v -41.093225 -8.609016 23.601291
v -30.259892 -8.609016 23.601291
v -19.426559 -8.609016 23.601291
v -8.593225 -8.609016 23.601291
v 2.240108 -8.609016 23.601291
v -41.093225 -8.672840 23.093803
v -30.259892 -8.672840 23.093803
v -19.426559 -8.672840 23.093803
v -8.593225 -8.672840 23.093803
v 2.240108 -8.672840 23.093803
v -41.093225 -8.708361 22.583552
v -30.259892 -8.708361 22.583552
v -19.426559 -8.708361 22.583552
v -8.593225 -8.708361 22.583552
v 2.240108 -8.708361 22.583552
v -41.093225 -8.715471 22.072116
v -30.259892 -8.715471 22.072116
v -19.426559 -8.715471 22.072116
v -8.593225 -8.715471 22.072116
v 2.240108 -8.715471 22.072116
v -41.093225 -8.694147 21.561076
v -30.259892 -8.694147 21.561076
v -19.426559 -8.694147 21.561076
v -8.593225 -8.694147 21.561076
v 2.240108 -8.694147 21.561076
v -41.093225 -8.644455 21.052010
v -30.259892 -8.644455 21.052010
v -19.426559 -8.644455 21.052010
v -8.593225 -8.644455 21.052010
v 2.240108 -8.644455 21.052010
v -41.093225 -8.566549 20.546492
v -30.259892 -8.566549 20.546492
v -19.426559 -8.566549 20.546492
v -8.593225 -8.566549 20.546492
v 2.240108 -8.566549 20.546492
v -41.093225 -8.460669 20.046085
v -30.259892 -8.460669 20.046085
v -19.426559 -8.460669 20.046085
v -8.593225 -8.460669 20.046085
v 2.240108 -8.460669 20.046085
v -41.093225 -8.327142 19.552336
v -30.259892 -8.327142 19.552336
v -19.426559 -8.327142 19.552336
v -8.593225 -8.327142 19.552336
v 2.240108 -8.327142 19.552336
v -41.093225 -8.166382 19.066771
v -30.259892 -8.166382 19.066771
v -19.426559 -8.166382 19.066771
v -8.593225 -8.166382 19.066771
v 2.240108 -8.166382 19.066771
v -41.093225 -7.978885 18.590891
v -30.259892 -7.978885 18.590891
v -19.426559 -7.978885 18.590891
v -8.593225 -7.978885 18.590891
v 2.240108 -7.978885 18.590891
v -41.093225 -7.765231 18.126166
v -30.259892 -7.765231 18.126166
v -19.426559 -7.765231 18.126166
v -8.593225 -7.765231 18.126166
v 2.240108 -7.765231 18.126166
v -41.093225 -7.526080 17.674033
v -30.259892 -7.526080 17.674033
v -19.426559 -7.526080 17.674033
v -8.593225 -7.526080 17.674033
v 2.240108 -7.526080 17.674033
v -41.093225 -7.262172 17.235889
v -30.259892 -7.262172 17.235889
v -19.426559 -7.262172 17.235889
v -8.593225 -7.262172 17.235889
v 2.240108 -7.262172 17.235889
v -41.093225 -6.974322 16.813089
v -30.259892 -6.974322 16.813089
v -19.426559 -6.974322 16.813089
v -8.593225 -6.974322 16.813089
v 2.240108 -6.974322 16.813089
v -41.093225 -6.663419 16.406940
v -30.259892 -6.663419 16.406940
v -19.426559 -6.663419 16.406940
v -8.593225 -6.663419 16.406940
v 2.240108 -6.663419 16.406940
v -41.093225 -6.330426 16.018697
v -30.259892 -6.330426 16.018697
v -19.426559 -6.330426 16.018697
v -8.593225 -6.330426 16.018697
v 2.240108 -6.330426 16.018697
v -41.093225 -5.976371 15.649560
v -30.259892 -5.976371 15.649560
v -19.426559 -5.976371 15.649560
v -8.593225 -5.976371 15.649560
v 2.240108 -5.976371 15.649560
v -41.093225 -5.602348 15.300670
v -30.259892 -5.602348 15.300670
v -19.426559 -5.602348 15.300670
v -8.593225 -5.602348 15.300670
v 2.240108 -5.602348 15.300670
v -41.093225 -5.209513 14.973105
v -30.259892 -5.209513 14.973105
v -19.426559 -5.209513 14.973105
v -8.593225 -5.209513 14.973105
v 2.240108 -5.209513 14.973105
v -41.093225 -4.799082 14.667879
v -30.259892 -4.799082 14.667879
v -19.426559 -4.799082 14.667879
v -8.593225 -4.799082 14.667879
v 2.240108 -4.799082 14.667879
v -41.093225 -4.372322 14.385933
v -30.259892 -4.372322 14.385933
v -19.426559 -4.372322 14.385933
v -8.593225 -4.372322 14.385933
v 2.240108 -4.372322 14.385933
v -41.093225 -3.930552 14.128141
v -30.259892 -3.930552 14.128141
v -19.426559 -3.930552 14.128141
v -8.593225 -3.930552 14.128141
v 2.240108 -3.930552 14.128141
v -41.093225 -3.475138 13.895298
v -30.259892 -3.475138 13.895298
v -19.426559 -3.475138 13.895298
v -8.593225 -3.475138 13.895298
v 2.240108 -3.475138 13.895298
v -41.093225 -3.007488 13.688125
v -30.259892 -3.007488 13.688125
v -19.426559 -3.007488 13.688125
v -8.593225 -3.007488 13.688125
v 2.240108 -3.007488 13.688125
v -41.093225 -2.529047 13.507261
v -30.259892 -2.529047 13.507261
v -19.426559 -2.529047 13.507261
v -8.593225 -2.529047 13.507261
v 2.240108 -2.529047 13.507261
v -41.093225 -2.041294 13.353266
v -30.259892 -2.041294 13.353266
v -19.426559 -2.041294 13.353266
v -8.593225 -2.041294 13.353266
v 2.240108 -2.041294 13.353266
v -41.093225 -1.545737 13.226616
v -30.259892 -1.545737 13.226616
v -19.426559 -1.545737 13.226616
v -8.593225 -1.545737 13.226616
v 2.240108 -1.545737 13.226616
v -41.093225 -1.043907 13.127701
v -30.259892 -1.043907 13.127701
v -19.426559 -1.043907 13.127701
v -8.593225 -1.043907 13.127701
v 2.240108 -1.043907 13.127701
v -41.093225 -0.537355 13.056829
v -30.259892 -0.537355 13.056829
v -19.426559 -0.537355 13.056829
v -8.593225 -0.537355 13.056829
v 2.240108 -0.537355 13.056829
v -41.093225 -0.027648 13.014218
v -30.259892 -0.027648 13.014218
v -19.426559 -0.027648 13.014218
v -8.593225 -0.027648 13.014218
v 2.240108 -0.027648 13.014218
vt -6.620000 0.527788 0.000000
vt -6.500000 0.527788 0.000000
vt -6.620000 0.549779 0.000000
vt -6.500000 0.549779 0.000000
vt -6.620000 -0.549779 0.000000
vt -6.500000 -0.549779 0.000000
vt -6.620000 -0.527788 0.000000
vt -6.500000 -0.527788 0.000000
vt -6.500000 -0.505796 0.000000
vt -6.620000 0.505796 0.000000
vt -6.500000 0.505796 0.000000
vt -6.620000 0.483805 0.000000
vt -6.500000 0.483805 0.000000
vt -6.620000 0.461814 0.000000
vt -6.500000 0.461814 0.000000
vt -6.620000 0.439823 0.000000
vt -6.500000 0.439823 0.000000
vt -6.620000 0.417832 0.000000
vt -6.500000 0.417832 0.000000
vt -6.620000 0.395841 0.000000
vt -6.500000 0.395841 0.000000
vt -6.620000 0.373850 0.000000
vt -6.500000 0.373850 0.000000
vt -6.620000 0.351858 0.000000
vt -6.500000 0.351858 0.000000
vt -6.620000 0.329867 0.000000
vt -6.500000 0.329867 0.000000
vt -6.620000 0.307876 0.000000
vt -6.500000 0.307876 0.000000
vt -6.620000 0.285885 0.000000
vt -6.500000 0.285885 0.000000
vt -6.620000 0.263894 0.000000
vt -6.500000 0.263894 0.000000
vt -6.620000 0.241903 0.000000
vt -6.500000 0.241903 0.000000
vt -6.620000 0.219911 0.000000
vt -6.500000 0.219911 0.000000
vt -6.620000 0.197920 0.000000
vt -6.500000 0.197920 0.000000
vt -6.620000 0.175929 0.000000
vt -6.500000 0.175929 0.000000
vt -6.620000 0.153938 0.000000
vt -6.500000 0.153938 0.000000
vt -6.620000 0.131947 0.000000
vt -6.500000 0.131947 0.000000
vt -6.620000 0.109956 0.000000
vt -6.500000 0.109956 0.000000
vt -6.620000 0.087965 0.000000
vt -6.500000 0.087965 0.000000
vt -6.620000 0.065973 0.000000
vt -6.500000 0.065973 0.000000
vt -6.620000 0.043982 0.000000
vt -6.500000 0.043982 0.000000
vt -6.620000 0.021991 0.000000
vt -6.500000 0.021991 0.000000
vt -6.620000 0.000000 0.000000
vt -6.500000 -0.000000 0.000000
vt -6.620000 -0.021991 0.000000
vt -6.500000 -0.021991 0.000000
vt -6.620000 -0.043982 0.000000
vt -6.500000 -0.043982 0.000000
vt -6.620000 -0.065973 0.000000
vt -6.500000 -0.065973 0.000000
vt -6.620000 -0.087965 0.000000
vt -6.500000 -0.087965 0.000000
vt -6.620000 -0.109956 0.000000
vt -6.500000 -0.109956 0.000000
vt -6.620000 -0.131947 0.000000
vt -6.500000 -0.131947 0.000000
vt -6.620000 -0.153938 0.000000
vt -6.500000 -0.153938 0.000000
vt -6.620000 -0.175929 0.000000
vt -6.500000 -0.175929 0.000000
vt -6.620000 -0.197920 0.000000
vt -6.500000 -0.197920 0.000000
vt -6.620000 -0.219911 0.000000
vt -6.500000 -0.219911 0.000000
vt -6.620000 -0.241903 0.000000
vt -6.500000 -0.241903 0.000000
vt -6.620000 -0.263894 0.000000
vt -6.500000 -0.263894 0.000000
vt -6.620000 -0.285885 0.000000
vt -6.500000 -0.285885 0.000000
vt -6.620000 -0.307876 0.000000
vt -6.500000 -0.307876 0.000000
vt -6.620000 -0.329867 0.000000
vt -6.500000 -0.329867 0.000000
vt -6.620000 -0.351858 0.000000
vt -6.500000 -0.351858 0.000000
vt -6.620000 -0.373850 0.000000
vt -6.500000 -0.373850 0.000000
vt -6.620000 -0.395841 0.000000
vt -6.500000 -0.395841 0.000000
vt -6.620000 -0.417832 0.000000
vt -6.500000 -0.417832 0.000000
vt -6.620000 -0.439823 0.000000
vt -6.500000 -0.439823 0.000000
vt -6.620000 -0.461814 0.000000
vt -6.500000 -0.461814 0.000000
vt -6.620000 -0.483805 0.000000
vt -6.500000 -0.483805 0.000000
vt -6.620000 -0.505796 0.000000
vt -0.173620 -0.021933 0.000000
vt 0.173620 -0.021933 0.000000
vt -0.175000 0.000000 0.000000
vt 0.175000 0.000000 0.000000
vt -0.173620 0.021933 0.000000
vt 0.173620 0.021933 0.000000
vt -0.169502 0.043521 0.000000
vt 0.169502 0.043521 0.000000
vt -0.162711 0.064422 0.000000
vt 0.162711 0.064422 0.000000
vt -0.153354 0.084307 0.000000
vt 0.153354 0.084307 0.000000
vt -0.141578 0.102862 0.000000
vt 0.141578 0.102862 0.000000
vt -0.127570 0.119796 0.000000
vt 0.127570 0.119796 0.000000
vt -0.111549 0.134840 0.000000
vt 0.111549 0.134840 0.000000
vt -0.093770 0.147757 0.000000
vt 0.093770 0.147757 0.000000
vt -0.074511 0.158345 0.000000
vt 0.074511 0.158345 0.000000
vt -0.054078 0.166435 0.000000
vt 0.054078 0.166435 0.000000
vt -0.032792 0.171900 0.000000
vt 0.032792 0.171900 0.000000
vt -0.010988 0.174655 0.000000
vt 0.010988 0.174655 0.000000
vt 0.169502 -0.043521 0.000000
vt -0.169502 -0.043521 0.000000
vt 0.162711 -0.064422 0.000000
vt -0.162711 -0.064422 0.000000
vt 0.153354 -0.084307 0.000000
vt -0.153354 -0.084307 0.000000
vt 0.141578 -0.102862 0.000000
vt -0.141578 -0.102862 0.000000
vt 0.127570 -0.119796 0.000000
vt -0.127570 -0.119796 0.000000
vt 0.111549 -0.134840 0.000000
vt -0.111549 -0.134840 0.000000
vt 0.093770 -0.147757 0.000000
vt -0.093770 -0.147757 0.000000
vt 0.074511 -0.158345 0.000000
vt -0.074511 -0.158345 0.000000
vt 0.054078 -0.166435 0.000000
vt -0.054078 -0.166435 0.000000
vt 0.032792 -0.171900 0.000000
vt -0.032792 -0.171900 0.000000
vt 0.010988 -0.174655 0.000000
vt -0.010988 -0.174655 0.000000
vt -6.500000 2.839110 0.000000
vt -5.416667 2.839110 0.000000
vt -6.500000 2.890265 0.000000
vt -5.416667 2.890265 0.000000
vt -6.500000 -2.890265 0.000000
vt -5.416667 -2.890265 0.000000
vt -6.500000 -2.839110 0.000000
vt -5.416667 -2.839110 0.000000
vt -6.500000 -2.787955 0.000000
vt -5.416667 -2.787955 0.000000
vt -6.500000 -2.736800 0.000000
vt -5.416667 -2.736800 0.000000
vt -6.500000 -2.685645 0.000000
vt -5.416667 -2.685645 0.000000
vt -6.500000 -2.634490 0.000000
vt -5.416667 -2.634490 0.000000
vt -6.500000 -2.583334 0.000000
vt -5.416667 -2.583334 0.000000
vt -6.500000 -2.532179 0.000000
vt -5.416667 -2.532179 0.000000
vt -6.500000 -2.481024 0.000000
vt -5.416667 -2.481024 0.000000
vt -6.500000 -2.429869 0.000000
vt -5.416667 -2.429869 0.000000
vt -6.500000 -2.378714 0.000000
vt -5.416667 -2.378714 0.000000
vt -6.500000 -2.327559 0.000000
vt -5.416667 -2.327559 0.000000
vt -6.500000 -2.276404 0.000000
vt -5.416667 -2.276404 0.000000
vt -6.500000 -2.225248 0.000000
vt -5.416667 -2.225248 0.000000
vt -6.500000 -2.174093 0.000000
vt -5.416667 -2.174093 0.000000
vt -6.500000 -2.122938 0.000000
vt -5.416667 -2.122938 0.000000
vt -6.500000 -2.071783 0.000000
vt -5.416667 -2.071783 0.000000
vt -6.500000 -2.020628 0.000000
vt -5.416667 -2.020628 0.000000
vt -6.500000 -1.969473 0.000000
vt -5.416667 -1.969473 0.000000
vt -6.500000 -1.918318 0.000000
vt -5.416667 -1.918318 0.000000
vt -6.500000 -1.867163 0.000000
vt -5.416667 -1.867163 0.000000
vt -6.500000 -1.816007 0.000000
vt -5.416667 -1.816007 0.000000
vt -6.500000 -1.764852 0.000000
vt -5.416667 -1.764852 0.000000
vt -6.500000 -1.713697 0.000000
vt -5.416667 -1.713697 0.000000
vt -6.500000 -1.662542 0.000000
vt -5.416667 -1.662542 0.000000
vt -6.500000 -1.611387 0.000000
vt -5.416667 -1.611387 0.000000
vt -6.500000 -1.560232 0.000000
vt -5.416667 -1.560232 0.000000
vt -6.500000 -1.509077 0.000000
vt -5.416667 -1.509077 0.000000
vt -6.500000 -1.457921 0.000000
vt -5.416667 -1.457921 0.000000
vt -6.500000 -1.406766 0.000000
vt -5.416667 -1.406766 0.000000
vt -6.500000 -1.355611 0.000000
vt -5.416667 -1.355611 0.000000
vt -6.500000 -1.304456 0.000000
vt -5.416667 -1.304456 0.000000
vt -6.500000 -1.253301 0.000000
vt -5.416667 -1.253301 0.000000
vt -6.500000 -1.202146 0.000000
vt -5.416667 -1.202146 0.000000
vt -6.500000 -1.150991 0.000000
vt -5.416667 -1.150991 0.000000
vt -6.500000 -1.099835 0.000000
vt -5.416667 -1.099835 0.000000
vt -6.500000 -1.048680 0.000000
vt -5.416667 -1.048680 0.000000
vt -6.500000 -0.997525 0.000000
vt -5.416667 -0.997525 0.000000
vt -6.500000 -0.946370 0.000000
vt -5.416667 -0.946370 0.000000
vt -6.500000 -0.895215 0.000000
vt -5.416667 -0.895215 0.000000
vt -6.500000 -0.844060 0.000000
vt -5.416667 -0.844060 0.000000
vt -6.500000 -0.792905 0.000000
vt -5.416667 -0.792905 0.000000
vt -6.500000 -0.741749 0.000000
vt -5.416667 -0.741749 0.000000
vt -6.500000 -0.690594 0.000000
vt -5.416667 -0.690594 0.000000
vt -6.500000 -0.639439 0.000000
vt -5.416667 -0.639439 0.000000
vt -6.500000 -0.588284 0.000000
vt -5.416667 -0.588284 0.000000
vt -6.500000 -0.537129 0.000000
vt -5.416667 -0.537129 0.000000
vt -6.500000 -0.485974 0.000000
vt -5.416667 -0.485974 0.000000
vt -6.500000 -0.434819 0.000000
vt -5.416667 -0.434819 0.000000
vt -6.500000 -0.383664 0.000000
vt -5.416667 -0.383664 0.000000
vt -6.500000 -0.332508 0.000000
vt -5.416667 -0.332508 0.000000
vt -6.500000 -0.281353 0.000000
vt -5.416667 -0.281353 0.000000
vt -6.500000 -0.230198 0.000000
vt -5.416667 -0.230198 0.000000
vt -6.500000 -0.179043 0.000000
vt -5.416667 -0.179043 0.000000
vt -6.500000 -0.127888 0.000000
vt -5.416667 -0.127888 0.000000
vt -6.500000 -0.076733 0.000000
vt -5.416667 -0.076733 0.000000
vt -6.500000 -0.025578 0.000000
vt -5.416667 -0.025578 0.000000
vt -6.500000 0.025578 0.000000
vt -5.416667 0.025578 0.000000
vt -6.500000 0.076733 0.000000
vt -5.416667 0.076733 0.000000
vt -6.500000 0.127888 0.000000
vt -5.416667 0.127888 0.000000
vt -6.500000 0.179043 0.000000
vt -5.416667 0.179043 0.000000
vt -6.500000 0.230198 0.000000
vt -5.416667 0.230198 0.000000
vt -6.500000 0.281353 0.000000
vt -5.416667 0.281353 0.000000
vt -6.500000 0.332508 0.000000
vt -5.416667 0.332508 0.000000
vt -6.500000 0.383664 0.000000
vt -5.416667 0.383664 0.000000
vt -6.500000 0.434819 0.000000
vt -5.416667 0.434819 0.000000
vt -6.500000 0.485974 0.000000
vt -5.416667 0.485974 0.000000
vt -6.500000 0.537129 0.000000
vt -5.416667 0.537129 0.000000
vt -6.500000 0.588284 0.000000
vt -5.416667 0.588284 0.000000
vt -6.500000 0.639439 0.000000
vt -5.416667 0.639439 0.000000
vt -6.500000 0.690594 0.000000
vt -5.416667 0.690594 0.000000
vt -6.500000 0.741749 0.000000
vt -5.416667 0.741749 0.000000
vt -6.500000 0.792905 0.000000
vt -5.416667 0.792905 0.000000
vt -6.500000 0.844060 0.000000
vt -5.416667 0.844060 0.000000
vt -6.500000 0.895215 0.000000
vt -5.416667 0.895215 0.000000
vt -6.500000 0.946370 0.000000
vt -5.416667 0.946370 0.000000
vt -6.500000 0.997525 0.000000
vt -5.416667 0.997525 0.000000
vt -6.500000 1.048680 0.000000
vt -5.416667 1.048680 0.000000
vt -6.500000 1.099835 0.000000
vt -5.416667 1.099835 0.000000
vt -6.500000 1.150991 0.000000
vt -5.416667 1.150991 0.000000
vt -6.500000 1.202146 0.000000
vt -5.416667 1.202146 0.000000
vt -6.500000 1.253301 0.000000
vt -5.416667 1.253301 0.000000
vt -6.500000 1.304456 0.000000
vt -5.416667 1.304456 0.000000
vt -6.500000 1.355611 0.000000
vt -5.416667 1.355611 0.000000
vt -6.500000 1.406766 0.000000
vt -5.416667 1.406766 0.000000
vt -6.500000 1.457921 0.000000
vt -5.416667 1.457921 0.000000
vt -6.500000 1.509077 0.000000
vt -5.416667 1.509077 0.000000
vt -6.500000 1.560232 0.000000
vt -5.416667 1.560232 0.000000
vt -6.500000 1.611387 0.000000
vt -5.416667 1.611387 0.000000
vt -6.500000 1.662542 0.000000
vt -5.416667 1.662542 0.000000
vt -6.500000 1.713697 0.000000
vt -5.416667 1.713697 0.000000
vt -6.500000 1.764852 0.000000
vt -5.416667 1.764852 0.000000
vt -6.500000 1.816007 0.000000
vt -5.416667 1.816007 0.000000
vt -6.500000 1.867163 0.000000
vt -5.416667 1.867163 0.000000
vt -6.500000 1.918318 0.000000
vt -5.416667 1.918318 0.000000
vt -6.500000 1.969473 0.000000
vt -5.416667 1.969473 0.000000
vt -6.500000 2.020628 0.000000
vt -5.416667 2.020628 0.000000
vt -6.500000 2.071783 0.000000
vt -5.416667 2.071783 0.000000
vt -6.500000 2.122938 0.000000
vt -5.416667 2.122938 0.000000
vt -6.500000 2.174093 0.000000
vt -5.416667 2.174093 0.000000
vt -6.500000 2.225248 0.000000
vt -5.416667 2.225248 0.000000
vt -6.500000 2.276404 0.000000
vt -5.416667 2.276404 0.000000
vt -6.500000 2.327559 0.000000
vt -5.416667 2.327559 0.000000
vt -6.500000 2.378714 0.000000
vt -5.416667 2.378714 0.000000
vt -6.500000 2.429869 0.000000
vt -5.416667 2.429869 0.000000
vt -6.500000 2.481024 0.000000
vt -5.416667 2.481024 0.000000
vt -6.500000 2.532179 0.000000
vt -5.416667 2.532179 0.000000
vt -6.500000 2.583334 0.000000
vt -5.416667 2.583334 0.000000
vt -6.500000 2.634490 0.000000
vt -5.416667 2.634490 0.000000
vt -6.500000 2.685645 0.000000
vt -5.416667 2.685645 0.000000
vt -6.500000 2.736800 0.000000
vt -5.416667 2.736800 0.000000
vt -6.500000 2.787955 0.000000
vt -5.416667 2.787955 0.000000
vt -0.000000 -2.839110 0.000000
vt -1.083333 -2.839110 0.000000
vt -0.000000 -2.890265 0.000000
vt -1.083333 -2.890265 0.000000
vt -0.000000 2.890265 0.000000
vt -1.083333 2.890265 0.000000
vt -0.000000 2.839110 0.000000
vt -1.083333 2.839110 0.000000
vt -0.000000 2.787955 0.000000
vt -1.083333 2.787955 0.000000
vt -0.000000 2.736800 0.000000
vt -1.083333 2.736800 0.000000
vt -0.000000 2.685645 0.000000
vt -1.083333 2.685645 0.000000
vt -0.000000 2.634490 0.000000
vt -1.083333 2.634490 0.000000
vt -0.000000 2.583334 0.000000
vt -1.083333 2.583334 0.000000
vt -0.000000 2.532179 0.000000
vt -1.083333 2.532179 0.000000
vt -0.000000 2.481024 0.000000
vt -1.083333 2.481024 0.000000
vt -0.000000 2.429869 0.000000
vt -1.083333 2.429869 0.000000
vt -0.000000 2.378714 0.000000
vt -1.083333 2.378714 0.000000
vt -0.000000 2.327559 0.000000
vt -1.083333 2.327559 0.000000
vt -0.000000 2.276404 0.000000
vt -1.083333 2.276404 0.000000
vt -0.000000 2.225248 0.000000
vt -1.083333 2.225248 0.000000
vt -0.000000 2.174093 0.000000
vt -1.083333 2.174093 0.000000
vt -0.000000 2.122938 0.000000
vt -1.083333 2.122938 0.000000
vt -0.000000 2.071783 0.000000
vt -1.083333 2.071783 0.000000
vt -0.000000 2.020628 0.000000
vt -1.083333 2.020628 0.000000
vt 0.000000 1.969473 0.000000
vt -1.083333 1.969473 0.000000
vt 0.000000 1.918318 0.000000
vt -1.083333 1.918318 0.000000
vt 0.000000 1.867163 0.000000
vt -1.083333 1.867163 0.000000
vt 0.000000 1.816007 0.000000
vt -1.083333 1.816007 0.000000
vt 0.000000 1.764852 0.000000
vt -1.083333 1.764852 0.000000
vt 0.000000 1.713697 0.000000
vt -1.083333 1.713697 0.000000
vt 0.000000 1.662542 0.000000
vt -1.083333 1.662542 0.000000
vt 0.000000 1.611387 0.000000
vt -1.083333 1.611387 0.000000
vt 0.000000 1.560232 0.000000
vt -1.083333 1.560232 0.000000
vt 0.000000 1.509077 0.000000
vt -1.083333 1.509077 0.000000
vt 0.000000 1.457921 0.000000
vt -1.083333 1.457921 0.000000
vt -0.000000 1.406766 0.000000
vt -1.083333 1.406766 0.000000
vt -0.000000 1.355611 0.000000
vt -1.083333 1.355611 0.000000
vt -0.000000 1.304456 0.000000
vt -1.083333 1.304456 0.000000
vt -0.000000 1.253301 0.000000
vt -1.083333 1.253301 0.000000
vt -0.000000 1.202146 0.000000
vt -1.083333 1.202146 0.000000
vt -0.000000 1.150991 0.000000
vt -1.083333 1.150991 0.000000
vt -0.000000 1.099835 0.000000
vt -1.083333 1.099835 0.000000
vt -0.000000 1.048680 0.000000
vt -1.083333 1.048680 0.000000
vt -0.000000 0.997525 0.000000
vt -1.083333 0.997525 0.000000
vt -0.000000 0.946370 0.000000
vt -1.083333 0.946370 0.000000
vt 0.000000 0.895215 0.000000
vt -1.083333 0.895215 0.000000
vt 0.000000 0.844060 0.000000
vt -1.083333 0.844060 0.000000
vt 0.000000 0.792905 0.000000
vt -1.083333 0.792905 0.000000
vt 0.000000 0.741749 0.000000
vt -1.083333 0.741749 0.000000
vt 0.000000 0.690594 0.000000
vt -1.083333 0.690594 0.000000
vt 0.000000 0.639439 0.000000
vt -1.083333 0.639439 0.000000
vt 0.000000 0.588284 0.000000
vt -1.083333 0.588284 0.000000
vt 0.000000 0.537129 0.000000
vt -1.083333 0.537129 0.000000
vt 0.000000 0.485974 0.000000
vt -1.083333 0.485974 0.000000
vt 0.000000 0.434819 0.000000
vt -1.083333 0.434819 0.000000
vt 0.000000 0.383664 0.000000
vt -1.083333 0.383664 0.000000
vt 0.000000 0.332508 0.000000
vt -1.083333 0.332508 0.000000
vt 0.000000 0.281353 0.000000
vt -1.083333 0.281353 0.000000
vt 0.000000 0.230198 0.000000
vt -1.083333 0.230198 0.000000
vt 0.000000 0.179043 0.000000
vt -1.083333 0.179043 0.000000
vt 0.000000 0.127888 0.000000
vt -1.083333 0.127888 0.000000
vt 0.000000 0.076733 0.000000
vt -1.083333 0.076733 0.000000
vt 0.000000 0.025578 0.000000
vt -1.083333 0.025578 0.000000
vt 0.000000 -0.025578 0.000000
vt -1.083333 -0.025578 0.000000
vt 0.000000 -0.076733 0.000000
vt -1.083333 -0.076733 0.000000
vt 0.000000 -0.127888 0.000000
vt -1.083333 -0.127888 0.000000
vt 0.000000 -0.179043 0.000000
vt -1.083333 -0.179043 0.000000
vt 0.000000 -0.230198 0.000000
vt -1.083333 -0.230198 0.000000
vt 0.000000 -0.281353 0.000000
vt -1.083333 -0.281353 0.000000
vt 0.000000 -0.332508 0.000000
vt -1.083333 -0.332508 0.000000
vt 0.000000 -0.383664 0.000000
vt -1.083333 -0.383664 0.000000
vt 0.000000 -0.434819 0.000000
vt -1.083333 -0.434819 0.000000
vt 0.000000 -0.485974 0.000000
vt -1.083333 -0.485974 0.000000
vt 0.000000 -0.537129 0.000000
vt -1.083333 -0.537129 0.000000
vt 0.000000 -0.588284 0.000000
vt -1.083333 -0.588284 0.000000
vt 0.000000 -0.639439 0.000000
vt -1.083333 -0.639439 0.000000
vt 0.000000 -0.690594 0.000000
vt -1.083333 -0.690594 0.000000
vt 0.000000 -0.741749 0.000000
vt -1.083333 -0.741749 0.000000
vt 0.000000 -0.792905 0.000000
vt -1.083333 -0.792905 0.000000
vt 0.000000 -0.844060 0.000000
vt -1.083333 -0.844060 0.000000
vt 0.000000 -0.895215 0.000000
vt -1.083333 -0.895215 0.000000
vt -0.000000 -0.946370 0.000000
vt -1.083333 -0.946370 0.000000
vt -0.000000 -0.997525 0.000000
vt -1.083333 -0.997525 0.000000
vt -0.000000 -1.048680 0.000000
vt -1.083333 -1.048680 0.000000
vt -0.000000 -1.099835 0.000000
vt -1.083333 -1.099835 0.000000
vt -0.000000 -1.150991 0.000000
vt -1.083333 -1.150991 0.000000
vt -0.000000 -1.202146 0.000000
vt -1.083333 -1.202146 0.000000
vt -0.000000 -1.253301 0.000000
vt -1.083333 -1.253301 0.000000
vt -0.000000 -1.304456 0.000000
vt -1.083333 -1.304456 0.000000
vt -0.000000 -1.355611 0.000000
vt -1.083333 -1.355611 0.000000
vt -0.000000 -1.406766 0.000000
vt -1.083333 -1.406766 0.000000
vt 0.000000 -1.457921 0.000000
vt -1.083333 -1.457921 0.000000
vt 0.000000 -1.509077 0.000000
vt -1.083333 -1.509077 0.000000
vt 0.000000 -1.560232 0.000000
vt -1.083333 -1.560232 0.000000
vt 0.000000 -1.611387 0.000000
vt -1.083333 -1.611387 0.000000
vt 0.000000 -1.662542 0.000000
vt -1.083333 -1.662542 0.000000
vt 0.000000 -1.713697 0.000000
vt -1.083333 -1.713697 0.000000
vt 0.000000 -1.764852 0.000000
vt -1.083333 -1.764852 0.000000
vt 0.000000 -1.816007 0.000000
vt -1.083333 -1.816007 0.000000
vt 0.000000 -1.867163 0.000000
vt -1.083333 -1.867163 0.000000
vt 0.000000 -1.918318 0.000000
vt -1.083333 -1.918318 0.000000
vt 0.000000 -1.969473 0.000000
vt -1.083333 -1.969473 0.000000
vt -0.000000 -2.020628 0.000000
vt -1.083333 -2.020628 0.000000
vt -0.000000 -2.071783 0.000000
vt -1.083333 -2.071783 0.000000
vt -0.000000 -2.122938 0.000000
vt -1.083333 -2.122938 0.000000
vt -0.000000 -2.174093 0.000000
vt -1.083333 -2.174093 0.000000
vt -0.000000 -2.225248 0.000000
vt -1.083333 -2.225248 0.000000
vt -0.000000 -2.276404 0.000000
vt -1.083333 -2.276404 0.000000
vt -0.000000 -2.327559 0.000000
vt -1.083333 -2.327559 0.000000
vt -0.000000 -2.378714 0.000000
vt -1.083333 -2.378714 0.000000
vt -0.000000 -2.429869 0.000000
vt -1.083333 -2.429869 0.000000
vt -0.000000 -2.481024 0.000000
vt -1.083333 -2.481024 0.000000
vt -0.000000 -2.532179 0.000000
vt -1.083333 -2.532179 0.000000
vt -0.000000 -2.583334 0.000000
vt -1.083333 -2.583334 0.000000
vt -0.000000 -2.634490 0.000000
vt -1.083333 -2.634490 0.000000
vt -0.000000 -2.685645 0.000000
vt -1.083333 -2.685645 0.000000
vt -0.000000 -2.736800 0.000000
vt -1.083333 -2.736800 0.000000
vt -0.000000 -2.787955 0.000000
vt -1.083333 -2.787955 0.000000
vt -4.333333 -2.890265 0.000000
vt -4.333333 -2.839110 0.000000
vt -4.333333 -2.787955 0.000000
vt -4.333333 -2.736800 0.000000
vt -4.333333 -2.685645 0.000000
vt -4.333333 -2.634490 0.000000
vt -4.333333 -2.583334 0.000000
vt -4.333333 -2.532179 0.000000
vt -4.333333 -2.481024 0.000000
vt -4.333333 -2.429869 0.000000
vt -4.333333 -2.378714 0.000000
vt -4.333333 -2.327559 0.000000
vt -4.333333 -2.276404 0.000000
vt -4.333333 -2.225248 0.000000
vt -4.333333 -2.174093 0.000000
vt -4.333333 -2.122938 0.000000
vt -4.333333 -2.071783 0.000000
vt -4.333333 -2.020628 0.000000
vt -4.333333 -1.969473 0.000000
vt -4.333333 -1.918318 0.000000
vt -4.333333 -1.867163 0.000000
vt -4.333333 -1.816007 0.000000
vt -4.333333 -1.764852 0.000000
vt -4.333333 -1.713697 0.000000
vt -4.333333 -1.662542 0.000000
vt -4.333333 -1.611387 0.000000
vt -4.333333 -1.560232 0.000000
vt -4.333333 -1.509077 0.000000
vt -4.333333 -1.457921 0.000000
vt -4.333333 -1.406766 0.000000
vt -4.333333 -1.355611 0.000000
vt -4.333333 -1.304456 0.000000
vt -4.333333 -1.253301 0.000000
vt -4.333333 -1.202146 0.000000
vt -4.333333 -1.150991 0.000000
vt -4.333333 -1.099835 0.000000
vt -4.333333 -1.048680 0.000000
vt -4.333333 -0.997525 0.000000
vt -4.333333 -0.946370 0.000000
vt -4.333333 -0.895215 0.000000
vt -4.333333 -0.844060 0.000000
vt -4.333333 -0.792905 0.000000
vt -4.333333 -0.741749 0.000000
vt -4.333333 -0.690594 0.000000
vt -4.333333 -0.639439 0.000000
vt -4.333333 -0.588284 0.000000
vt -4.333333 -0.537129 0.000000
vt -4.333333 -0.485974 0.000000
vt -4.333333 -0.434819 0.000000
vt -4.333333 -0.383664 0.000000
vt -4.333333 -0.332508 0.000000
vt -4.333333 -0.281353 0.000000
vt -4.333333 -0.230198 0.000000
vt -4.333333 -0.179043 0.000000
vt -4.333333 -0.127888 0.000000
vt -4.333333 -0.076733 0.000000
vt -4.333333 -0.025578 0.000000
vt -4.333333 0.025578 0.000000
vt -4.333333 0.076733 0.000000
vt -4.333333 0.127888 0.000000
vt -4.333333 0.179043 0.000000
vt -4.333333 0.230198 0.000000
vt -4.333333 0.281353 0.000000
vt -4.333333 0.332508 0.000000
vt -4.333333 0.383664 0.000000
vt -4.333333 0.434819 0.000000
vt -4.333333 0.485974 0.000000
vt -4.333333 0.537129 0.000000
vt -4.333333 0.588284 0.000000
vt -4.333333 0.639439 0.000000
vt -4.333333 0.690594 0.000000
vt -4.333333 0.741749 0.000000
vt -4.333333 0.792905 0.000000
vt -4.333333 0.844060 0.000000
vt -4.333333 0.895215 0.000000
vt -4.333333 0.946370 0.000000
vt -4.333333 0.997525 0.000000
vt -4.333333 1.048680 0.000000
vt -4.333333 1.099835 0.000000
vt -4.333333 1.150991 0.000000
vt -4.333333 1.202146 0.000000
vt -4.333333 1.253301 0.000000
vt -4.333333 1.304456 0.000000
vt -4.333333 1.355611 0.000000
vt -4.333333 1.406766 0.000000
vt -4.333333 1.457921 0.000000
vt -4.333333 1.509077 0.000000
vt -4.333333 1.560232 0.000000
vt -4.333333 1.611387 0.000000
vt -4.333333 1.662542 0.000000
vt -4.333333 1.713697 0.000000
vt -4.333333 1.764852 0.000000
vt -4.333333 1.816007 0.000000
vt -4.333333 1.867163 0.000000
vt -4.333333 1.918318 0.000000
vt -4.333333 1.969473 0.000000
vt -4.333333 2.020628 0.000000
vt -4.333333 2.071783 0.000000
vt -4.333333 2.122938 0.000000
vt -4.333333 2.174093 0.000000
vt -4.333333 2.225248 0.000000
vt -4.333333 2.276404 0.000000
vt -4.333333 2.327559 0.000000
vt -4.333333 2.378714 0.000000
vt -4.333333 2.429869 0.000000
vt -4.333333 2.481024 0.000000
vt -4.333333 2.532179 0.000000
vt -4.333333 2.583334 0.000000
vt -4.333333 2.634490 0.000000
vt -4.333333 2.685645 0.000000
vt -4.333333 2.736800 0.000000
vt -4.333333 2.787955 0.000000
vt -4.333333 2.839110 0.000000
vt -4.333333 2.890265 0.000000
vt -3.250000 -2.890265 0.000000
vt -3.250000 -2.839110 0.000000
vt -3.250000 -2.787955 0.000000
vt -3.250000 -2.736800 0.000000
vt -3.250000 -2.685645 0.000000
vt -3.250000 -2.634490 0.000000
vt -3.250000 -2.583334 0.000000
vt -3.250000 -2.532179 0.000000
vt -3.250000 -2.481024 0.000000
vt -3.250000 -2.429869 0.000000
vt -3.250000 -2.378714 0.000000
vt -3.250000 -2.327559 0.000000
vt -3.250000 -2.276404 0.000000
vt -3.250000 -2.225248 0.000000
vt -3.250000 -2.174093 0.000000
vt -3.250000 -2.122938 0.000000
vt -3.250000 -2.071783 0.000000
vt -3.250000 -2.020628 0.000000
vt -3.250000 -1.969473 0.000000
vt -3.250000 -1.918318 0.000000
vt -3.250000 -1.867163 0.000000
vt -3.250000 -1.816007 0.000000
vt -3.250000 -1.764852 0.000000
vt -3.250000 -1.713697 0.000000
vt -3.250000 -1.662542 0.000000
vt -3.250000 -1.611387 0.000000
vt -3.250000 -1.560232 0.000000
vt -3.250000 -1.509077 0.000000
vt -3.250000 -1.457921 0.000000
vt -3.250000 -1.406766 0.000000
vt -3.250000 -1.355611 0.000000
vt -3.250000 -1.304456 0.000000
vt -3.250000 -1.253301 0.000000
vt -3.250000 -1.202146 0.000000
vt -3.250000 -1.150991 0.000000
vt -3.250000 -1.099835 0.000000
vt -3.250000 -1.048680 0.000000
vt -3.250000 -0.997525 0.000000
vt -3.250000 -0.946370 0.000000
vt -3.250000 -0.895215 0.000000
vt -3.250000 -0.844060 0.000000
vt -3.250000 -0.792905 0.000000
vt -3.250000 -0.741749 0.000000
vt -3.250000 -0.690594 0.000000
vt -3.250000 -0.639439 0.000000
vt -3.250000 -0.588284 0.000000
vt -3.250000 -0.537129 0.000000
vt -3.250000 -0.485974 0.000000
vt -3.250000 -0.434819 0.000000
vt -3.250000 -0.383664 0.000000
vt -3.250000 -0.332508 0.000000
vt -3.250000 -0.281353 0.000000
vt -3.250000 -0.230198 0.000000
vt -3.250000 -0.179043 0.000000
vt -3.250000 -0.127888 0.000000
vt -3.250000 -0.076733 0.000000
vt -3.250000 -0.025578 0.000000
vt -3.250000 0.025578 0.000000
vt -3.250000 0.076733 0.000000
vt -3.250000 0.127888 0.000000
vt -3.250000 0.179043 0.000000
vt -3.250000 0.230198 0.000000
vt -3.250000 0.281353 0.000000
vt -3.250000 0.332508 0.000000
vt -3.250000 0.383664 0.000000
vt -3.250000 0.434819 0.000000
vt -3.250000 0.485974 0.000000
vt -3.250000 0.537129 0.000000
vt -3.250000 0.588284 0.000000
vt -3.250000 0.639439 0.000000
vt -3.250000 0.690594 0.000000
vt -3.250000 0.741749 0.000000
vt -3.250000 0.792905 0.000000
vt -3.250000 0.844060 0.000000
vt -3.250000 0.895215 0.000000
vt -3.250000 0.946370 0.000000
vt -3.250000 0.997525 0.000000
vt -3.250000 1.048680 0.000000
vt -3.250000 1.099835 0.000000
vt -3.250000 1.150991 0.000000
vt -3.250000 1.202146 0.000000
vt -3.250000 1.253301 0.000000
vt -3.250000 1.304456 0.000000
vt -3.250000 1.355611 0.000000
vt -3.250000 1.406766 0.000000
vt -3.250000 1.457921 0.000000
vt -3.250000 1.509077 0.000000
vt -3.250000 1.560232 0.000000
vt -3.250000 1.611387 0.000000
vt -3.250000 1.662542 0.000000
vt -3.250000 1.713697 0.000000
vt -3.250000 1.764852 0.000000
vt -3.250000 1.816007 0.000000
vt -3.250000 1.867163 0.000000
vt -3.250000 1.918318 0.000000
vt -3.250000 1.969473 0.000000
vt -3.250000 2.020628 0.000000
vt -3.250000 2.071783 0.000000
vt -3.250000 2.122938 0.000000
vt -3.250000 2.174093 0.000000
vt -3.250000 2.225248 0.000000
vt -3.250000 2.276404 0.000000
vt -3.250000 2.327559 0.000000
vt -3.250000 2.378714 0.000000
vt -3.250000 2.429869 0.000000
vt -3.250000 2.481024 0.000000
vt -3.250000 2.532179 0.000000
vt -3.250000 2.583334 0.000000
vt -3.250000 2.634490 0.000000
vt -3.250000 2.685645 0.000000
vt -3.250000 2.736800 0.000000
vt -3.250000 2.787955 0.000000
vt -3.250000 2.839110 0.000000
vt -3.250000 2.890265 0.000000
vt -2.166667 -2.890265 0.000000
vt -2.166667 -2.839110 0.000000
vt -2.166667 -2.787955 0.000000
vt -2.166667 -2.736800 0.000000
vt -2.166667 -2.685645 0.000000
vt -2.166667 -2.634490 0.000000
vt -2.166667 -2.583334 0.000000
vt -2.166667 -2.532179 0.000000
vt -2.166667 -2.481024 0.000000
vt -2.166667 -2.429869 0.000000
vt -2.166667 -2.378714 0.000000
vt -2.166667 -2.327559 0.000000
vt -2.166667 -2.276404 0.000000
vt -2.166667 -2.225248 0.000000
vt -2.166667 -2.174093 0.000000
vt -2.166667 -2.122938 0.000000
vt -2.166667 -2.071783 0.000000
vt -2.166667 -2.020628 0.000000
vt -2.166667 -1.969473 0.000000
vt -2.166667 -1.918318 0.000000
vt -2.166667 -1.867163 0.000000
vt -2.166667 -1.816007 0.000000
vt -2.166667 -1.764852 0.000000
vt -2.166667 -1.713697 0.000000
vt -2.166667 -1.662542 0.000000
vt -2.166667 -1.611387 0.000000
vt -2.166667 -1.560232 0.000000
vt -2.166667 -1.509077 0.000000
vt -2.166667 -1.457921 0.000000
vt -2.166667 -1.406766 0.000000
vt -2.166667 -1.355611 0.000000
vt -2.166667 -1.304456 0.000000
vt -2.166667 -1.253301 0.000000
vt -2.166667 -1.202146 0.000000
vt -2.166667 -1.150991 0.000000
vt -2.166667 -1.099835 0.000000
vt -2.166667 -1.048680 0.000000
vt -2.166667 -0.997525 0.000000
vt -2.166667 -0.946370 0.000000
vt -2.166667 -0.895215 0.000000
vt -2.166667 -0.844060 0.000000
vt -2.166667 -0.792905 0.000000
vt -2.166667 -0.741749 0.000000
vt -2.166667 -0.690594 0.000000
vt -2.166667 -0.639439 0.000000
vt -2.166667 -0.588284 0.000000
vt -2.166667 -0.537129 0.000000
vt -2.166667 -0.485974 0.000000
vt -2.166667 -0.434819 0.000000
vt -2.166667 -0.383664 0.000000
vt -2.166667 -0.332508 0.000000
vt -2.166667 -0.281353 0.000000
vt -2.166667 -0.230198 0.000000
vt -2.166667 -0.179043 0.000000
vt -2.166667 -0.127888 0.000000
vt -2.166667 -0.076733 0.000000
vt -2.166667 -0.025578 0.000000
vt -2.166667 0.025578 0.000000
vt -2.166667 0.076733 0.000000
vt -2.166667 0.127888 0.000000
vt -2.166667 0.179043 0.000000
vt -2.166667 0.230198 0.000000
vt -2.166667 0.281353 0.000000
vt -2.166667 0.332508 0.000000
vt -2.166667 0.383664 0.000000
vt -2.166667 0.434819 0.000000
vt -2.166667 0.485974 0.000000
vt -2.166667 0.537129 0.000000
vt -2.166667 0.588284 0.000000
vt -2.166667 0.639439 0.000000
vt -2.166667 0.690594 0.000000
vt -2.166667 0.741749 0.000000
vt -2.166667 0.792905 0.000000
vt -2.166667 0.844060 0.000000
vt -2.166667 0.895215 0.000000
vt -2.166667 0.946370 0.000000
vt -2.166667 0.997525 0.000000
vt -2.166667 1.048680 0.000000
vt -2.166667 1.099835 0.000000
vt -2.166667 1.150991 0.000000
vt -2.166667 1.202146 0.000000
vt -2.166667 1.253301 0.000000
vt -2.166667 1.304456 0.000000
vt -2.166667 1.355611 0.000000
vt -2.166667 1.406766 0.000000
vt -2.166667 1.457921 0.000000
vt -2.166667 1.509077 0.000000
vt -2.166667 1.560232 0.000000
vt -2.166667 1.611387 0.000000
vt -2.166667 1.662542 0.000000
vt -2.166667 1.713697 0.000000
vt -2.166667 1.764852 0.000000
vt -2.166667 1.816007 0.000000
vt -2.166667 1.867163 0.000000
vt -2.166667 1.918318 0.000000
vt -2.166667 1.969473 0.000000
vt -2.166667 2.020628 0.000000
vt -2.166667 2.071783 0.000000
vt -2.166667 2.122938 0.000000
vt -2.166667 2.174093 0.000000
vt -2.166667 2.225248 0.000000
vt -2.166667 2.276404 0.000000
vt -2.166667 2.327559 0.000000
vt -2.166667 2.378714 0.000000
vt -2.166667 2.429869 0.000000
vt -2.166667 2.481024 0.000000
vt -2.166667 2.532179 0.000000
vt -2.166667 2.583334 0.000000
vt -2.166667 2.634490 0.000000
vt -2.166667 2.685645 0.000000
vt -2.166667 2.736800 0.000000
vt -2.166667 2.787955 0.000000
vt -2.166667 2.839110 0.000000
vt -2.166667 2.890265 0.000000
vt -0.173620 -0.021933 0.000000
vt -0.175000 0.000000 0.000000
vt -0.920000 0.000000 0.000000
vt -0.173620 0.021933 0.000000
vt -0.169502 0.043521 0.000000
vt -0.918578 0.051129 0.000000
vt -0.162711 0.064422 0.000000
vt -0.153354 0.084307 0.000000
vt -0.914317 0.102100 0.000000
vt -0.141578 0.102862 0.000000
vt -0.127570 0.119796 0.000000
vt -0.111549 0.134840 0.000000
vt -0.093770 0.147757 0.000000
vt -0.907230 0.152755 0.000000
vt -0.074511 0.158345 0.000000
vt -0.054078 0.166435 0.000000
vt -0.032792 0.171900 0.000000
vt -0.010988 0.174655 0.000000
vt -0.897338 0.202938 0.000000
vt -0.884673 0.252493 0.000000
vt -0.869274 0.301269 0.000000
vt -0.851188 0.349113 0.000000
vt -0.830470 0.395878 0.000000
vt -0.807186 0.441419 0.000000
vt -0.781407 0.485596 0.000000
vt -0.753212 0.528272 0.000000
vt -0.722689 0.569315 0.000000
vt -0.689933 0.608599 0.000000
vt -0.655044 0.646001 0.000000
vt -0.618130 0.681407 0.000000
vt -0.579306 0.714706 0.000000
vt -0.538691 0.745796 0.000000
vt -0.496411 0.774581 0.000000
vt 0.902633 0.177915 0.000000
vt -0.452597 0.800972 0.000000
vt -0.407383 0.824887 0.000000
vt -0.360911 0.846253 0.000000
vt -0.313323 0.865002 0.000000
vt -0.264766 0.881078 0.000000
vt -0.215391 0.894431 0.000000
vt -0.165351 0.905019 0.000000
vt -0.114799 0.912809 0.000000
vt -0.063892 0.917779 0.000000
vt -0.012788 0.919911 0.000000
vt 0.038355 0.919200 0.000000
vt 0.089380 0.915648 0.000000
vt 0.140129 0.909266 0.000000
vt 0.190445 0.900073 0.000000
vt 0.240172 0.888098 0.000000
vt 0.289156 0.873378 0.000000
vt 0.337247 0.855958 0.000000
vt 0.384296 0.835893 0.000000
vt 0.430156 0.813244 0.000000
vt 0.474687 0.788081 0.000000
vt 0.517751 0.760483 0.000000
vt 0.559215 0.730533 0.000000
vt 0.598950 0.698326 0.000000
vt 0.636833 0.663960 0.000000
vt 0.672748 0.627542 0.000000
vt 0.706584 0.589185 0.000000
vt 0.738236 0.549006 0.000000
vt 0.767606 0.507130 0.000000
vt 0.794603 0.463687 0.000000
vt 0.819145 0.418810 0.000000
vt 0.841154 0.372639 0.000000
vt 0.860563 0.325316 0.000000
vt 0.877313 0.276988 0.000000
vt 0.891350 0.227804 0.000000
vt 0.010988 0.174655 0.000000
vt 0.032792 0.171900 0.000000
vt 0.054078 0.166435 0.000000
vt 0.074511 0.158345 0.000000
vt 0.093770 0.147757 0.000000
vt 0.111549 0.134840 0.000000
vt 0.127570 0.119796 0.000000
vt 0.141578 0.102862 0.000000
vt 0.153354 0.084307 0.000000
vt 0.162711 0.064422 0.000000
vt 0.169502 0.043521 0.000000
vt 0.173620 0.021933 0.000000
vt 0.175000 -0.000000 0.000000
vt 0.916802 0.076644 0.000000
vt 0.911126 0.127476 0.000000
vt 0.173620 -0.021933 0.000000
vt 0.916802 -0.076644 0.000000
vt 0.919644 -0.025574 0.000000
vt 0.919644 0.025574 0.000000
vt 0.169502 -0.043521 0.000000
vt 0.902633 -0.177915 0.000000
vt 0.911126 -0.127476 0.000000
vt 0.162711 -0.064422 0.000000
vt 0.153354 -0.084307 0.000000
vt 0.141578 -0.102862 0.000000
vt 0.127570 -0.119796 0.000000
vt 0.111549 -0.134840 0.000000
vt 0.093770 -0.147757 0.000000
vt 0.074511 -0.158345 0.000000
vt 0.054078 -0.166435 0.000000
vt 0.032792 -0.171900 0.000000
vt 0.010988 -0.174655 0.000000
vt -0.010988 -0.174655 0.000000
vt -0.897338 -0.202938 0.000000
vt -0.032792 -0.171900 0.000000
vt -0.054078 -0.166435 0.000000
vt -0.074511 -0.158345 0.000000
vt -0.907230 -0.152755 0.000000
vt -0.093770 -0.147757 0.000000
vt -0.111549 -0.134840 0.000000
vt -0.127570 -0.119796 0.000000
vt -0.141578 -0.102862 0.000000
vt -0.914317 -0.102100 0.000000
vt -0.153354 -0.084307 0.000000
vt -0.162711 -0.064422 0.000000
vt -0.918578 -0.051129 0.000000
vt -0.169502 -0.043521 0.000000
vt 0.891350 -0.227804 0.000000
vt -0.884673 -0.252493 0.000000
vt 0.877313 -0.276988 0.000000
vt -0.869274 -0.301269 0.000000
vt 0.860563 -0.325316 0.000000
vt -0.851188 -0.349113 0.000000
vt 0.841154 -0.372639 0.000000
vt -0.830470 -0.395878 0.000000
vt 0.819145 -0.418810 0.000000
vt -0.807186 -0.441419 0.000000
vt 0.794603 -0.463687 0.000000
vt -0.781407 -0.485596 0.000000
vt 0.767606 -0.507130 0.000000
vt -0.753212 -0.528272 0.000000
vt 0.738236 -0.549006 0.000000
vt -0.722689 -0.569315 0.000000
vt 0.706584 -0.589185 0.000000
vt -0.689933 -0.608599 0.000000
vt 0.672748 -0.627542 0.000000
vt -0.655044 -0.646001 0.000000
vt 0.636833 -0.663960 0.000000
vt -0.618130 -0.681407 0.000000
vt 0.598950 -0.698326 0.000000
vt -0.579306 -0.714706 0.000000
vt 0.559215 -0.730533 0.000000
vt -0.538691 -0.745796 0.000000
vt 0.517751 -0.760483 0.000000
vt -0.496411 -0.774581 0.000000
vt 0.474687 -0.788081 0.000000
vt -0.452597 -0.800972 0.000000
vt 0.430156 -0.813244 0.000000
vt -0.407383 -0.824887 0.000000
vt 0.384296 -0.835893 0.000000
vt -0.360911 -0.846253 0.000000
vt 0.337247 -0.855958 0.000000
vt -0.313323 -0.865002 0.000000
vt 0.289156 -0.873378 0.000000
vt -0.264766 -0.881078 0.000000
vt 0.240172 -0.888098 0.000000
vt -0.215391 -0.894431 0.000000
vt 0.190445 -0.900073 0.000000
vt -0.165351 -0.905019 0.000000
vt 0.140129 -0.909266 0.000000
vt -0.114799 -0.912809 0.000000
vt 0.089380 -0.915648 0.000000
vt -0.063892 -0.917779 0.000000
vt 0.038355 -0.919200 0.000000
vt -0.012788 -0.919911 0.000000
vt 0.918578 0.051129 0.000000
vt -0.919644 0.025574 0.000000
vt 0.920000 0.000000 0.000000
vt -0.919644 -0.025574 0.000000
vt 0.918578 -0.051129 0.000000
vt -0.916802 -0.076644 0.000000
vt 0.914317 -0.102100 0.000000
vt -0.911126 -0.127476 0.000000
vt 0.907230 -0.152755 0.000000
vt -0.902633 -0.177915 0.000000
vt 0.897338 -0.202938 0.000000
vt -0.891350 -0.227804 0.000000
vt 0.884673 -0.252493 0.000000
vt -0.877313 -0.276988 0.000000
vt 0.869274 -0.301269 0.000000
vt -0.860563 -0.325316 0.000000
vt 0.851188 -0.349113 0.000000
vt -0.841154 -0.372639 0.000000
vt 0.830470 -0.395878 0.000000
vt -0.819145 -0.418810 0.000000
vt 0.807186 -0.441419 0.000000
vt -0.794603 -0.463687 0.000000
vt 0.781407 -0.485596 0.000000
vt -0.767606 -0.507130 0.000000
vt 0.753212 -0.528272 0.000000
vt -0.738236 -0.549006 0.000000
vt 0.722689 -0.569315 0.000000
vt -0.706584 -0.589185 0.000000
vt 0.689933 -0.608599 0.000000
vt -0.672748 -0.627542 0.000000
vt 0.655044 -0.646001 0.000000
vt -0.636833 -0.663960 0.000000
vt 0.618130 -0.681407 0.000000
vt -0.598950 -0.698326 0.000000
vt 0.579306 -0.714706 0.000000
vt -0.559215 -0.730533 0.000000
vt 0.538691 -0.745796 0.000000
vt -0.517751 -0.760483 0.000000
vt 0.496411 -0.774581 0.000000
vt -0.474687 -0.788081 0.000000
vt 0.452597 -0.800972 0.000000
vt -0.430156 -0.813244 0.000000
vt 0.407383 -0.824887 0.000000
vt -0.384296 -0.835893 0.000000
vt 0.360911 -0.846253 0.000000
vt -0.337247 -0.855958 0.000000
vt 0.313323 -0.865002 0.000000
vt -0.289156 -0.873378 0.000000
vt 0.264766 -0.881078 0.000000
vt -0.240172 -0.888098 0.000000
vt 0.215391 -0.894431 0.000000
vt -0.190445 -0.900073 0.000000
vt 0.165351 -0.905019 0.000000
vt -0.140129 -0.909266 0.000000
vt 0.114799 -0.912809 0.000000
vt -0.089380 -0.915648 0.000000
vt 0.063892 -0.917779 0.000000
vt -0.038355 -0.919200 0.000000
vt 0.012788 -0.919911 0.000000
vt -0.916802 0.076644 0.000000
vt 0.914317 0.102100 0.000000
vt -0.911126 0.127476 0.000000
vt 0.907230 0.152755 0.000000
vt -0.902633 0.177915 0.000000
vt 0.897338 0.202938 0.000000
vt -0.891350 0.227804 0.000000
vt 0.884673 0.252493 0.000000
vt -0.877313 0.276988 0.000000
vt 0.869274 0.301269 0.000000
vt -0.860563 0.325316 0.000000
vt 0.851188 0.349113 0.000000
vt 0.830470 0.395878 0.000000
vt 0.807186 0.441419 0.000000
vt 0.781407 0.485596 0.000000
vt 0.753212 0.528272 0.000000
vt 0.722689 0.569315 0.000000
vt 0.689933 0.608599 0.000000
vt 0.655044 0.646001 0.000000
vt 0.618130 0.681407 0.000000
vt 0.579306 0.714706 0.000000
vt 0.538691 0.745796 0.000000
vt 0.496411 0.774581 0.000000
vt 0.452597 0.800972 0.000000
vt 0.407383 0.824887 0.000000
vt 0.360911 0.846253 0.000000
vt 0.313323 0.865002 0.000000
vt 0.264766 0.881078 0.000000
vt 0.215391 0.894431 0.000000
vt 0.165351 0.905019 0.000000
vt 0.114799 0.912809 0.000000
vt 0.063892 0.917779 0.000000
vt 0.012788 0.919911 0.000000
vt -0.038355 0.919200 0.000000
vt -0.089380 0.915648 0.000000
vt -0.140129 0.909266 0.000000
vt -0.190445 0.900073 0.000000
vt -0.240172 0.888098 0.000000
vt -0.289156 0.873378 0.000000
vt -0.337247 0.855958 0.000000
vt -0.384296 0.835893 0.000000
vt -0.430156 0.813244 0.000000
vt -0.474687 0.788081 0.000000
vt -0.517751 0.760483 0.000000
vt -0.559215 0.730533 0.000000
vt -0.598950 0.698326 0.000000
vt -0.636833 0.663960 0.000000
vt -0.672748 0.627542 0.000000
vt -0.706584 0.589185 0.000000
vt -0.738236 0.549006 0.000000
vt -0.767606 0.507130 0.000000
vt -0.794603 0.463687 0.000000
vt -0.819145 0.418810 0.000000
vt -0.841154 0.372639 0.000000
vn -0.000000 0.012533 -0.099211
vn -0.000000 0.012533 -0.099211
vn -0.000000 0.000000 -0.100000
vn -0.000000 0.000000 -0.100000
vn -0.000000 -0.012533 -0.099211
vn -0.000000 -0.012533 -0.099211
vn -0.000000 -0.024869 -0.096858
vn -0.000000 0.024869 -0.096858
vn -0.000000 0.024869 -0.096858
vn -0.000000 0.036812 -0.092978
vn -0.000000 0.036812 -0.092978
vn -0.000000 0.048175 -0.087631
vn -0.000000 0.048175 -0.087631
vn -0.000000 0.058779 -0.080902
vn -0.000000 0.058779 -0.080902
vn -0.000000 0.068455 -0.072897
vn -0.000000 0.068455 -0.072897
vn -0.000000 0.077051 -0.063742
vn -0.000000 0.077051 -0.063742
vn -0.000000 0.084433 -0.053583
vn -0.000000 0.084433 -0.053583
vn -0.000000 0.090483 -0.042578
vn -0.000000 0.090483 -0.042578
vn -0.000000 0.095106 -0.030902
vn -0.000000 0.095106 -0.030902
vn -0.000000 0.098229 -0.018738
vn -0.000000 0.098229 -0.018738
vn -0.000000 0.099803 -0.006279
vn -0.000000 0.099803 -0.006279
vn 0.000000 0.099803 0.006279
vn 0.000000 0.099803 0.006279
vn 0.000000 0.098229 0.018738
vn 0.000000 0.098229 0.018738
vn 0.000000 0.095106 0.030902
vn 0.000000 0.095106 0.030902
vn 0.000000 0.090483 0.042578
vn 0.000000 0.090483 0.042578
vn 0.000000 0.084433 0.053583
vn 0.000000 0.084433 0.053583
vn 0.000000 0.077051 0.063742
vn 0.000000 0.077051 0.063742
vn 0.000000 0.068455 0.072897
vn 0.000000 0.068455 0.072897
vn 0.000000 0.058779 0.080902
vn 0.000000 0.058779 0.080902
vn 0.000000 0.048175 0.087631
vn 0.000000 0.048175 0.087631
vn 0.000000 0.036812 0.092978
vn 0.000000 0.036812 0.092978
vn 0.000000 0.024869 0.096858
vn 0.000000 0.024869 0.096858
vn 0.000000 0.012533 0.099211
vn 0.000000 0.012533 0.099211
vn 0.000000 0.000000 0.100000
vn 0.000000 -0.000000 0.100000
vn 0.000000 -0.012533 0.099211
vn 0.000000 -0.012533 0.099211
vn 0.000000 -0.024869 0.096858
vn 0.000000 -0.024869 0.096858
vn 0.000000 -0.036812 0.092978
vn 0.000000 -0.036812 0.092978
vn 0.000000 -0.048175 0.087631
vn 0.000000 -0.048175 0.087631
vn 0.000000 -0.058779 0.080902
vn 0.000000 -0.058779 0.080902
vn 0.000000 -0.068455 0.072897
vn 0.000000 -0.068455 0.072897
vn 0.000000 -0.077051 0.063742
vn 0.000000 -0.077051 0.063742
vn 0.000000 -0.084433 0.053583
vn 0.000000 -0.084433 0.053583
vn 0.000000 -0.090483 0.042578
vn 0.000000 -0.090483 0.042578
vn 0.000000 -0.095106 0.030902
vn 0.000000 -0.095106 0.030902
vn 0.000000 -0.098229 0.018738
vn 0.000000 -0.098229 0.018738
vn 0.000000 -0.099803 0.006279
vn 0.000000 -0.099803 0.006279
vn -0.000000 -0.099803 -0.006279
vn -0.000000 -0.099803 -0.006279
vn -0.000000 -0.098229 -0.018738
vn -0.000000 -0.098229 -0.018738
vn -0.000000 -0.095106 -0.030902
vn -0.000000 -0.095106 -0.030902
vn -0.000000 -0.090483 -0.042578
vn -0.000000 -0.090483 -0.042578
vn -0.000000 -0.084433 -0.053583
vn -0.000000 -0.084433 -0.053583
vn -0.000000 -0.077051 -0.063742
vn -0.000000 -0.077051 -0.063742
vn -0.000000 -0.068455 -0.072897
vn -0.000000 -0.068455 -0.072897
vn -0.000000 -0.058779 -0.080902
vn -0.000000 -0.058779 -0.080902
vn -0.000000 -0.048175 -0.087631
vn -0.000000 -0.048175 -0.087631
vn -0.000000 -0.036812 -0.092978
vn -0.000000 -0.036812 -0.092978
vn -0.000000 -0.024869 -0.096858
vn -0.100000 0.000000 0.000000
vn -0.100000 0.000000 0.000000
vn -0.100000 0.000000 0.000000
vn -0.100000 0.000000 0.000000
vn -0.100000 0.000000 0.000000
vn -0.100000 0.000000 0.000000
vn -0.100000 0.000000 0.000000
vn -0.100000 0.000000 0.000000
vn -0.100000 0.000000 0.000000
vn -0.100000 0.000000 0.000000
vn -0.100000 0.000000 0.000000
vn -0.100000 0.000000 0.000000
vn -0.100000 0.000000 0.000000
vn -0.100000 0.000000 0.000000
vn -0.100000 0.000000 0.000000
vn -0.100000 0.000000 0.000000
vn -0.100000 0.000000 0.000000
vn -0.100000 0.000000 0.000000
vn -0.100000 0.000000 0.000000
vn -0.100000 0.000000 0.000000
vn -0.100000 0.000000 0.000000
vn -0.100000 0.000000 0.000000
vn -0.100000 0.000000 0.000000
vn -0.100000 0.000000 0.000000
vn -0.100000 0.000000 0.000000
vn -0.100000 0.000000 0.000000
vn -0.100000 0.000000 0.000000
vn -0.100000 0.000000 0.000000
vn -0.100000 0.000000 0.000000
vn -0.100000 0.000000 0.000000
vn -0.100000 0.000000 0.000000
vn -0.100000 0.000000 0.000000
vn -0.100000 0.000000 0.000000
vn -0.100000 0.000000 0.000000
vn -0.100000 0.000000 0.000000
vn -0.100000 0.000000 0.000000
vn -0.100000 0.000000 0.000000
vn -0.100000 0.000000 0.000000
vn -0.100000 0.000000 0.000000
vn -0.100000 0.000000 0.000000
vn -0.100000 0.000000 0.000000
vn -0.100000 0.000000 0.000000
vn -0.100000 0.000000 0.000000
vn -0.100000 0.000000 0.000000
vn -0.100000 0.000000 0.000000
vn -0.100000 0.000000 0.000000
vn -0.100000 0.000000 0.000000
vn -0.100000 0.000000 0.000000
vn -0.100000 0.000000 0.000000
vn -0.100000 0.000000 0.000000
vn -0.000000 0.005557 -0.099845
vn -0.000000 0.005557 -0.099845
vn -0.000000 0.000000 -0.100000
vn -0.000000 0.000000 -0.100000
vn -0.000000 -0.005557 -0.099845
vn -0.000000 -0.005557 -0.099845
vn -0.000000 -0.011098 -0.099382
vn -0.000000 -0.011098 -0.099382
vn -0.000000 -0.016604 -0.098612
vn -0.000000 -0.016604 -0.098612
vn -0.000000 -0.022058 -0.097537
vn -0.000000 -0.022058 -0.097537
vn -0.000000 -0.027445 -0.096160
vn -0.000000 -0.027445 -0.096160
vn -0.000000 -0.032747 -0.094486
vn -0.000000 -0.032747 -0.094486
vn -0.000000 -0.037947 -0.092520
vn -0.000000 -0.037947 -0.092520
vn -0.000000 -0.043030 -0.090269
vn -0.000000 -0.043030 -0.090269
vn -0.000000 -0.047980 -0.087738
vn -0.000000 -0.047980 -0.087738
vn -0.000000 -0.052782 -0.084936
vn -0.000000 -0.052782 -0.084936
vn -0.000000 -0.057421 -0.081871
vn -0.000000 -0.057421 -0.081871
vn -0.000000 -0.061882 -0.078553
vn -0.000000 -0.061882 -0.078553
vn -0.000000 -0.066152 -0.074993
vn -0.000000 -0.066152 -0.074993
vn -0.000000 -0.070218 -0.071200
vn -0.000000 -0.070218 -0.071200
vn -0.000000 -0.074066 -0.067188
vn -0.000000 -0.074066 -0.067188
vn -0.000000 -0.077685 -0.062968
vn -0.000000 -0.077685 -0.062968
vn -0.000000 -0.081065 -0.058553
vn -0.000000 -0.081065 -0.058553
vn -0.000000 -0.084194 -0.053958
vn -0.000000 -0.084194 -0.053958
vn -0.000000 -0.087062 -0.049195
vn -0.000000 -0.087062 -0.049195
vn -0.000000 -0.089662 -0.044281
vn -0.000000 -0.089662 -0.044281
vn -0.000000 -0.091984 -0.039229
vn -0.000000 -0.091984 -0.039229
vn -0.000000 -0.094022 -0.034057
vn -0.000000 -0.094022 -0.034057
vn -0.000000 -0.095769 -0.028779
vn -0.000000 -0.095769 -0.028779
vn -0.000000 -0.097221 -0.023412
vn -0.000000 -0.097221 -0.023412
vn -0.000000 -0.098372 -0.017973
vn -0.000000 -0.098372 -0.017973
vn -0.000000 -0.099218 -0.012478
vn -0.000000 -0.099218 -0.012478
vn -0.000000 -0.099759 -0.006945
vn -0.000000 -0.099759 -0.006945
vn -0.000000 -0.099990 -0.001390
vn -0.000000 -0.099990 -0.001390
vn 0.000000 -0.099913 0.004169
vn 0.000000 -0.099913 0.004169
vn 0.000000 -0.099527 0.009715
vn 0.000000 -0.099527 0.009715
vn 0.000000 -0.098833 0.015231
vn 0.000000 -0.098833 0.015231
vn 0.000000 -0.097834 0.020701
vn 0.000000 -0.097834 0.020701
vn 0.000000 -0.096532 0.026106
vn 0.000000 -0.096532 0.026106
vn 0.000000 -0.094932 0.031430
vn 0.000000 -0.094932 0.031430
vn 0.000000 -0.093039 0.036657
vn 0.000000 -0.093039 0.036657
vn 0.000000 -0.090858 0.041771
vn 0.000000 -0.090858 0.041771
vn 0.000000 -0.088396 0.046756
vn 0.000000 -0.088396 0.046756
vn 0.000000 -0.085661 0.051596
vn 0.000000 -0.085661 0.051596
vn 0.000000 -0.082661 0.056277
vn 0.000000 -0.082661 0.056277
vn 0.000000 -0.079406 0.060784
vn 0.000000 -0.079406 0.060784
vn 0.000000 -0.075905 0.065103
vn 0.000000 -0.075905 0.065103
vn 0.000000 -0.072170 0.069221
vn 0.000000 -0.072170 0.069221
vn 0.000000 -0.068211 0.073125
vn 0.000000 -0.068211 0.073125
vn 0.000000 -0.064042 0.076803
vn 0.000000 -0.064042 0.076803
vn 0.000000 -0.059675 0.080243
vn 0.000000 -0.059675 0.080243
vn 0.000000 -0.055123 0.083435
vn 0.000000 -0.055123 0.083435
vn 0.000000 -0.050401 0.086370
vn 0.000000 -0.050401 0.086370
vn 0.000000 -0.045523 0.089037
vn 0.000000 -0.045523 0.089037
vn 0.000000 -0.040504 0.091430
vn 0.000000 -0.040504 0.091430
vn 0.000000 -0.035360 0.093539
vn 0.000000 -0.035360 0.093539
vn 0.000000 -0.030107 0.095360
vn 0.000000 -0.030107 0.095360
vn 0.000000 -0.024761 0.096886
vn 0.000000 -0.024761 0.096886
vn 0.000000 -0.019339 0.098112
vn 0.000000 -0.019339 0.098112
vn 0.000000 -0.013856 0.099035
vn 0.000000 -0.013856 0.099035
vn 0.000000 -0.008331 0.099652
vn 0.000000 -0.008331 0.099652
vn 0.000000 -0.002780 0.099961
vn 0.000000 -0.002780 0.099961
vn 0.000000 0.002780 0.099961
vn 0.000000 0.002780 0.099961
vn 0.000000 0.008331 0.099652
vn 0.000000 0.008331 0.099652
vn 0.000000 0.013856 0.099035
vn 0.000000 0.013856 0.099035
vn 0.000000 0.019339 0.098112
vn 0.000000 0.019339 0.098112
vn 0.000000 0.024761 0.096886
vn 0.000000 0.024761 0.096886
vn 0.000000 0.030107 0.095360
vn 0.000000 0.030107 0.095360
vn 0.000000 0.035360 0.093539
vn 0.000000 0.035360 0.093539
vn 0.000000 0.040504 0.091430
vn 0.000000 0.040504 0.091430
vn 0.000000 0.045523 0.089037
vn 0.000000 0.045523 0.089037
vn 0.000000 0.050401 0.086370
vn 0.000000 0.050401 0.086370
vn 0.000000 0.055123 0.083435
vn 0.000000 0.055123 0.083435
vn 0.000000 0.059675 0.080243
vn 0.000000 0.059675 0.080243
vn 0.000000 0.064042 0.076803
vn 0.000000 0.064042 0.076803
vn 0.000000 0.068211 0.073125
vn 0.000000 0.068211 0.073125
vn 0.000000 0.072170 0.069221
vn 0.000000 0.072170 0.069221
vn 0.000000 0.075905 0.065103
vn 0.000000 0.075905 0.065103
vn 0.000000 0.079406 0.060784
vn 0.000000 0.079406 0.060784
vn 0.000000 0.082661 0.056277
vn 0.000000 0.082661 0.056277
vn 0.000000 0.085661 0.051596
vn 0.000000 0.085661 0.051596
vn 0.000000 0.088396 0.046756
vn 0.000000 0.088396 0.046756
vn 0.000000 0.090858 0.041771
vn 0.000000 0.090858 0.041771
vn 0.000000 0.093039 0.036657
vn 0.000000 0.093039 0.036657
vn 0.000000 0.094932 0.031430
vn 0.000000 0.094932 0.031430
vn 0.000000 0.096532 0.026106
vn 0.000000 0.096532 0.026106
vn 0.000000 0.097834 0.020701
vn 0.000000 0.097834 0.020701
vn 0.000000 0.098833 0.015231
vn 0.000000 0.098833 0.015231
vn 0.000000 0.099527 0.009715
vn 0.000000 0.099527 0.009715
vn 0.000000 0.099913 0.004169
vn 0.000000 0.099913 0.004169
vn -0.000000 0.099990 -0.001390
vn -0.000000 0.099990 -0.001390
vn -0.000000 0.099759 -0.006945
vn -0.000000 0.099759 -0.006945
vn -0.000000 0.099218 -0.012478
vn -0.000000 0.099218 -0.012478
vn -0.000000 0.098372 -0.017973
vn -0.000000 0.098372 -0.017973
vn -0.000000 0.097221 -0.023412
vn -0.000000 0.097221 -0.023412
vn -0.000000 0.095769 -0.028779
vn -0.000000 0.095769 -0.028779
vn -0.000000 0.094022 -0.034057
vn -0.000000 0.094022 -0.034057
vn -0.000000 0.091984 -0.039229
vn -0.000000 0.091984 -0.039229
vn -0.000000 0.089662 -0.044281
vn -0.000000 0.089662 -0.044281
vn -0.000000 0.087062 -0.049195
vn -0.000000 0.087062 -0.049195
vn -0.000000 0.084194 -0.053958
vn -0.000000 0.084194 -0.053958
vn -0.000000 0.081065 -0.058553
vn -0.000000 0.081065 -0.058553
vn -0.000000 0.077685 -0.062968
vn -0.000000 0.077685 -0.062968
vn -0.000000 0.074066 -0.067188
vn -0.000000 0.074066 -0.067188
vn -0.000000 0.070218 -0.071200
vn -0.000000 0.070218 -0.071200
vn -0.000000 0.066152 -0.074993
vn -0.000000 0.066152 -0.074993
vn -0.000000 0.061882 -0.078553
vn -0.000000 0.061882 -0.078553
vn -0.000000 0.057421 -0.081871
vn -0.000000 0.057421 -0.081871
vn -0.000000 0.052782 -0.084936
vn -0.000000 0.052782 -0.084936
vn -0.000000 0.047980 -0.087738
vn -0.000000 0.047980 -0.087738
vn -0.000000 0.043030 -0.090269
vn -0.000000 0.043030 -0.090269
vn -0.000000 0.037947 -0.092520
vn -0.000000 0.037947 -0.092520
vn -0.000000 0.032747 -0.094486
vn -0.000000 0.032747 -0.094486
vn -0.000000 0.027445 -0.096160
vn -0.000000 0.027445 -0.096160
vn -0.000000 0.022058 -0.097537
vn -0.000000 0.022058 -0.097537
vn -0.000000 0.016604 -0.098612
vn -0.000000 0.016604 -0.098612
vn -0.000000 0.011098 -0.099382
vn -0.000000 0.011098 -0.099382
vn -0.000000 -0.005557 -0.099845
vn -0.000000 -0.005557 -0.099845
vn -0.000000 -0.000000 -0.100000
vn -0.000000 -0.000000 -0.100000
vn -0.000000 0.005557 -0.099845
vn -0.000000 0.005557 -0.099845
vn -0.000000 0.011098 -0.099382
vn -0.000000 0.011098 -0.099382
vn -0.000000 0.016604 -0.098612
vn -0.000000 0.016604 -0.098612
vn -0.000000 0.022058 -0.097537
vn -0.000000 0.022058 -0.097537
vn -0.000000 0.027445 -0.096160
vn -0.000000 0.027445 -0.096160
vn -0.000000 0.032747 -0.094486
vn -0.000000 0.032747 -0.094486
vn -0.000000 0.037947 -0.092520
vn -0.000000 0.037947 -0.092520
vn -0.000000 0.043030 -0.090269
vn -0.000000 0.043030 -0.090269
vn -0.000000 0.047980 -0.087738
vn -0.000000 0.047980 -0.087738
vn -0.000000 0.052782 -0.084936
vn -0.000000 0.052782 -0.084936
vn -0.000000 0.057421 -0.081871
vn -0.000000 0.057421 -0.081871
vn -0.000000 0.061882 -0.078553
vn -0.000000 0.061882 -0.078553
vn -0.000000 0.066152 -0.074993
vn -0.000000 0.066152 -0.074993
vn -0.000000 0.070218 -0.071200
vn -0.000000 0.070218 -0.071200
vn -0.000000 0.074066 -0.067188
vn -0.000000 0.074066 -0.067188
vn -0.000000 0.077685 -0.062968
vn -0.000000 0.077685 -0.062968
vn -0.000000 0.081065 -0.058553
vn -0.000000 0.081065 -0.058553
vn -0.000000 0.084194 -0.053958
vn -0.000000 0.084194 -0.053958
vn -0.000000 0.087062 -0.049195
vn -0.000000 0.087062 -0.049195
vn -0.000000 0.089662 -0.044281
vn -0.000000 0.089662 -0.044281
vn -0.000000 0.091984 -0.039229
vn -0.000000 0.091984 -0.039229
vn -0.000000 0.094022 -0.034057
vn -0.000000 0.094022 -0.034057
vn -0.000000 0.095769 -0.028779
vn -0.000000 0.095769 -0.028779
vn -0.000000 0.097221 -0.023412
vn -0.000000 0.097221 -0.023412
vn -0.000000 0.098372 -0.017973
vn -0.000000 0.098372 -0.017973
vn -0.000000 0.099218 -0.012478
vn -0.000000 0.099218 -0.012478
vn -0.000000 0.099759 -0.006945
vn -0.000000 0.099759 -0.006945
vn -0.000000 0.099990 -0.001390
vn -0.000000 0.099990 -0.001390
vn 0.000000 0.099913 0.004169
vn 0.000000 0.099913 0.004169
vn 0.000000 0.099527 0.009715
vn 0.000000 0.099527 0.009715
vn 0.000000 0.098833 0.015231
vn 0.000000 0.098833 0.015231
vn 0.000000 0.097834 0.020701
vn 0.000000 0.097834 0.020701
vn 0.000000 0.096532 0.026106
vn 0.000000 0.096532 0.026106
vn 0.000000 0.094932 0.031430
vn 0.000000 0.094932 0.031430
vn 0.000000 0.093039 0.036657
vn 0.000000 0.093039 0.036657
vn 0.000000 0.090858 0.041771
vn 0.000000 0.090858 0.041771
vn 0.000000 0.088396 0.046756
vn 0.000000 0.088396 0.046756
vn 0.000000 0.085661 0.051596
vn 0.000000 0.085661 0.051596
vn 0.000000 0.082661 0.056277
vn 0.000000 0.082661 0.056277
vn 0.000000 0.079406 0.060784
vn 0.000000 0.079406 0.060784
vn 0.000000 0.075905 0.065103
vn 0.000000 0.075905 0.065103
vn 0.000000 0.072170 0.069221
vn 0.000000 0.072170 0.069221
vn 0.000000 0.068211 0.073125
vn 0.000000 0.068211 0.073125
vn 0.000000 0.064042 0.076803
vn 0.000000 0.064042 0.076803
vn 0.000000 0.059675 0.080243
vn 0.000000 0.059675 0.080243
vn 0.000000 0.055123 0.083435
vn 0.000000 0.055123 0.083435
vn 0.000000 0.050401 0.086370
vn 0.000000 0.050401 0.086370
vn 0.000000 0.045523 0.089037
vn 0.000000 0.045523 0.089037
vn 0.000000 0.040504 0.091430
vn 0.000000 0.040504 0.091430
vn 0.000000 0.035360 0.093539
vn 0.000000 0.035360 0.093539
vn 0.000000 0.030107 0.095360
vn 0.000000 0.030107 0.095360
vn 0.000000 0.024761 0.096886
vn 0.000000 0.024761 0.096886
vn 0.000000 0.019339 0.098112
vn 0.000000 0.019339 0.098112
vn 0.000000 0.013856 0.099035
vn 0.000000 0.013856 0.099035
vn 0.000000 0.008331 0.099652
vn 0.000000 0.008331 0.099652
vn 0.000000 0.002780 0.099961
vn 0.000000 0.002780 0.099961
vn 0.000000 -0.002780 0.099961
vn 0.000000 -0.002780 0.099961
vn 0.000000 -0.008331 0.099652
vn 0.000000 -0.008331 0.099652
vn 0.000000 -0.013856 0.099035
vn 0.000000 -0.013856 0.099035
vn 0.000000 -0.019339 0.098112
vn 0.000000 -0.019339 0.098112
vn 0.000000 -0.024761 0.096886
vn 0.000000 -0.024761 0.096886
vn 0.000000 -0.030107 0.095360
vn 0.000000 -0.030107 0.095360
vn 0.000000 -0.035360 0.093539
vn 0.000000 -0.035360 0.093539
vn 0.000000 -0.040504 0.091430
vn 0.000000 -0.040504 0.091430
vn 0.000000 -0.045523 0.089037
vn 0.000000 -0.045523 0.089037
vn 0.000000 -0.050401 0.086370
vn 0.000000 -0.050401 0.086370
vn 0.000000 -0.055123 0.083435
vn 0.000000 -0.055123 0.083435
vn 0.000000 -0.059675 0.080243
vn 0.000000 -0.059675 0.080243
vn 0.000000 -0.064042 0.076803
vn 0.000000 -0.064042 0.076803
vn 0.000000 -0.068211 0.073125
vn 0.000000 -0.068211 0.073125
vn 0.000000 -0.072170 0.069221
vn 0.000000 -0.072170 0.069221
vn 0.000000 -0.075905 0.065103
vn 0.000000 -0.075905 0.065103
vn 0.000000 -0.079406 0.060784
vn 0.000000 -0.079406 0.060784
vn 0.000000 -0.082661 0.056277
vn 0.000000 -0.082661 0.056277
vn 0.000000 -0.085661 0.051596
vn 0.000000 -0.085661 0.051596
vn 0.000000 -0.088396 0.046756
vn 0.000000 -0.088396 0.046756
vn 0.000000 -0.090858 0.041771
vn 0.000000 -0.090858 0.041771
vn 0.000000 -0.093039 0.036657
vn 0.000000 -0.093039 0.036657
vn 0.000000 -0.094932 0.031430
vn 0.000000 -0.094932 0.031430
vn 0.000000 -0.096532 0.026106
vn 0.000000 -0.096532 0.026106
vn 0.000000 -0.097834 0.020701
vn 0.000000 -0.097834 0.020701
vn 0.000000 -0.098833 0.015231
vn 0.000000 -0.098833 0.015231
vn 0.000000 -0.099527 0.009715
vn 0.000000 -0.099527 0.009715
vn 0.000000 -0.099913 0.004169
vn 0.000000 -0.099913 0.004169
vn -0.000000 -0.099990 -0.001390
vn -0.000000 -0.099990 -0.001390
vn -0.000000 -0.099759 -0.006945
vn -0.000000 -0.099759 -0.006945
vn -0.000000 -0.099218 -0.012478
vn -0.000000 -0.099218 -0.012478
vn -0.000000 -0.098372 -0.017973
vn -0.000000 -0.098372 -0.017973
vn -0.000000 -0.097221 -0.023412
vn -0.000000 -0.097221 -0.023412
vn -0.000000 -0.095769 -0.028779
vn -0.000000 -0.095769 -0.028779
vn -0.000000 -0.094022 -0.034057
vn -0.000000 -0.094022 -0.034057
vn -0.000000 -0.091984 -0.039229
vn -0.000000 -0.091984 -0.039229
vn -0.000000 -0.089662 -0.044281
vn -0.000000 -0.089662 -0.044281
vn -0.000000 -0.087062 -0.049195
vn -0.000000 -0.087062 -0.049195
vn -0.000000 -0.084194 -0.053958
vn -0.000000 -0.084194 -0.053958
vn -0.000000 -0.081065 -0.058553
vn -0.000000 -0.081065 -0.058553
vn -0.000000 -0.077685 -0.062968
vn -0.000000 -0.077685 -0.062968
vn -0.000000 -0.074066 -0.067188
vn -0.000000 -0.074066 -0.067188
vn -0.000000 -0.070218 -0.071200
vn -0.000000 -0.070218 -0.071200
vn -0.000000 -0.066152 -0.074993
vn -0.000000 -0.066152 -0.074993
vn -0.000000 -0.061882 -0.078553
vn -0.000000 -0.061882 -0.078553
vn -0.000000 -0.057421 -0.081871
vn -0.000000 -0.057421 -0.081871
vn -0.000000 -0.052782 -0.084936
vn -0.000000 -0.052782 -0.084936
vn -0.000000 -0.047980 -0.087738
vn -0.000000 -0.047980 -0.087738
vn -0.000000 -0.043030 -0.090269
vn -0.000000 -0.043030 -0.090269
vn -0.000000 -0.037947 -0.092520
vn -0.000000 -0.037947 -0.092520
vn -0.000000 -0.032747 -0.094486
vn -0.000000 -0.032747 -0.094486
vn -0.000000 -0.027445 -0.096160
vn -0.000000 -0.027445 -0.096160
vn -0.000000 -0.022058 -0.097537
vn -0.000000 -0.022058 -0.097537
vn -0.000000 -0.016604 -0.098612
vn -0.000000 -0.016604 -0.098612
vn -0.000000 -0.011098 -0.099382
vn -0.000000 -0.011098 -0.099382
vn -0.000000 -0.000000 -0.100000
vn -0.000000 -0.005557 -0.099845
vn -0.000000 -0.011098 -0.099382
vn -0.000000 -0.016604 -0.098612
vn -0.000000 -0.022058 -0.097537
vn -0.000000 -0.027445 -0.096160
vn -0.000000 -0.032747 -0.094486
vn -0.000000 -0.037947 -0.092520
vn -0.000000 -0.043030 -0.090269
vn -0.000000 -0.047980 -0.087738
vn -0.000000 -0.052782 -0.084936
vn -0.000000 -0.057421 -0.081871
vn -0.000000 -0.061882 -0.078553
vn -0.000000 -0.066152 -0.074993
vn -0.000000 -0.070218 -0.071200
vn -0.000000 -0.074066 -0.067188
vn -0.000000 -0.077685 -0.062968
vn -0.000000 -0.081065 -0.058553
vn -0.000000 -0.084194 -0.053958
vn -0.000000 -0.087062 -0.049195
vn -0.000000 -0.089662 -0.044281
vn -0.000000 -0.091984 -0.039229
vn -0.000000 -0.094022 -0.034057
vn -0.000000 -0.095769 -0.028779
vn -0.000000 -0.097221 -0.023412
vn -0.000000 -0.098372 -0.017973
vn -0.000000 -0.099218 -0.012478
vn -0.000000 -0.099759 -0.006945
vn -0.000000 -0.099990 -0.001390
vn 0.000000 -0.099913 0.004169
vn 0.000000 -0.099527 0.009715
vn 0.000000 -0.098833 0.015231
vn 0.000000 -0.097834 0.020701
vn 0.000000 -0.096532 0.026106
vn 0.000000 -0.094932 0.031430
vn 0.000000 -0.093039 0.036657
vn 0.000000 -0.090858 0.041771
vn 0.000000 -0.088396 0.046756
vn 0.000000 -0.085661 0.051596
vn 0.000000 -0.082661 0.056277
vn 0.000000 -0.079406 0.060784
vn 0.000000 -0.075905 0.065103
vn 0.000000 -0.072170 0.069221
vn 0.000000 -0.068211 0.073125
vn 0.000000 -0.064042 0.076803
vn 0.000000 -0.059675 0.080243
vn 0.000000 -0.055123 0.083435
vn 0.000000 -0.050401 0.086370
vn 0.000000 -0.045523 0.089037
vn 0.000000 -0.040504 0.091430
vn 0.000000 -0.035360 0.093539
vn 0.000000 -0.030107 0.095360
vn 0.000000 -0.024761 0.096886
vn 0.000000 -0.019339 0.098112
vn 0.000000 -0.013856 0.099035
vn 0.000000 -0.008331 0.099652
vn 0.000000 -0.002780 0.099961
vn 0.000000 0.002780 0.099961
vn 0.000000 0.008331 0.099652
vn 0.000000 0.013856 0.099035
vn 0.000000 0.019339 0.098112
vn 0.000000 0.024761 0.096886
vn 0.000000 0.030107 0.095360
vn 0.000000 0.035360 0.093539
vn 0.000000 0.040504 0.091430
vn 0.000000 0.045523 0.089037
vn 0.000000 0.050401 0.086370
vn 0.000000 0.055123 0.083435
vn 0.000000 0.059675 0.080243
vn 0.000000 0.064042 0.076803
vn 0.000000 0.068211 0.073125
vn 0.000000 0.072170 0.069221
vn 0.000000 0.075905 0.065103
vn 0.000000 0.079406 0.060784
vn 0.000000 0.082661 0.056277
vn 0.000000 0.085661 0.051596
vn 0.000000 0.088396 0.046756
vn 0.000000 0.090858 0.041771
vn 0.000000 0.093039 0.036657
vn 0.000000 0.094932 0.031430
vn 0.000000 0.096532 0.026106
vn 0.000000 0.097834 0.020701
vn 0.000000 0.098833 0.015231
vn 0.000000 0.099527 0.009715
vn 0.000000 0.099913 0.004169
vn -0.000000 0.099990 -0.001390
vn -0.000000 0.099759 -0.006945
vn -0.000000 0.099218 -0.012478
vn -0.000000 0.098372 -0.017973
vn -0.000000 0.097221 -0.023412
vn -0.000000 0.095769 -0.028779
vn -0.000000 0.094022 -0.034057
vn -0.000000 0.091984 -0.039229
vn -0.000000 0.089662 -0.044281
vn -0.000000 0.087062 -0.049195
vn -0.000000 0.084194 -0.053958
vn -0.000000 0.081065 -0.058553
vn -0.000000 0.077685 -0.062968
vn -0.000000 0.074066 -0.067188
vn -0.000000 0.070218 -0.071200
vn -0.000000 0.066152 -0.074993
vn -0.000000 0.061882 -0.078553
vn -0.000000 0.057421 -0.081871
vn -0.000000 0.052782 -0.084936
vn -0.000000 0.047980 -0.087738
vn -0.000000 0.043030 -0.090269
vn -0.000000 0.037947 -0.092520
vn -0.000000 0.032747 -0.094486
vn -0.000000 0.027445 -0.096160
vn -0.000000 0.022058 -0.097537
vn -0.000000 0.016604 -0.098612
vn -0.000000 0.011098 -0.099382
vn -0.000000 0.005557 -0.099845
vn -0.000000 -0.000000 -0.100000
vn -0.000000 -0.005557 -0.099845
vn -0.000000 -0.011098 -0.099382
vn -0.000000 -0.016604 -0.098612
vn -0.000000 -0.022058 -0.097537
vn -0.000000 -0.027445 -0.096160
vn -0.000000 -0.032747 -0.094486
vn -0.000000 -0.037947 -0.092520
vn -0.000000 -0.043030 -0.090269
vn -0.000000 -0.047980 -0.087738
vn -0.000000 -0.052782 -0.084936
vn -0.000000 -0.057421 -0.081871
vn -0.000000 -0.061882 -0.078553
vn -0.000000 -0.066152 -0.074993
vn -0.000000 -0.070218 -0.071200
vn -0.000000 -0.074066 -0.067188
vn -0.000000 -0.077685 -0.062968
vn -0.000000 -0.081065 -0.058553
vn -0.000000 -0.084194 -0.053958
vn -0.000000 -0.087062 -0.049195
vn -0.000000 -0.089662 -0.044281
vn -0.000000 -0.091984 -0.039229
vn -0.000000 -0.094022 -0.034057
vn -0.000000 -0.095769 -0.028779
vn -0.000000 -0.097221 -0.023412
vn -0.000000 -0.098372 -0.017973
vn -0.000000 -0.099218 -0.012478
vn -0.000000 -0.099759 -0.006945
vn -0.000000 -0.099990 -0.001390
vn 0.000000 -0.099913 0.004169
vn 0.000000 -0.099527 0.009715
vn 0.000000 -0.098833 0.015231
vn 0.000000 -0.097834 0.020701
vn 0.000000 -0.096532 0.026106
vn 0.000000 -0.094932 0.031430
vn 0.000000 -0.093039 0.036657
vn 0.000000 -0.090858 0.041771
vn 0.000000 -0.088396 0.046756
vn 0.000000 -0.085661 0.051596
vn 0.000000 -0.082661 0.056277
vn 0.000000 -0.079406 0.060784
vn 0.000000 -0.075905 0.065103
vn 0.000000 -0.072170 0.069221
vn 0.000000 -0.068211 0.073125
vn 0.000000 -0.064042 0.076803
vn 0.000000 -0.059675 0.080243
vn 0.000000 -0.055123 0.083435
vn 0.000000 -0.050401 0.086370
vn 0.000000 -0.045523 0.089037
vn 0.000000 -0.040504 0.091430
vn 0.000000 -0.035360 0.093539
vn 0.000000 -0.030107 0.095360
vn 0.000000 -0.024761 0.096886
vn 0.000000 -0.019339 0.098112
vn 0.000000 -0.013856 0.099035
vn 0.000000 -0.008331 0.099652
vn 0.000000 -0.002780 0.099961
vn 0.000000 0.002780 0.099961
vn 0.000000 0.008331 0.099652
vn 0.000000 0.013856 0.099035
vn 0.000000 0.019339 0.098112
vn 0.000000 0.024761 0.096886
vn 0.000000 0.030107 0.095360
vn 0.000000 0.035360 0.093539
vn 0.000000 0.040504 0.091430
vn 0.000000 0.045523 0.089037
vn 0.000000 0.050401 0.086370
vn 0.000000 0.055123 0.083435
vn 0.000000 0.059675 0.080243
vn 0.000000 0.064042 0.076803
vn 0.000000 0.068211 0.073125
vn 0.000000 0.072170 0.069221
vn 0.000000 0.075905 0.065103
vn 0.000000 0.079406 0.060784
vn 0.000000 0.082661 0.056277
vn 0.000000 0.085661 0.051596
vn 0.000000 0.088396 0.046756
vn 0.000000 0.090858 0.041771
vn 0.000000 0.093039 0.036657
vn 0.000000 0.094932 0.031430
vn 0.000000 0.096532 0.026106
vn 0.000000 0.097834 0.020701
vn 0.000000 0.098833 0.015231
vn 0.000000 0.099527 0.009715
vn 0.000000 0.099913 0.004169
vn -0.000000 0.099990 -0.001390
vn -0.000000 0.099759 -0.006945
vn -0.000000 0.099218 -0.012478
vn -0.000000 0.098372 -0.017973
vn -0.000000 0.097221 -0.023412
vn -0.000000 0.095769 -0.028779
vn -0.000000 0.094022 -0.034057
vn -0.000000 0.091984 -0.039229
vn -0.000000 0.089662 -0.044281
vn -0.000000 0.087062 -0.049195
vn -0.000000 0.084194 -0.053958
vn -0.000000 0.081065 -0.058553
vn -0.000000 0.077685 -0.062968
vn -0.000000 0.074066 -0.067188
vn -0.000000 0.070218 -0.071200
vn -0.000000 0.066152 -0.074993
vn -0.000000 0.061882 -0.078553
vn -0.000000 0.057421 -0.081871
vn -0.000000 0.052782 -0.084936
vn -0.000000 0.047980 -0.087738
vn -0.000000 0.043030 -0.090269
vn -0.000000 0.037947 -0.092520
vn -0.000000 0.032747 -0.094486
vn -0.000000 0.027445 -0.096160
vn -0.000000 0.022058 -0.097537
vn -0.000000 0.016604 -0.098612
vn -0.000000 0.011098 -0.099382
vn -0.000000 0.005557 -0.099845
vn -0.000000 -0.000000 -0.100000
vn -0.000000 -0.005557 -0.099845
vn -0.000000 -0.011098 -0.099382
vn -0.000000 -0.016604 -0.098612
vn -0.000000 -0.022058 -0.097537
vn -0.000000 -0.027445 -0.096160
vn -0.000000 -0.032747 -0.094486
vn -0.000000 -0.037947 -0.092520
vn -0.000000 -0.043030 -0.090269
vn -0.000000 -0.047980 -0.087738
vn -0.000000 -0.052782 -0.084936
vn -0.000000 -0.057421 -0.081871
vn -0.000000 -0.061882 -0.078553
vn -0.000000 -0.066152 -0.074993
vn -0.000000 -0.070218 -0.071200
vn -0.000000 -0.074066 -0.067188
vn -0.000000 -0.077685 -0.062968
vn -0.000000 -0.081065 -0.058553
vn -0.000000 -0.084194 -0.053958
vn -0.000000 -0.087062 -0.049195
vn -0.000000 -0.089662 -0.044281
vn -0.000000 -0.091984 -0.039229
vn -0.000000 -0.094022 -0.034057
vn -0.000000 -0.095769 -0.028779
vn -0.000000 -0.097221 -0.023412
vn -0.000000 -0.098372 -0.017973
vn -0.000000 -0.099218 -0.012478
vn -0.000000 -0.099759 -0.006945
vn -0.000000 -0.099990 -0.001390
vn 0.000000 -0.099913 0.004169
vn 0.000000 -0.099527 0.009715
vn 0.000000 -0.098833 0.015231
vn 0.000000 -0.097834 0.020701
vn 0.000000 -0.096532 0.026106
vn 0.000000 -0.094932 0.031430
vn 0.000000 -0.093039 0.036657
vn 0.000000 -0.090858 0.041771
vn 0.000000 -0.088396 0.046756
vn 0.000000 -0.085661 0.051596
vn 0.000000 -0.082661 0.056277
vn 0.000000 -0.079406 0.060784
vn 0.000000 -0.075905 0.065103
vn 0.000000 -0.072170 0.069221
vn 0.000000 -0.068211 0.073125
vn 0.000000 -0.064042 0.076803
vn 0.000000 -0.059675 0.080243
vn 0.000000 -0.055123 0.083435
vn 0.000000 -0.050401 0.086370
vn 0.000000 -0.045523 0.089037
vn 0.000000 -0.040504 0.091430
vn 0.000000 -0.035360 0.093539
vn 0.000000 -0.030107 0.095360
vn 0.000000 -0.024761 0.096886
vn 0.000000 -0.019339 0.098112
vn 0.000000 -0.013856 0.099035
vn 0.000000 -0.008331 0.099652
vn 0.000000 -0.002780 0.099961
vn 0.000000 0.002780 0.099961
vn 0.000000 0.008331 0.099652
vn 0.000000 0.013856 0.099035
vn 0.000000 0.019339 0.098112
vn 0.000000 0.024761 0.096886
vn 0.000000 0.030107 0.095360
vn 0.000000 0.035360 0.093539
vn 0.000000 0.040504 0.091430
vn 0.000000 0.045523 0.089037
vn 0.000000 0.050401 0.086370
vn 0.000000 0.055123 0.083435
vn 0.000000 0.059675 0.080243
vn 0.000000 0.064042 0.076803
vn 0.000000 0.068211 0.073125
vn 0.000000 0.072170 0.069221
vn 0.000000 0.075905 0.065103
vn 0.000000 0.079406 0.060784
vn 0.000000 0.082661 0.056277
vn 0.000000 0.085661 0.051596
vn 0.000000 0.088396 0.046756
vn 0.000000 0.090858 0.041771
vn 0.000000 0.093039 0.036657
vn 0.000000 0.094932 0.031430
vn 0.000000 0.096532 0.026106
vn 0.000000 0.097834 0.020701
vn 0.000000 0.098833 0.015231
vn 0.000000 0.099527 0.009715
vn 0.000000 0.099913 0.004169
vn -0.000000 0.099990 -0.001390
vn -0.000000 0.099759 -0.006945
vn -0.000000 0.099218 -0.012478
vn -0.000000 0.098372 -0.017973
vn -0.000000 0.097221 -0.023412
vn -0.000000 0.095769 -0.028779
vn -0.000000 0.094022 -0.034057
vn -0.000000 0.091984 -0.039229
vn -0.000000 0.089662 -0.044281
vn -0.000000 0.087062 -0.049195
vn -0.000000 0.084194 -0.053958
vn -0.000000 0.081065 -0.058553
vn -0.000000 0.077685 -0.062968
vn -0.000000 0.074066 -0.067188
vn -0.000000 0.070218 -0.071200
vn -0.000000 0.066152 -0.074993
vn -0.000000 0.061882 -0.078553
vn -0.000000 0.057421 -0.081871
vn -0.000000 0.052782 -0.084936
vn -0.000000 0.047980 -0.087738
vn -0.000000 0.043030 -0.090269
vn -0.000000 0.037947 -0.092520
vn -0.000000 0.032747 -0.094486
vn -0.000000 0.027445 -0.096160
vn -0.000000 0.022058 -0.097537
vn -0.000000 0.016604 -0.098612
vn -0.000000 0.011098 -0.099382
vn -0.000000 0.005557 -0.099845
vn -0.100000 0.000000 0.000000
vn -0.100000 0.000000 0.000000
vn -0.100000 0.000000 0.000000
vn -0.100000 0.000000 0.000000
vn -0.100000 0.000000 0.000000
vn -0.100000 0.000000 0.000000
vn -0.100000 0.000000 0.000000
vn -0.100000 0.000000 0.000000
vn -0.100000 0.000000 0.000000
vn -0.100000 0.000000 0.000000
vn -0.100000 0.000000 0.000000
vn -0.100000 0.000000 0.000000
vn -0.100000 0.000000 0.000000
vn -0.100000 0.000000 0.000000
vn -0.100000 0.000000 0.000000
vn -0.100000 0.000000 0.000000
vn -0.100000 0.000000 0.000000
vn -0.100000 0.000000 0.000000
vn -0.100000 0.000000 0.000000
vn -0.100000 0.000000 0.000000
vn -0.100000 0.000000 0.000000
vn -0.100000 0.000000 0.000000
vn -0.100000 0.000000 0.000000
vn -0.100000 0.000000 0.000000
vn -0.100000 0.000000 0.000000
vn -0.100000 0.000000 0.000000
vn -0.100000 0.000000 0.000000
vn -0.100000 0.000000 0.000000
vn -0.100000 0.000000 0.000000
vn -0.100000 0.000000 0.000000
vn -0.100000 0.000000 0.000000
vn -0.100000 0.000000 0.000000
vn -0.100000 0.000000 0.000000
vn -0.100000 0.000000 0.000000
vn -0.100000 0.000000 0.000000
vn -0.100000 0.000000 0.000000
vn -0.100000 0.000000 0.000000
vn -0.100000 0.000000 0.000000
vn -0.100000 0.000000 0.000000
vn -0.100000 0.000000 0.000000
vn -0.100000 0.000000 0.000000
vn -0.100000 0.000000 0.000000
vn -0.100000 0.000000 0.000000
vn -0.100000 0.000000 0.000000
vn -0.100000 0.000000 0.000000
vn -0.100000 0.000000 0.000000
vn -0.100000 0.000000 0.000000
vn -0.100000 0.000000 0.000000
vn -0.100000 0.000000 0.000000
vn -0.100000 0.000000 0.000000
vn -0.100000 0.000000 0.000000
vn -0.100000 0.000000 0.000000
vn -0.100000 0.000000 0.000000
vn -0.100000 0.000000 0.000000
vn -0.100000 0.000000 0.000000
vn -0.100000 0.000000 0.000000
vn -0.100000 0.000000 0.000000
vn -0.100000 0.000000 0.000000
vn -0.100000 0.000000 0.000000
vn -0.100000 0.000000 0.000000
vn -0.100000 0.000000 0.000000
vn -0.100000 0.000000 0.000000
vn -0.100000 0.000000 0.000000
vn -0.100000 0.000000 0.000000
vn -0.100000 0.000000 0.000000
vn -0.100000 0.000000 0.000000
vn -0.100000 0.000000 0.000000
vn -0.100000 0.000000 0.000000
vn -0.100000 0.000000 0.000000
vn -0.100000 0.000000 0.000000
vn -0.100000 0.000000 0.000000
vn -0.100000 0.000000 0.000000
vn -0.100000 0.000000 0.000000
vn -0.100000 0.000000 0.000000
vn -0.100000 0.000000 0.000000
vn -0.100000 0.000000 0.000000
vn -0.100000 0.000000 0.000000
vn -0.100000 0.000000 0.000000
vn -0.100000 0.000000 0.000000
vn -0.100000 0.000000 0.000000
vn -0.100000 0.000000 0.000000
vn -0.100000 0.000000 0.000000
vn -0.100000 0.000000 0.000000
vn -0.100000 0.000000 0.000000
vn -0.100000 0.000000 0.000000
vn -0.100000 0.000000 0.000000
vn -0.100000 0.000000 0.000000
vn -0.100000 0.000000 0.000000
vn -0.100000 0.000000 0.000000
vn -0.100000 0.000000 0.000000
vn -0.100000 0.000000 0.000000
vn -0.100000 0.000000 0.000000
vn -0.100000 0.000000 0.000000
vn -0.100000 0.000000 0.000000
vn -0.100000 0.000000 0.000000
vn -0.100000 0.000000 0.000000
vn -0.100000 0.000000 0.000000
vn -0.100000 0.000000 0.000000
vn -0.100000 0.000000 0.000000
vn -0.100000 0.000000 0.000000
vn -0.100000 0.000000 0.000000
vn -0.100000 0.000000 0.000000
vn -0.100000 0.000000 0.000000
vn -0.100000 0.000000 0.000000
vn -0.100000 0.000000 0.000000
vn -0.100000 0.000000 0.000000
vn -0.100000 0.000000 0.000000
vn -0.100000 0.000000 0.000000
vn -0.100000 0.000000 0.000000
vn -0.100000 0.000000 0.000000
vn -0.100000 0.000000 0.000000
vn -0.100000 0.000000 0.000000
vn -0.100000 0.000000 0.000000
vn -0.100000 0.000000 0.000000
vn -0.100000 0.000000 0.000000
vn -0.100000 0.000000 0.000000
vn -0.100000 0.000000 0.000000
vn -0.100000 0.000000 0.000000
vn -0.100000 0.000000 0.000000
vn -0.100000 0.000000 0.000000
vn -0.100000 0.000000 0.000000
vn -0.100000 0.000000 0.000000
vn -0.100000 0.000000 0.000000
vn -0.100000 0.000000 0.000000
vn -0.100000 0.000000 0.000000
vn -0.100000 0.000000 0.000000
vn -0.100000 0.000000 0.000000
vn -0.100000 0.000000 0.000000
vn -0.100000 0.000000 0.000000
vn -0.100000 0.000000 0.000000
vn -0.100000 0.000000 0.000000
vn -0.100000 0.000000 0.000000
vn -0.100000 0.000000 0.000000
vn -0.100000 0.000000 0.000000
vn -0.100000 0.000000 0.000000
vn -0.100000 0.000000 0.000000
vn -0.100000 0.000000 0.000000
vn -0.100000 0.000000 0.000000
vn -0.100000 0.000000 0.000000
vn -0.100000 0.000000 0.000000
vn -0.100000 0.000000 0.000000
vn -0.100000 0.000000 0.000000
vn -0.100000 0.000000 0.000000
vn -0.100000 0.000000 0.000000
vn -0.100000 0.000000 0.000000
vn -0.100000 0.000000 0.000000
vn -0.100000 0.000000 0.000000
vn -0.100000 0.000000 0.000000
vn -0.100000 0.000000 0.000000
vn -0.100000 0.000000 0.000000
vn -0.100000 0.000000 0.000000
vn -0.100000 0.000000 0.000000
vn -0.100000 0.000000 0.000000
vn -0.100000 0.000000 0.000000
vn -0.100000 0.000000 0.000000
vn -0.100000 0.000000 0.000000
vn -0.100000 0.000000 0.000000
vn -0.100000 0.000000 0.000000
vn -0.100000 0.000000 0.000000
vn -0.100000 0.000000 0.000000
vn -0.100000 0.000000 0.000000
vn -0.100000 0.000000 0.000000
vn -0.100000 0.000000 0.000000
vn 0.100000 0.000000 -0.000000
vn 0.100000 0.000000 -0.000000
vn 0.100000 0.000000 -0.000000
vn 0.100000 0.000000 -0.000000
vn 0.100000 0.000000 -0.000000
vn 0.100000 0.000000 -0.000000
vn 0.100000 0.000000 -0.000000
vn 0.100000 0.000000 -0.000000
vn 0.100000 0.000000 -0.000000
vn 0.100000 0.000000 -0.000000
vn 0.100000 0.000000 -0.000000
vn 0.100000 0.000000 -0.000000
vn 0.100000 0.000000 -0.000000
vn 0.100000 0.000000 -0.000000
vn 0.100000 0.000000 -0.000000
vn 0.100000 0.000000 -0.000000
vn 0.100000 0.000000 -0.000000
vn 0.100000 0.000000 -0.000000
vn 0.100000 0.000000 -0.000000
vn 0.100000 0.000000 -0.000000
vn 0.100000 0.000000 -0.000000
vn 0.100000 0.000000 -0.000000
vn 0.100000 0.000000 -0.000000
vn 0.100000 0.000000 -0.000000
vn 0.100000 0.000000 -0.000000
vn 0.100000 0.000000 -0.000000
vn 0.100000 0.000000 -0.000000
vn 0.100000 0.000000 -0.000000
vn 0.100000 0.000000 -0.000000
vn 0.100000 0.000000 -0.000000
vn 0.100000 0.000000 -0.000000
vn 0.100000 0.000000 -0.000000
vn 0.100000 0.000000 -0.000000
vn 0.100000 0.000000 -0.000000
vn 0.100000 0.000000 -0.000000
vn 0.100000 0.000000 -0.000000
vn 0.100000 0.000000 -0.000000
vn 0.100000 0.000000 -0.000000
vn 0.100000 0.000000 -0.000000
vn 0.100000 0.000000 -0.000000
vn 0.100000 0.000000 -0.000000
vn 0.100000 0.000000 -0.000000
vn 0.100000 0.000000 -0.000000
vn 0.100000 0.000000 -0.000000
vn 0.100000 0.000000 -0.000000
vn 0.100000 0.000000 -0.000000
vn 0.100000 0.000000 -0.000000
vn 0.100000 0.000000 -0.000000
vn 0.100000 0.000000 -0.000000
vn 0.100000 0.000000 -0.000000
vn 0.100000 0.000000 -0.000000
vn 0.100000 0.000000 -0.000000
vn 0.100000 0.000000 -0.000000
vn 0.100000 0.000000 -0.000000
vn 0.100000 0.000000 -0.000000
vn 0.100000 0.000000 -0.000000
vn 0.100000 0.000000 -0.000000
vn 0.100000 0.000000 -0.000000
vn 0.100000 0.000000 -0.000000
vn 0.100000 0.000000 -0.000000
vn 0.100000 0.000000 -0.000000
vn 0.100000 0.000000 -0.000000
vn 0.100000 0.000000 -0.000000
vn 0.100000 0.000000 -0.000000
vn 0.100000 0.000000 -0.000000
vn 0.100000 0.000000 -0.000000
vn 0.100000 0.000000 -0.000000
vn 0.100000 0.000000 -0.000000
vn 0.100000 0.000000 -0.000000
vn 0.100000 0.000000 -0.000000
vn 0.100000 0.000000 -0.000000
vn 0.100000 0.000000 -0.000000
vn 0.100000 0.000000 -0.000000
vn 0.100000 0.000000 -0.000000
vn 0.100000 0.000000 -0.000000
vn 0.100000 0.000000 -0.000000
vn 0.100000 0.000000 -0.000000
vn 0.100000 0.000000 -0.000000
vn 0.100000 0.000000 -0.000000
vn 0.100000 0.000000 -0.000000
vn 0.100000 0.000000 -0.000000
vn 0.100000 0.000000 -0.000000
vn 0.100000 0.000000 -0.000000
vn 0.100000 0.000000 -0.000000
vn 0.100000 0.000000 -0.000000
vn 0.100000 0.000000 -0.000000
vn 0.100000 0.000000 -0.000000
vn 0.100000 0.000000 -0.000000
vn 0.100000 0.000000 -0.000000
vn 0.100000 0.000000 -0.000000
vn 0.100000 0.000000 -0.000000
vn 0.100000 0.000000 -0.000000
vn 0.100000 0.000000 -0.000000
vn 0.100000 0.000000 -0.000000
vn 0.100000 0.000000 -0.000000
vn 0.100000 0.000000 -0.000000
vn 0.100000 0.000000 -0.000000
vn 0.100000 0.000000 -0.000000
vn 0.100000 0.000000 -0.000000
vn 0.100000 0.000000 -0.000000
vn 0.100000 0.000000 -0.000000
vn 0.100000 0.000000 -0.000000
vn 0.100000 0.000000 -0.000000
vn 0.100000 0.000000 -0.000000
vn 0.100000 0.000000 -0.000000
vn 0.100000 0.000000 -0.000000
vn 0.100000 0.000000 -0.000000
vn 0.100000 0.000000 -0.000000
vn 0.100000 0.000000 -0.000000
vn 0.100000 0.000000 -0.000000
vn 0.100000 0.000000 -0.000000
vn 0.100000 0.000000 -0.000000
vn 0.100000 0.000000 -0.000000
usemtl Paint_-_Metallic_(Yellow)
f 2/1/1 100/2/2 1/3/3
f 1/3/3 100/2/2 51/4/4
f 1/5/3 51/6/4 50/7/5
f 50/7/5 51/6/4 52/8/6
f 50/7/5 52/8/6 53/9/7
f 2/1/1 3/10/8 100/2/2
f 100/2/2 3/10/8 99/11/9
f 99/11/9 3/10/8 4/12/10
f 99/11/9 4/12/10 98/13/11
f 98/13/11 4/12/10 5/14/12
f 98/13/11 5/14/12 97/15/13
f 97/15/13 5/14/12 6/16/14
f 97/15/13 6/16/14 96/17/15
f 96/17/15 6/16/14 7/18/16
f 96/17/15 7/18/16 95/19/17
f 95/19/17 7/18/16 8/20/18
f 95/19/17 8/20/18 94/21/19
f 94/21/19 8/20/18 9/22/20
f 94/21/19 9/22/20 93/23/21
f 93/23/21 9/22/20 10/24/22
f 93/23/21 10/24/22 92/25/23
f 92/25/23 10/24/22 11/26/24
f 92/25/23 11/26/24 91/27/25
f 91/27/25 11/26/24 12/28/26
f 91/27/25 12/28/26 90/29/27
f 90/29/27 12/28/26 13/30/28
f 90/29/27 13/30/28 89/31/29
f 89/31/29 13/30/28 14/32/30
f 89/31/29 14/32/30 88/33/31
f 88/33/31 14/32/30 15/34/32
f 88/33/31 15/34/32 87/35/33
f 87/35/33 15/34/32 16/36/34
f 87/35/33 16/36/34 86/37/35
f 86/37/35 16/36/34 17/38/36
f 86/37/35 17/38/36 85/39/37
f 85/39/37 17/38/36 18/40/38
f 85/39/37 18/40/38 84/41/39
f 84/41/39 18/40/38 19/42/40
f 84/41/39 19/42/40 83/43/41
f 83/43/41 19/42/40 20/44/42
f 83/43/41 20/44/42 82/45/43
f 82/45/43 20/44/42 21/46/44
f 82/45/43 21/46/44 81/47/45
f 81/47/45 21/46/44 22/48/46
f 81/47/45 22/48/46 80/49/47
f 80/49/47 22/48/46 23/50/48
f 80/49/47 23/50/48 79/51/49
f 79/51/49 23/50/48 24/52/50
f 79/51/49 24/52/50 78/53/51
f 78/53/51 24/52/50 25/54/52
f 78/53/51 25/54/52 77/55/53
f 77/55/53 25/54/52 26/56/54
f 77/55/53 26/56/54 76/57/55
f 76/57/55 26/56/54 27/58/56
f 76/57/55 27/58/56 75/59/57
f 75/59/57 27/58/56 28/60/58
f 75/59/57 28/60/58 74/61/59
f 74/61/59 28/60/58 29/62/60
f 74/61/59 29/62/60 73/63/61
f 73/63/61 29/62/60 30/64/62
f 73/63/61 30/64/62 72/65/63
f 72/65/63 30/64/62 31/66/64
f 72/65/63 31/66/64 71/67/65
f 71/67/65 31/66/64 32/68/66
f 71/67/65 32/68/66 70/69/67
f 70/69/67 32/68/66 33/70/68
f 70/69/67 33/70/68 69/71/69
f 69/71/69 33/70/68 34/72/70
f 69/71/69 34/72/70 68/73/71
f 68/73/71 34/72/70 35/74/72
f 68/73/71 35/74/72 67/75/73
f 67/75/73 35/74/72 36/76/74
f 67/75/73 36/76/74 66/77/75
f 66/77/75 36/76/74 37/78/76
f 66/77/75 37/78/76 65/79/77
f 65/79/77 37/78/76 38/80/78
f 65/79/77 38/80/78 64/81/79
f 64/81/79 38/80/78 39/82/80
f 64/81/79 39/82/80 63/83/81
f 63/83/81 39/82/80 40/84/82
f 63/83/81 40/84/82 62/85/83
f 62/85/83 40/84/82 41/86/84
f 62/85/83 41/86/84 61/87/85
f 61/87/85 41/86/84 42/88/86
f 61/87/85 42/88/86 60/89/87
f 60/89/87 42/88/86 43/90/88
f 60/89/87 43/90/88 59/91/89
f 59/91/89 43/90/88 44/92/90
f 59/91/89 44/92/90 58/93/91
f 58/93/91 44/92/90 45/94/92
f 58/93/91 45/94/92 57/95/93
f 57/95/93 45/94/92 46/96/94
f 57/95/93 46/96/94 56/97/95
f 56/97/95 46/96/94 47/98/96
f 56/97/95 47/98/96 55/99/97
f 55/99/97 47/98/96 48/100/98
f 55/99/97 48/100/98 54/101/99
f 54/101/99 48/100/98 49/102/100
f 54/101/99 49/102/100 53/9/7
f 53/9/7 49/102/100 50/7/5
f 50/103/101 27/104/102 1/105/103
f 1/105/103 27/104/102 26/106/104
f 1/105/103 26/106/104 2/107/105
f 2/107/105 26/106/104 25/108/106
f 2/107/105 25/108/106 3/109/107
f 3/109/107 25/108/106 24/110/108
f 3/109/107 24/110/108 4/111/109
f 4/111/109 24/110/108 23/112/110
f 4/111/109 23/112/110 5/113/111
f 5/113/111 23/112/110 22/114/112
f 5/113/111 22/114/112 6/115/113
f 6/115/113 22/114/112 21/116/114
f 6/115/113 21/116/114 7/117/115
f 7/117/115 21/116/114 20/118/116
f 7/117/115 20/118/116 8/119/117
f 8/119/117 20/118/116 19/120/118
f 8/119/117 19/120/118 9/121/119
f 9/121/119 19/120/118 18/122/120
f 9/121/119 18/122/120 10/123/121
f 10/123/121 18/122/120 17/124/122
f 10/123/121 17/124/122 11/125/123
f 11/125/123 17/124/122 16/126/124
f 11/125/123 16/126/124 12/127/125
f 12/127/125 16/126/124 15/128/126
f 12/127/125 15/128/126 13/129/127
f 13/129/127 15/128/126 14/130/128
f 27/104/102 50/103/101 28/131/129
f 28/131/129 50/103/101 49/132/130
f 28/131/129 49/132/130 29/133/131
f 29/133/131 49/132/130 48/134/132
f 29/133/131 48/134/132 30/135/133
f 30/135/133 48/134/132 47/136/134
f 30/135/133 47/136/134 31/137/135
f 31/137/135 47/136/134 46/138/136
f 31/137/135 46/138/136 32/139/137
f 32/139/137 46/138/136 45/140/138
f 32/139/137 45/140/138 33/141/139
f 33/141/139 45/140/138 44/142/140
f 33/141/139 44/142/140 34/143/141
f 34/143/141 44/142/140 43/144/142
f 34/143/141 43/144/142 35/145/143
f 35/145/143 43/144/142 42/146/144
f 35/145/143 42/146/144 36/147/145
f 36/147/145 42/146/144 41/148/146
f 36/147/145 41/148/146 37/149/147
f 37/149/147 41/148/146 40/150/148
f 37/149/147 40/150/148 38/151/149
f 38/151/149 40/150/148 39/152/150
f 102/153/151 332/154/152 101/155/153
f 101/155/153 332/154/152 327/156/154
f 101/157/153 327/158/154 213/159/155
f 213/159/155 327/158/154 887/160/156
f 213/159/155 887/160/156 212/161/157
f 212/161/157 887/160/156 882/162/158
f 212/161/157 882/162/158 211/163/159
f 211/163/159 882/162/158 877/164/160
f 211/163/159 877/164/160 210/165/161
f 210/165/161 877/164/160 872/166/162
f 210/165/161 872/166/162 209/167/163
f 209/167/163 872/166/162 867/168/164
f 209/167/163 867/168/164 208/169/165
f 208/169/165 867/168/164 862/170/166
f 208/169/165 862/170/166 207/171/167
f 207/171/167 862/170/166 857/172/168
f 207/171/167 857/172/168 206/173/169
f 206/173/169 857/172/168 852/174/170
f 206/173/169 852/174/170 205/175/171
f 205/175/171 852/174/170 847/176/172
f 205/175/171 847/176/172 204/177/173
f 204/177/173 847/176/172 842/178/174
f 204/177/173 842/178/174 203/179/175
f 203/179/175 842/178/174 837/180/176
f 203/179/175 837/180/176 202/181/177
f 202/181/177 837/180/176 832/182/178
f 202/181/177 832/182/178 201/183/179
f 201/183/179 832/182/178 827/184/180
f 201/183/179 827/184/180 200/185/181
f 200/185/181 827/184/180 822/186/182
f 200/185/181 822/186/182 199/187/183
f 199/187/183 822/186/182 817/188/184
f 199/187/183 817/188/184 198/189/185
f 198/189/185 817/188/184 812/190/186
f 198/189/185 812/190/186 197/191/187
f 197/191/187 812/190/186 807/192/188
f 197/191/187 807/192/188 196/193/189
f 196/193/189 807/192/188 802/194/190
f 196/193/189 802/194/190 195/195/191
f 195/195/191 802/194/190 797/196/192
f 195/195/191 797/196/192 194/197/193
f 194/197/193 797/196/192 792/198/194
f 194/197/193 792/198/194 193/199/195
f 193/199/195 792/198/194 787/200/196
f 193/199/195 787/200/196 192/201/197
f 192/201/197 787/200/196 782/202/198
f 192/201/197 782/202/198 191/203/199
f 191/203/199 782/202/198 777/204/200
f 191/203/199 777/204/200 190/205/201
f 190/205/201 777/204/200 772/206/202
f 190/205/201 772/206/202 189/207/203
f 189/207/203 772/206/202 767/208/204
f 189/207/203 767/208/204 188/209/205
f 188/209/205 767/208/204 762/210/206
f 188/209/205 762/210/206 187/211/207
f 187/211/207 762/210/206 757/212/208
f 187/211/207 757/212/208 186/213/209
f 186/213/209 757/212/208 752/214/210
f 186/213/209 752/214/210 185/215/211
f 185/215/211 752/214/210 747/216/212
f 185/215/211 747/216/212 184/217/213
f 184/217/213 747/216/212 742/218/214
f 184/217/213 742/218/214 183/219/215
f 183/219/215 742/218/214 737/220/216
f 183/219/215 737/220/216 182/221/217
f 182/221/217 737/220/216 732/222/218
f 182/221/217 732/222/218 181/223/219
f 181/223/219 732/222/218 727/224/220
f 181/223/219 727/224/220 180/225/221
f 180/225/221 727/224/220 722/226/222
f 180/225/221 722/226/222 179/227/223
f 179/227/223 722/226/222 717/228/224
f 179/227/223 717/228/224 178/229/225
f 178/229/225 717/228/224 712/230/226
f 178/229/225 712/230/226 177/231/227
f 177/231/227 712/230/226 707/232/228
f 177/231/227 707/232/228 176/233/229
f 176/233/229 707/232/228 702/234/230
f 176/233/229 702/234/230 175/235/231
f 175/235/231 702/234/230 697/236/232
f 175/235/231 697/236/232 174/237/233
f 174/237/233 697/236/232 692/238/234
f 174/237/233 692/238/234 173/239/235
f 173/239/235 692/238/234 687/240/236
f 173/239/235 687/240/236 172/241/237
f 172/241/237 687/240/236 682/242/238
f 172/241/237 682/242/238 171/243/239
f 171/243/239 682/242/238 677/244/240
f 171/243/239 677/244/240 170/245/241
f 170/245/241 677/244/240 672/246/242
f 170/245/241 672/246/242 169/247/243
f 169/247/243 672/246/242 667/248/244
f 169/247/243 667/248/244 168/249/245
f 168/249/245 667/248/244 662/250/246
f 168/249/245 662/250/246 167/251/247
f 167/251/247 662/250/246 657/252/248
f 167/251/247 657/252/248 166/253/249
f 166/253/249 657/252/248 652/254/250
f 166/253/249 652/254/250 165/255/251
f 165/255/251 652/254/250 647/256/252
f 165/255/251 647/256/252 164/257/253
f 164/257/253 647/256/252 642/258/254
f 164/257/253 642/258/254 163/259/255
f 163/259/255 642/258/254 637/260/256
f 163/259/255 637/260/256 162/261/257
f 162/261/257 637/260/256 632/262/258
f 162/261/257 632/262/258 161/263/259
f 161/263/259 632/262/258 627/264/260
f 161/263/259 627/264/260 160/265/261
f 160/265/261 627/264/260 622/266/262
f 160/265/261 622/266/262 159/267/263
f 159/267/263 622/266/262 617/268/264
f 159/267/263 617/268/264 158/269/265
f 158/269/265 617/268/264 612/270/266
f 158/269/265 612/270/266 157/271/267
f 157/271/267 612/270/266 607/272/268
f 157/271/267 607/272/268 156/273/269
f 156/273/269 607/272/268 602/274/270
f 156/273/269 602/274/270 155/275/271
f 155/275/271 602/274/270 597/276/272
f 155/275/271 597/276/272 154/277/273
f 154/277/273 597/276/272 592/278/274
f 154/277/273 592/278/274 153/279/275
f 153/279/275 592/278/274 587/280/276
f 153/279/275 587/280/276 152/281/277
f 152/281/277 587/280/276 582/282/278
f 152/281/277 582/282/278 151/283/279
f 151/283/279 582/282/278 577/284/280
f 151/283/279 577/284/280 150/285/281
f 150/285/281 577/284/280 572/286/282
f 150/285/281 572/286/282 149/287/283
f 149/287/283 572/286/282 567/288/284
f 149/287/283 567/288/284 148/289/285
f 148/289/285 567/288/284 562/290/286
f 148/289/285 562/290/286 147/291/287
f 147/291/287 562/290/286 557/292/288
f 147/291/287 557/292/288 146/293/289
f 146/293/289 557/292/288 552/294/290
f 146/293/289 552/294/290 145/295/291
f 145/295/291 552/294/290 547/296/292
f 145/295/291 547/296/292 144/297/293
f 144/297/293 547/296/292 542/298/294
f 144/297/293 542/298/294 143/299/295
f 143/299/295 542/298/294 537/300/296
f 143/299/295 537/300/296 142/301/297
f 142/301/297 537/300/296 532/302/298
f 142/301/297 532/302/298 141/303/299
f 141/303/299 532/302/298 527/304/300
f 141/303/299 527/304/300 140/305/301
f 140/305/301 527/304/300 522/306/302
f 140/305/301 522/306/302 139/307/303
f 139/307/303 522/306/302 517/308/304
f 139/307/303 517/308/304 138/309/305
f 138/309/305 517/308/304 512/310/306
f 138/309/305 512/310/306 137/311/307
f 137/311/307 512/310/306 507/312/308
f 137/311/307 507/312/308 136/313/309
f 136/313/309 507/312/308 502/314/310
f 136/313/309 502/314/310 135/315/311
f 135/315/311 502/314/310 497/316/312
f 135/315/311 497/316/312 134/317/313
f 134/317/313 497/316/312 492/318/314
f 134/317/313 492/318/314 133/319/315
f 133/319/315 492/318/314 487/320/316
f 133/319/315 487/320/316 132/321/317
f 132/321/317 487/320/316 482/322/318
f 132/321/317 482/322/318 131/323/319
f 131/323/319 482/322/318 477/324/320
f 131/323/319 477/324/320 130/325/321
f 130/325/321 477/324/320 472/326/322
f 130/325/321 472/326/322 129/327/323
f 129/327/323 472/326/322 467/328/324
f 129/327/323 467/328/324 128/329/325
f 128/329/325 467/328/324 462/330/326
f 128/329/325 462/330/326 127/331/327
f 127/331/327 462/330/326 457/332/328
f 127/331/327 457/332/328 126/333/329
f 126/333/329 457/332/328 452/334/330
f 126/333/329 452/334/330 125/335/331
f 125/335/331 452/334/330 447/336/332
f 125/335/331 447/336/332 124/337/333
f 124/337/333 447/336/332 442/338/334
f 124/337/333 442/338/334 123/339/335
f 123/339/335 442/338/334 437/340/336
f 123/339/335 437/340/336 122/341/337
f 122/341/337 437/340/336 432/342/338
f 122/341/337 432/342/338 121/343/339
f 121/343/339 432/342/338 427/344/340
f 121/343/339 427/344/340 120/345/341
f 120/345/341 427/344/340 422/346/342
f 120/345/341 422/346/342 119/347/343
f 119/347/343 422/346/342 417/348/344
f 119/347/343 417/348/344 118/349/345
f 118/349/345 417/348/344 412/350/346
f 118/349/345 412/350/346 117/351/347
f 117/351/347 412/350/346 407/352/348
f 117/351/347 407/352/348 116/353/349
f 116/353/349 407/352/348 402/354/350
f 116/353/349 402/354/350 115/355/351
f 115/355/351 402/354/350 397/356/352
f 115/355/351 397/356/352 114/357/353
f 114/357/353 397/356/352 392/358/354
f 114/357/353 392/358/354 113/359/355
f 113/359/355 392/358/354 387/360/356
f 113/359/355 387/360/356 112/361/357
f 112/361/357 387/360/356 382/362/358
f 112/361/357 382/362/358 111/363/359
f 111/363/359 382/362/358 377/364/360
f 111/363/359 377/364/360 110/365/361
f 110/365/361 377/364/360 372/366/362
f 110/365/361 372/366/362 109/367/363
f 109/367/363 372/366/362 367/368/364
f 109/367/363 367/368/364 108/369/365
f 108/369/365 367/368/364 362/370/366
f 108/369/365 362/370/366 107/371/367
f 107/371/367 362/370/366 357/372/368
f 107/371/367 357/372/368 106/373/369
f 106/373/369 357/372/368 352/374/370
f 106/373/369 352/374/370 105/375/371
f 105/375/371 352/374/370 347/376/372
f 105/375/371 347/376/372 104/377/373
f 104/377/373 347/376/372 342/378/374
f 104/377/373 342/378/374 103/379/375
f 103/379/375 342/378/374 337/380/376
f 103/379/375 337/380/376 102/153/151
f 102/153/151 337/380/376 332/154/152
f 215/381/377 891/382/378 214/383/379
f 214/383/379 891/382/378 331/384/380
f 214/385/379 331/386/380 326/387/381
f 326/387/381 331/386/380 336/388/382
f 326/387/381 336/388/382 325/389/383
f 325/389/383 336/388/382 341/390/384
f 325/389/383 341/390/384 324/391/385
f 324/391/385 341/390/384 346/392/386
f 324/391/385 346/392/386 323/393/387
f 323/393/387 346/392/386 351/394/388
f 323/393/387 351/394/388 322/395/389
f 322/395/389 351/394/388 356/396/390
f 322/395/389 356/396/390 321/397/391
f 321/397/391 356/396/390 361/398/392
f 321/397/391 361/398/392 320/399/393
f 320/399/393 361/398/392 366/400/394
f 320/399/393 366/400/394 319/401/395
f 319/401/395 366/400/394 371/402/396
f 319/401/395 371/402/396 318/403/397
f 318/403/397 371/402/396 376/404/398
f 318/403/397 376/404/398 317/405/399
f 317/405/399 376/404/398 381/406/400
f 317/405/399 381/406/400 316/407/401
f 316/407/401 381/406/400 386/408/402
f 316/407/401 386/408/402 315/409/403
f 315/409/403 386/408/402 391/410/404
f 315/409/403 391/410/404 314/411/405
f 314/411/405 391/410/404 396/412/406
f 314/411/405 396/412/406 313/413/407
f 313/413/407 396/412/406 401/414/408
f 313/413/407 401/414/408 312/415/409
f 312/415/409 401/414/408 406/416/410
f 312/415/409 406/416/410 311/417/411
f 311/417/411 406/416/410 411/418/412
f 311/417/411 411/418/412 310/419/413
f 310/419/413 411/418/412 416/420/414
f 310/419/413 416/420/414 309/421/415
f 309/421/415 416/420/414 421/422/416
f 309/421/415 421/422/416 308/423/417
f 308/423/417 421/422/416 426/424/418
f 308/423/417 426/424/418 307/425/419
f 307/425/419 426/424/418 431/426/420
f 307/425/419 431/426/420 306/427/421
f 306/427/421 431/426/420 436/428/422
f 306/427/421 436/428/422 305/429/423
f 305/429/423 436/428/422 441/430/424
f 305/429/423 441/430/424 304/431/425
f 304/431/425 441/430/424 446/432/426
f 304/431/425 446/432/426 303/433/427
f 303/433/427 446/432/426 451/434/428
f 303/433/427 451/434/428 302/435/429
f 302/435/429 451/434/428 456/436/430
f 302/435/429 456/436/430 301/437/431
f 301/437/431 456/436/430 461/438/432
f 301/437/431 461/438/432 300/439/433
f 300/439/433 461/438/432 466/440/434
f 300/439/433 466/440/434 299/441/435
f 299/441/435 466/440/434 471/442/436
f 299/441/435 471/442/436 298/443/437
f 298/443/437 471/442/436 476/444/438
f 298/443/437 476/444/438 297/445/439
f 297/445/439 476/444/438 481/446/440
f 297/445/439 481/446/440 296/447/441
f 296/447/441 481/446/440 486/448/442
f 296/447/441 486/448/442 295/449/443
f 295/449/443 486/448/442 491/450/444
f 295/449/443 491/450/444 294/451/445
f 294/451/445 491/450/444 496/452/446
f 294/451/445 496/452/446 293/453/447
f 293/453/447 496/452/446 501/454/448
f 293/453/447 501/454/448 292/455/449
f 292/455/449 501/454/448 506/456/450
f 292/455/449 506/456/450 291/457/451
f 291/457/451 506/456/450 511/458/452
f 291/457/451 511/458/452 290/459/453
f 290/459/453 511/458/452 516/460/454
f 290/459/453 516/460/454 289/461/455
f 289/461/455 516/460/454 521/462/456
f 289/461/455 521/462/456 288/463/457
f 288/463/457 521/462/456 526/464/458
f 288/463/457 526/464/458 287/465/459
f 287/465/459 526/464/458 531/466/460
f 287/465/459 531/466/460 286/467/461
f 286/467/461 531/466/460 536/468/462
f 286/467/461 536/468/462 285/469/463
f 285/469/463 536/468/462 541/470/464
f 285/469/463 541/470/464 284/471/465
f 284/471/465 541/470/464 546/472/466
f 284/471/465 546/472/466 283/473/467
f 283/473/467 546/472/466 551/474/468
f 283/473/467 551/474/468 282/475/469
f 282/475/469 551/474/468 556/476/470
f 282/475/469 556/476/470 281/477/471
f 281/477/471 556/476/470 561/478/472
f 281/477/471 561/478/472 280/479/473
f 280/479/473 561/478/472 566/480/474
f 280/479/473 566/480/474 279/481/475
f 279/481/475 566/480/474 571/482/476
f 279/481/475 571/482/476 278/483/477
f 278/483/477 571/482/476 576/484/478
f 278/483/477 576/484/478 277/485/479
f 277/485/479 576/484/478 581/486/480
f 277/485/479 581/486/480 276/487/481
f 276/487/481 581/486/480 586/488/482
f 276/487/481 586/488/482 275/489/483
f 275/489/483 586/488/482 591/490/484
f 275/489/483 591/490/484 274/491/485
f 274/491/485 591/490/484 596/492/486
f 274/491/485 596/492/486 273/493/487
f 273/493/487 596/492/486 601/494/488
f 273/493/487 601/494/488 272/495/489
f 272/495/489 601/494/488 606/496/490
f 272/495/489 606/496/490 271/497/491
f 271/497/491 606/496/490 611/498/492
f 271/497/491 611/498/492 270/499/493
f 270/499/493 611/498/492 616/500/494
f 270/499/493 616/500/494 269/501/495
f 269/501/495 616/500/494 621/502/496
f 269/501/495 621/502/496 268/503/497
f 268/503/497 621/502/496 626/504/498
f 268/503/497 626/504/498 267/505/499
f 267/505/499 626/504/498 631/506/500
f 267/505/499 631/506/500 266/507/501
f 266/507/501 631/506/500 636/508/502
f 266/507/501 636/508/502 265/509/503
f 265/509/503 636/508/502 641/510/504
f 265/509/503 641/510/504 264/511/505
f 264/511/505 641/510/504 646/512/506
f 264/511/505 646/512/506 263/513/507
f 263/513/507 646/512/506 651/514/508
f 263/513/507 651/514/508 262/515/509
f 262/515/509 651/514/508 656/516/510
f 262/515/509 656/516/510 261/517/511
f 261/517/511 656/516/510 661/518/512
f 261/517/511 661/518/512 260/519/513
f 260/519/513 661/518/512 666/520/514
f 260/519/513 666/520/514 259/521/515
f 259/521/515 666/520/514 671/522/516
f 259/521/515 671/522/516 258/523/517
f 258/523/517 671/522/516 676/524/518
f 258/523/517 676/524/518 257/525/519
f 257/525/519 676/524/518 681/526/520
f 257/525/519 681/526/520 256/527/521
f 256/527/521 681/526/520 686/528/522
f 256/527/521 686/528/522 255/529/523
f 255/529/523 686/528/522 691/530/524
f 255/529/523 691/530/524 254/531/525
f 254/531/525 691/530/524 696/532/526
f 254/531/525 696/532/526 253/533/527
f 253/533/527 696/532/526 701/534/528
f 253/533/527 701/534/528 252/535/529
f 252/535/529 701/534/528 706/536/530
f 252/535/529 706/536/530 251/537/531
f 251/537/531 706/536/530 711/538/532
f 251/537/531 711/538/532 250/539/533
f 250/539/533 711/538/532 716/540/534
f 250/539/533 716/540/534 249/541/535
f 249/541/535 716/540/534 721/542/536
f 249/541/535 721/542/536 248/543/537
f 248/543/537 721/542/536 726/544/538
f 248/543/537 726/544/538 247/545/539
f 247/545/539 726/544/538 731/546/540
f 247/545/539 731/546/540 246/547/541
f 246/547/541 731/546/540 736/548/542
f 246/547/541 736/548/542 245/549/543
f 245/549/543 736/548/542 741/550/544
f 245/549/543 741/550/544 244/551/545
f 244/551/545 741/550/544 746/552/546
f 244/551/545 746/552/546 243/553/547
f 243/553/547 746/552/546 751/554/548
f 243/553/547 751/554/548 242/555/549
f 242/555/549 751/554/548 756/556/550
f 242/555/549 756/556/550 241/557/551
f 241/557/551 756/556/550 761/558/552
f 241/557/551 761/558/552 240/559/553
f 240/559/553 761/558/552 766/560/554
f 240/559/553 766/560/554 239/561/555
f 239/561/555 766/560/554 771/562/556
f 239/561/555 771/562/556 238/563/557
f 238/563/557 771/562/556 776/564/558
f 238/563/557 776/564/558 237/565/559
f 237/565/559 776/564/558 781/566/560
f 237/565/559 781/566/560 236/567/561
f 236/567/561 781/566/560 786/568/562
f 236/567/561 786/568/562 235/569/563
f 235/569/563 786/568/562 791/570/564
f 235/569/563 791/570/564 234/571/565
f 234/571/565 791/570/564 796/572/566
f 234/571/565 796/572/566 233/573/567
f 233/573/567 796/572/566 801/574/568
f 233/573/567 801/574/568 232/575/569
f 232/575/569 801/574/568 806/576/570
f 232/575/569 806/576/570 231/577/571
f 231/577/571 806/576/570 811/578/572
f 231/577/571 811/578/572 230/579/573
f 230/579/573 811/578/572 816/580/574
f 230/579/573 816/580/574 229/581/575
f 229/581/575 816/580/574 821/582/576
f 229/581/575 821/582/576 228/583/577
f 228/583/577 821/582/576 826/584/578
f 228/583/577 826/584/578 227/585/579
f 227/585/579 826/584/578 831/586/580
f 227/585/579 831/586/580 226/587/581
f 226/587/581 831/586/580 836/588/582
f 226/587/581 836/588/582 225/589/583
f 225/589/583 836/588/582 841/590/584
f 225/589/583 841/590/584 224/591/585
f 224/591/585 841/590/584 846/592/586
f 224/591/585 846/592/586 223/593/587
f 223/593/587 846/592/586 851/594/588
f 223/593/587 851/594/588 222/595/589
f 222/595/589 851/594/588 856/596/590
f 222/595/589 856/596/590 221/597/591
f 221/597/591 856/596/590 861/598/592
f 221/597/591 861/598/592 220/599/593
f 220/599/593 861/598/592 866/600/594
f 220/599/593 866/600/594 219/601/595
f 219/601/595 866/600/594 871/602/596
f 219/601/595 871/602/596 218/603/597
f 218/603/597 871/602/596 876/604/598
f 218/603/597 876/604/598 217/605/599
f 217/605/599 876/604/598 881/606/600
f 217/605/599 881/606/600 216/607/601
f 216/607/601 881/606/600 886/608/602
f 216/607/601 886/608/602 215/381/377
f 215/381/377 886/608/602 891/382/378
f 327/158/154 328/609/603 887/160/156
f 887/160/156 328/609/603 888/610/604
f 887/160/156 888/610/604 882/162/158
f 882/162/158 888/610/604 883/611/605
f 882/162/158 883/611/605 877/164/160
f 877/164/160 883/611/605 878/612/606
f 877/164/160 878/612/606 872/166/162
f 872/166/162 878/612/606 873/613/607
f 872/166/162 873/613/607 867/168/164
f 867/168/164 873/613/607 868/614/608
f 867/168/164 868/614/608 862/170/166
f 862/170/166 868/614/608 863/615/609
f 862/170/166 863/615/609 857/172/168
f 857/172/168 863/615/609 858/616/610
f 857/172/168 858/616/610 852/174/170
f 852/174/170 858/616/610 853/617/611
f 852/174/170 853/617/611 847/176/172
f 847/176/172 853/617/611 848/618/612
f 847/176/172 848/618/612 842/178/174
f 842/178/174 848/618/612 843/619/613
f 842/178/174 843/619/613 837/180/176
f 837/180/176 843/619/613 838/620/614
f 837/180/176 838/620/614 832/182/178
f 832/182/178 838/620/614 833/621/615
f 832/182/178 833/621/615 827/184/180
f 827/184/180 833/621/615 828/622/616
f 827/184/180 828/622/616 822/186/182
f 822/186/182 828/622/616 823/623/617
f 822/186/182 823/623/617 817/188/184
f 817/188/184 823/623/617 818/624/618
f 817/188/184 818/624/618 812/190/186
f 812/190/186 818/624/618 813/625/619
f 812/190/186 813/625/619 807/192/188
f 807/192/188 813/625/619 808/626/620
f 807/192/188 808/626/620 802/194/190
f 802/194/190 808/626/620 803/627/621
f 802/194/190 803/627/621 797/196/192
f 797/196/192 803/627/621 798/628/622
f 797/196/192 798/628/622 792/198/194
f 792/198/194 798/628/622 793/629/623
f 792/198/194 793/629/623 787/200/196
f 787/200/196 793/629/623 788/630/624
f 787/200/196 788/630/624 782/202/198
f 782/202/198 788/630/624 783/631/625
f 782/202/198 783/631/625 777/204/200
f 777/204/200 783/631/625 778/632/626
f 777/204/200 778/632/626 772/206/202
f 772/206/202 778/632/626 773/633/627
f 772/206/202 773/633/627 767/208/204
f 767/208/204 773/633/627 768/634/628
f 767/208/204 768/634/628 762/210/206
f 762/210/206 768/634/628 763/635/629
f 762/210/206 763/635/629 757/212/208
f 757/212/208 763/635/629 758/636/630
f 757/212/208 758/636/630 752/214/210
f 752/214/210 758/636/630 753/637/631
f 752/214/210 753/637/631 747/216/212
f 747/216/212 753/637/631 748/638/632
f 747/216/212 748/638/632 742/218/214
f 742/218/214 748/638/632 743/639/633
f 742/218/214 743/639/633 737/220/216
f 737/220/216 743/639/633 738/640/634
f 737/220/216 738/640/634 732/222/218
f 732/222/218 738/640/634 733/641/635
f 732/222/218 733/641/635 727/224/220
f 727/224/220 733/641/635 728/642/636
f 727/224/220 728/642/636 722/226/222
f 722/226/222 728/642/636 723/643/637
f 722/226/222 723/643/637 717/228/224
f 717/228/224 723/643/637 718/644/638
f 717/228/224 718/644/638 712/230/226
f 712/230/226 718/644/638 713/645/639
f 712/230/226 713/645/639 707/232/228
f 707/232/228 713/645/639 708/646/640
f 707/232/228 708/646/640 702/234/230
f 702/234/230 708/646/640 703/647/641
f 702/234/230 703/647/641 697/236/232
f 697/236/232 703/647/641 698/648/642
f 697/236/232 698/648/642 692/238/234
f 692/238/234 698/648/642 693/649/643
f 692/238/234 693/649/643 687/240/236
f 687/240/236 693/649/643 688/650/644
f 687/240/236 688/650/644 682/242/238
f 682/242/238 688/650/644 683/651/645
f 682/242/238 683/651/645 677/244/240
f 677/244/240 683/651/645 678/652/646
f 677/244/240 678/652/646 672/246/242
f 672/246/242 678/652/646 673/653/647
f 672/246/242 673/653/647 667/248/244
f 667/248/244 673/653/647 668/654/648
f 667/248/244 668/654/648 662/250/246
f 662/250/246 668/654/648 663/655/649
f 662/250/246 663/655/649 657/252/248
f 657/252/248 663/655/649 658/656/650
f 657/252/248 658/656/650 652/254/250
f 652/254/250 658/656/650 653/657/651
f 652/254/250 653/657/651 647/256/252
f 647/256/252 653/657/651 648/658/652
f 647/256/252 648/658/652 642/258/254
f 642/258/254 648/658/652 643/659/653
f 642/258/254 643/659/653 637/260/256
f 637/260/256 643/659/653 638/660/654
f 637/260/256 638/660/654 632/262/258
f 632/262/258 638/660/654 633/661/655
f 632/262/258 633/661/655 627/264/260
f 627/264/260 633/661/655 628/662/656
f 627/264/260 628/662/656 622/266/262
f 622/266/262 628/662/656 623/663/657
f 622/266/262 623/663/657 617/268/264
f 617/268/264 623/663/657 618/664/658
f 617/268/264 618/664/658 612/270/266
f 612/270/266 618/664/658 613/665/659
f 612/270/266 613/665/659 607/272/268
f 607/272/268 613/665/659 608/666/660
f 607/272/268 608/666/660 602/274/270
f 602/274/270 608/666/660 603/667/661
f 602/274/270 603/667/661 597/276/272
f 597/276/272 603/667/661 598/668/662
f 597/276/272 598/668/662 592/278/274
f 592/278/274 598/668/662 593/669/663
f 592/278/274 593/669/663 587/280/276
f 587/280/276 593/669/663 588/670/664
f 587/280/276 588/670/664 582/282/278
f 582/282/278 588/670/664 583/671/665
f 582/282/278 583/671/665 577/284/280
f 577/284/280 583/671/665 578/672/666
f 577/284/280 578/672/666 572/286/282
f 572/286/282 578/672/666 573/673/667
f 572/286/282 573/673/667 567/288/284
f 567/288/284 573/673/667 568/674/668
f 567/288/284 568/674/668 562/290/286
f 562/290/286 568/674/668 563/675/669
f 562/290/286 563/675/669 557/292/288
f 557/292/288 563/675/669 558/676/670
f 557/292/288 558/676/670 552/294/290
f 552/294/290 558/676/670 553/677/671
f 552/294/290 553/677/671 547/296/292
f 547/296/292 553/677/671 548/678/672
f 547/296/292 548/678/672 542/298/294
f 542/298/294 548/678/672 543/679/673
f 542/298/294 543/679/673 537/300/296
f 537/300/296 543/679/673 538/680/674
f 537/300/296 538/680/674 532/302/298
f 532/302/298 538/680/674 533/681/675
f 532/302/298 533/681/675 527/304/300
f 527/304/300 533/681/675 528/682/676
f 527/304/300 528/682/676 522/306/302
f 522/306/302 528/682/676 523/683/677
f 522/306/302 523/683/677 517/308/304
f 517/308/304 523/683/677 518/684/678
f 517/308/304 518/684/678 512/310/306
f 512/310/306 518/684/678 513/685/679
f 512/310/306 513/685/679 507/312/308
f 507/312/308 513/685/679 508/686/680
f 507/312/308 508/686/680 502/314/310
f 502/314/310 508/686/680 503/687/681
f 502/314/310 503/687/681 497/316/312
f 497/316/312 503/687/681 498/688/682
f 497/316/312 498/688/682 492/318/314
f 492/318/314 498/688/682 493/689/683
f 492/318/314 493/689/683 487/320/316
f 487/320/316 493/689/683 488/690/684
f 487/320/316 488/690/684 482/322/318
f 482/322/318 488/690/684 483/691/685
f 482/322/318 483/691/685 477/324/320
f 477/324/320 483/691/685 478/692/686
f 477/324/320 478/692/686 472/326/322
f 472/326/322 478/692/686 473/693/687
f 472/326/322 473/693/687 467/328/324
f 467/328/324 473/693/687 468/694/688
f 467/328/324 468/694/688 462/330/326
f 462/330/326 468/694/688 463/695/689
f 462/330/326 463/695/689 457/332/328
f 457/332/328 463/695/689 458/696/690
f 457/332/328 458/696/690 452/334/330
f 452/334/330 458/696/690 453/697/691
f 452/334/330 453/697/691 447/336/332
f 447/336/332 453/697/691 448/698/692
f 447/336/332 448/698/692 442/338/334
f 442/338/334 448/698/692 443/699/693
f 442/338/334 443/699/693 437/340/336
f 437/340/336 443/699/693 438/700/694
f 437/340/336 438/700/694 432/342/338
f 432/342/338 438/700/694 433/701/695
f 432/342/338 433/701/695 427/344/340
f 427/344/340 433/701/695 428/702/696
f 427/344/340 428/702/696 422/346/342
f 422/346/342 428/702/696 423/703/697
f 422/346/342 423/703/697 417/348/344
f 417/348/344 423/703/697 418/704/698
f 417/348/344 418/704/698 412/350/346
f 412/350/346 418/704/698 413/705/699
f 412/350/346 413/705/699 407/352/348
f 407/352/348 413/705/699 408/706/700
f 407/352/348 408/706/700 402/354/350
f 402/354/350 408/706/700 403/707/701
f 402/354/350 403/707/701 397/356/352
f 397/356/352 403/707/701 398/708/702
f 397/356/352 398/708/702 392/358/354
f 392/358/354 398/708/702 393/709/703
f 392/358/354 393/709/703 387/360/356
f 387/360/356 393/709/703 388/710/704
f 387/360/356 388/710/704 382/362/358
f 382/362/358 388/710/704 383/711/705
f 382/362/358 383/711/705 377/364/360
f 377/364/360 383/711/705 378/712/706
f 377/364/360 378/712/706 372/366/362
f 372/366/362 378/712/706 373/713/707
f 372/366/362 373/713/707 367/368/364
f 367/368/364 373/713/707 368/714/708
f 367/368/364 368/714/708 362/370/366
f 362/370/366 368/714/708 363/715/709
f 362/370/366 363/715/709 357/372/368
f 357/372/368 363/715/709 358/716/710
f 357/372/368 358/716/710 352/374/370
f 352/374/370 358/716/710 353/717/711
f 352/374/370 353/717/711 347/376/372
f 347/376/372 353/717/711 348/718/712
f 347/376/372 348/718/712 342/378/374
f 342/378/374 348/718/712 343/719/713
f 342/378/374 343/719/713 337/380/376
f 337/380/376 343/719/713 338/720/714
f 337/380/376 338/720/714 332/154/152
f 332/154/152 338/720/714 333/721/715
f 332/154/152 333/721/715 327/156/154
f 327/156/154 333/721/715 328/722/603
f 328/609/603 329/723/716 888/610/604
f 888/610/604 329/723/716 889/724/717
f 888/610/604 889/724/717 883/611/605
f 883/611/605 889/724/717 884/725/718
f 883/611/605 884/725/718 878/612/606
f 878/612/606 884/725/718 879/726/719
f 878/612/606 879/726/719 873/613/607
f 873/613/607 879/726/719 874/727/720
f 873/613/607 874/727/720 868/614/608
f 868/614/608 874/727/720 869/728/721
f 868/614/608 869/728/721 863/615/609
f 863/615/609 869/728/721 864/729/722
f 863/615/609 864/729/722 858/616/610
f 858/616/610 864/729/722 859/730/723
f 858/616/610 859/730/723 853/617/611
f 853/617/611 859/730/723 854/731/724
f 853/617/611 854/731/724 848/618/612
f 848/618/612 854/731/724 849/732/725
f 848/618/612 849/732/725 843/619/613
f 843/619/613 849/732/725 844/733/726
f 843/619/613 844/733/726 838/620/614
f 838/620/614 844/733/726 839/734/727
f 838/620/614 839/734/727 833/621/615
f 833/621/615 839/734/727 834/735/728
f 833/621/615 834/735/728 828/622/616
f 828/622/616 834/735/728 829/736/729
f 828/622/616 829/736/729 823/623/617
f 823/623/617 829/736/729 824/737/730
f 823/623/617 824/737/730 818/624/618
f 818/624/618 824/737/730 819/738/731
f 818/624/618 819/738/731 813/625/619
f 813/625/619 819/738/731 814/739/732
f 813/625/619 814/739/732 808/626/620
f 808/626/620 814/739/732 809/740/733
f 808/626/620 809/740/733 803/627/621
f 803/627/621 809/740/733 804/741/734
f 803/627/621 804/741/734 798/628/622
f 798/628/622 804/741/734 799/742/735
f 798/628/622 799/742/735 793/629/623
f 793/629/623 799/742/735 794/743/736
f 793/629/623 794/743/736 788/630/624
f 788/630/624 794/743/736 789/744/737
f 788/630/624 789/744/737 783/631/625
f 783/631/625 789/744/737 784/745/738
f 783/631/625 784/745/738 778/632/626
f 778/632/626 784/745/738 779/746/739
f 778/632/626 779/746/739 773/633/627
f 773/633/627 779/746/739 774/747/740
f 773/633/627 774/747/740 768/634/628
f 768/634/628 774/747/740 769/748/741
f 768/634/628 769/748/741 763/635/629
f 763/635/629 769/748/741 764/749/742
f 763/635/629 764/749/742 758/636/630
f 758/636/630 764/749/742 759/750/743
f 758/636/630 759/750/743 753/637/631
f 753/637/631 759/750/743 754/751/744
f 753/637/631 754/751/744 748/638/632
f 748/638/632 754/751/744 749/752/745
f 748/638/632 749/752/745 743/639/633
f 743/639/633 749/752/745 744/753/746
f 743/639/633 744/753/746 738/640/634
f 738/640/634 744/753/746 739/754/747
f 738/640/634 739/754/747 733/641/635
f 733/641/635 739/754/747 734/755/748
f 733/641/635 734/755/748 728/642/636
f 728/642/636 734/755/748 729/756/749
f 728/642/636 729/756/749 723/643/637
f 723/643/637 729/756/749 724/757/750
f 723/643/637 724/757/750 718/644/638
f 718/644/638 724/757/750 719/758/751
f 718/644/638 719/758/751 713/645/639
f 713/645/639 719/758/751 714/759/752
f 713/645/639 714/759/752 708/646/640
f 708/646/640 714/759/752 709/760/753
f 708/646/640 709/760/753 703/647/641
f 703/647/641 709/760/753 704/761/754
f 703/647/641 704/761/754 698/648/642
f 698/648/642 704/761/754 699/762/755
f 698/648/642 699/762/755 693/649/643
f 693/649/643 699/762/755 694/763/756
f 693/649/643 694/763/756 688/650/644
f 688/650/644 694/763/756 689/764/757
f 688/650/644 689/764/757 683/651/645
f 683/651/645 689/764/757 684/765/758
f 683/651/645 684/765/758 678/652/646
f 678/652/646 684/765/758 679/766/759
f 678/652/646 679/766/759 673/653/647
f 673/653/647 679/766/759 674/767/760
f 673/653/647 674/767/760 668/654/648
f 668/654/648 674/767/760 669/768/761
f 668/654/648 669/768/761 663/655/649
f 663/655/649 669/768/761 664/769/762
f 663/655/649 664/769/762 658/656/650
f 658/656/650 664/769/762 659/770/763
f 658/656/650 659/770/763 653/657/651
f 653/657/651 659/770/763 654/771/764
f 653/657/651 654/771/764 648/658/652
f 648/658/652 654/771/764 649/772/765
f 648/658/652 649/772/765 643/659/653
f 643/659/653 649/772/765 644/773/766
f 643/659/653 644/773/766 638/660/654
f 638/660/654 644/773/766 639/774/767
f 638/660/654 639/774/767 633/661/655
f 633/661/655 639/774/767 634/775/768
f 633/661/655 634/775/768 628/662/656
f 628/662/656 634/775/768 629/776/769
f 628/662/656 629/776/769 623/663/657
f 623/663/657 629/776/769 624/777/770
f 623/663/657 624/777/770 618/664/658
f 618/664/658 624/777/770 619/778/771
f 618/664/658 619/778/771 613/665/659
f 613/665/659 619/778/771 614/779/772
f 613/665/659 614/779/772 608/666/660
f 608/666/660 614/779/772 609/780/773
f 608/666/660 609/780/773 603/667/661
f 603/667/661 609/780/773 604/781/774
f 603/667/661 604/781/774 598/668/662
f 598/668/662 604/781/774 599/782/775
f 598/668/662 599/782/775 593/669/663
f 593/669/663 599/782/775 594/783/776
f 593/669/663 594/783/776 588/670/664
f 588/670/664 594/783/776 589/784/777
f 588/670/664 589/784/777 583/671/665
f 583/671/665 589/784/777 584/785/778
f 583/671/665 584/785/778 578/672/666
f 578/672/666 584/785/778 579/786/779
f 578/672/666 579/786/779 573/673/667
f 573/673/667 579/786/779 574/787/780
f 573/673/667 574/787/780 568/674/668
f 568/674/668 574/787/780 569/788/781
f 568/674/668 569/788/781 563/675/669
f 563/675/669 569/788/781 564/789/782
f 563/675/669 564/789/782 558/676/670
f 558/676/670 564/789/782 559/790/783
f 558/676/670 559/790/783 553/677/671
f 553/677/671 559/790/783 554/791/784
f 553/677/671 554/791/784 548/678/672
f 548/678/672 554/791/784 549/792/785
f 548/678/672 549/792/785 543/679/673
f 543/679/673 549/792/785 544/793/786
f 543/679/673 544/793/786 538/680/674
f 538/680/674 544/793/786 539/794/787
f 538/680/674 539/794/787 533/681/675
f 533/681/675 539/794/787 534/795/788
f 533/681/675 534/795/788 528/682/676
f 528/682/676 534/795/788 529/796/789
f 528/682/676 529/796/789 523/683/677
f 523/683/677 529/796/789 524/797/790
f 523/683/677 524/797/790 518/684/678
f 518/684/678 524/797/790 519/798/791
f 518/684/678 519/798/791 513/685/679
f 513/685/679 519/798/791 514/799/792
f 513/685/679 514/799/792 508/686/680
f 508/686/680 514/799/792 509/800/793
f 508/686/680 509/800/793 503/687/681
f 503/687/681 509/800/793 504/801/794
f 503/687/681 504/801/794 498/688/682
f 498/688/682 504/801/794 499/802/795
f 498/688/682 499/802/795 493/689/683
f 493/689/683 499/802/795 494/803/796
f 493/689/683 494/803/796 488/690/684
f 488/690/684 494/803/796 489/804/797
f 488/690/684 489/804/797 483/691/685
f 483/691/685 489/804/797 484/805/798
f 483/691/685 484/805/798 478/692/686
f 478/692/686 484/805/798 479/806/799
f 478/692/686 479/806/799 473/693/687
f 473/693/687 479/806/799 474/807/800
f 473/693/687 474/807/800 468/694/688
f 468/694/688 474/807/800 469/808/801
f 468/694/688 469/808/801 463/695/689
f 463/695/689 469/808/801 464/809/802
f 463/695/689 464/809/802 458/696/690
f 458/696/690 464/809/802 459/810/803
f 458/696/690 459/810/803 453/697/691
f 453/697/691 459/810/803 454/811/804
f 453/697/691 454/811/804 448/698/692
f 448/698/692 454/811/804 449/812/805
f 448/698/692 449/812/805 443/699/693
f 443/699/693 449/812/805 444/813/806
f 443/699/693 444/813/806 438/700/694
f 438/700/694 444/813/806 439/814/807
f 438/700/694 439/814/807 433/701/695
f 433/701/695 439/814/807 434/815/808
f 433/701/695 434/815/808 428/702/696
f 428/702/696 434/815/808 429/816/809
f 428/702/696 429/816/809 423/703/697
f 423/703/697 429/816/809 424/817/810
f 423/703/697 424/817/810 418/704/698
f 418/704/698 424/817/810 419/818/811
f 418/704/698 419/818/811 413/705/699
f 413/705/699 419/818/811 414/819/812
f 413/705/699 414/819/812 408/706/700
f 408/706/700 414/819/812 409/820/813
f 408/706/700 409/820/813 403/707/701
f 403/707/701 409/820/813 404/821/814
f 403/707/701 404/821/814 398/708/702
f 398/708/702 404/821/814 399/822/815
f 398/708/702 399/822/815 393/709/703
f 393/709/703 399/822/815 394/823/816
f 393/709/703 394/823/816 388/710/704
f 388/710/704 394/823/816 389/824/817
f 388/710/704 389/824/817 383/711/705
f 383/711/705 389/824/817 384/825/818
f 383/711/705 384/825/818 378/712/706
f 378/712/706 384/825/818 379/826/819
f 378/712/706 379/826/819 373/713/707
f 373/713/707 379/826/819 374/827/820
f 373/713/707 374/827/820 368/714/708
f 368/714/708 374/827/820 369/828/821
f 368/714/708 369/828/821 363/715/709
f 363/715/709 369/828/821 364/829/822
f 363/715/709 364/829/822 358/716/710
f 358/716/710 364/829/822 359/830/823
f 358/716/710 359/830/823 353/717/711
f 353/717/711 359/830/823 354/831/824
f 353/717/711 354/831/824 348/718/712
f 348/718/712 354/831/824 349/832/825
f 348/718/712 349/832/825 343/719/713
f 343/719/713 349/832/825 344/833/826
f 343/719/713 344/833/826 338/720/714
f 338/720/714 344/833/826 339/834/827
f 338/720/714 339/834/827 333/721/715
f 333/721/715 339/834/827 334/835/828
f 333/721/715 334/835/828 328/722/603
f 328/722/603 334/835/828 329/836/716
f 329/723/716 330/837/829 889/724/717
f 889/724/717 330/837/829 890/838/830
f 889/724/717 890/838/830 884/725/718
f 884/725/718 890/838/830 885/839/831
f 884/725/718 885/839/831 879/726/719
f 879/726/719 885/839/831 880/840/832
f 879/726/719 880/840/832 874/727/720
f 874/727/720 880/840/832 875/841/833
f 874/727/720 875/841/833 869/728/721
f 869/728/721 875/841/833 870/842/834
f 869/728/721 870/842/834 864/729/722
f 864/729/722 870/842/834 865/843/835
f 864/729/722 865/843/835 859/730/723
f 859/730/723 865/843/835 860/844/836
f 859/730/723 860/844/836 854/731/724
f 854/731/724 860/844/836 855/845/837
f 854/731/724 855/845/837 849/732/725
f 849/732/725 855/845/837 850/846/838
f 849/732/725 850/846/838 844/733/726
f 844/733/726 850/846/838 845/847/839
f 844/733/726 845/847/839 839/734/727
f 839/734/727 845/847/839 840/848/840
f 839/734/727 840/848/840 834/735/728
f 834/735/728 840/848/840 835/849/841
f 834/735/728 835/849/841 829/736/729
f 829/736/729 835/849/841 830/850/842
f 829/736/729 830/850/842 824/737/730
f 824/737/730 830/850/842 825/851/843
f 824/737/730 825/851/843 819/738/731
f 819/738/731 825/851/843 820/852/844
f 819/738/731 820/852/844 814/739/732
f 814/739/732 820/852/844 815/853/845
f 814/739/732 815/853/845 809/740/733
f 809/740/733 815/853/845 810/854/846
f 809/740/733 810/854/846 804/741/734
f 804/741/734 810/854/846 805/855/847
f 804/741/734 805/855/847 799/742/735
f 799/742/735 805/855/847 800/856/848
f 799/742/735 800/856/848 794/743/736
f 794/743/736 800/856/848 795/857/849
f 794/743/736 795/857/849 789/744/737
f 789/744/737 795/857/849 790/858/850
f 789/744/737 790/858/850 784/745/738
f 784/745/738 790/858/850 785/859/851
f 784/745/738 785/859/851 779/746/739
f 779/746/739 785/859/851 780/860/852
f 779/746/739 780/860/852 774/747/740
f 774/747/740 780/860/852 775/861/853
f 774/747/740 775/861/853 769/748/741
f 769/748/741 775/861/853 770/862/854
f 769/748/741 770/862/854 764/749/742
f 764/749/742 770/862/854 765/863/855
f 764/749/742 765/863/855 759/750/743
f 759/750/743 765/863/855 760/864/856
f 759/750/743 760/864/856 754/751/744
f 754/751/744 760/864/856 755/865/857
f 754/751/744 755/865/857 749/752/745
f 749/752/745 755/865/857 750/866/858
f 749/752/745 750/866/858 744/753/746
f 744/753/746 750/866/858 745/867/859
f 744/753/746 745/867/859 739/754/747
f 739/754/747 745/867/859 740/868/860
f 739/754/747 740/868/860 734/755/748
f 734/755/748 740/868/860 735/869/861
f 734/755/748 735/869/861 729/756/749
f 729/756/749 735/869/861 730/870/862
f 729/756/749 730/870/862 724/757/750
f 724/757/750 730/870/862 725/871/863
f 724/757/750 725/871/863 719/758/751
f 719/758/751 725/871/863 720/872/864
f 719/758/751 720/872/864 714/759/752
f 714/759/752 720/872/864 715/873/865
f 714/759/752 715/873/865 709/760/753
f 709/760/753 715/873/865 710/874/866
f 709/760/753 710/874/866 704/761/754
f 704/761/754 710/874/866 705/875/867
f 704/761/754 705/875/867 699/762/755
f 699/762/755 705/875/867 700/876/868
f 699/762/755 700/876/868 694/763/756
f 694/763/756 700/876/868 695/877/869
f 694/763/756 695/877/869 689/764/757
f 689/764/757 695/877/869 690/878/870
f 689/764/757 690/878/870 684/765/758
f 684/765/758 690/878/870 685/879/871
f 684/765/758 685/879/871 679/766/759
f 679/766/759 685/879/871 680/880/872
f 679/766/759 680/880/872 674/767/760
f 674/767/760 680/880/872 675/881/873
f 674/767/760 675/881/873 669/768/761
f 669/768/761 675/881/873 670/882/874
f 669/768/761 670/882/874 664/769/762
f 664/769/762 670/882/874 665/883/875
f 664/769/762 665/883/875 659/770/763
f 659/770/763 665/883/875 660/884/876
f 659/770/763 660/884/876 654/771/764
f 654/771/764 660/884/876 655/885/877
f 654/771/764 655/885/877 649/772/765
f 649/772/765 655/885/877 650/886/878
f 649/772/765 650/886/878 644/773/766
f 644/773/766 650/886/878 645/887/879
f 644/773/766 645/887/879 639/774/767
f 639/774/767 645/887/879 640/888/880
f 639/774/767 640/888/880 634/775/768
f 634/775/768 640/888/880 635/889/881
f 634/775/768 635/889/881 629/776/769
f 629/776/769 635/889/881 630/890/882
f 629/776/769 630/890/882 624/777/770
f 624/777/770 630/890/882 625/891/883
f 624/777/770 625/891/883 619/778/771
f 619/778/771 625/891/883 620/892/884
f 619/778/771 620/892/884 614/779/772
f 614/779/772 620/892/884 615/893/885
f 614/779/772 615/893/885 609/780/773
f 609/780/773 615/893/885 610/894/886
f 609/780/773 610/894/886 604/781/774
f 604/781/774 610/894/886 605/895/887
f 604/781/774 605/895/887 599/782/775
f 599/782/775 605/895/887 600/896/888
f 599/782/775 600/896/888 594/783/776
f 594/783/776 600/896/888 595/897/889
f 594/783/776 595/897/889 589/784/777
f 589/784/777 595/897/889 590/898/890
f 589/784/777 590/898/890 584/785/778
f 584/785/778 590/898/890 585/899/891
f 584/785/778 585/899/891 579/786/779
f 579/786/779 585/899/891 580/900/892
f 579/786/779 580/900/892 574/787/780
f 574/787/780 580/900/892 575/901/893
f 574/787/780 575/901/893 569/788/781
f 569/788/781 575/901/893 570/902/894
f 569/788/781 570/902/894 564/789/782
f 564/789/782 570/902/894 565/903/895
f 564/789/782 565/903/895 559/790/783
f 559/790/783 565/903/895 560/904/896
f 559/790/783 560/904/896 554/791/784
f 554/791/784 560/904/896 555/905/897
f 554/791/784 555/905/897 549/792/785
f 549/792/785 555/905/897 550/906/898
f 549/792/785 550/906/898 544/793/786
f 544/793/786 550/906/898 545/907/899
f 544/793/786 545/907/899 539/794/787
f 539/794/787 545/907/899 540/908/900
f 539/794/787 540/908/900 534/795/788
f 534/795/788 540/908/900 535/909/901
f 534/795/788 535/909/901 529/796/789
f 529/796/789 535/909/901 530/910/902
f 529/796/789 530/910/902 524/797/790
f 524/797/790 530/910/902 525/911/903
f 524/797/790 525/911/903 519/798/791
f 519/798/791 525/911/903 520/912/904
f 519/798/791 520/912/904 514/799/792
f 514/799/792 520/912/904 515/913/905
f 514/799/792 515/913/905 509/800/793
f 509/800/793 515/913/905 510/914/906
f 509/800/793 510/914/906 504/801/794
f 504/801/794 510/914/906 505/915/907
f 504/801/794 505/915/907 499/802/795
f 499/802/795 505/915/907 500/916/908
f 499/802/795 500/916/908 494/803/796
f 494/803/796 500/916/908 495/917/909
f 494/803/796 495/917/909 489/804/797
f 489/804/797 495/917/909 490/918/910
f 489/804/797 490/918/910 484/805/798
f 484/805/798 490/918/910 485/919/911
f 484/805/798 485/919/911 479/806/799
f 479/806/799 485/919/911 480/920/912
f 479/806/799 480/920/912 474/807/800
f 474/807/800 480/920/912 475/921/913
f 474/807/800 475/921/913 469/808/801
f 469/808/801 475/921/913 470/922/914
f 469/808/801 470/922/914 464/809/802
f 464/809/802 470/922/914 465/923/915
f 464/809/802 465/923/915 459/810/803
f 459/810/803 465/923/915 460/924/916
f 459/810/803 460/924/916 454/811/804
f 454/811/804 460/924/916 455/925/917
f 454/811/804 455/925/917 449/812/805
f 449/812/805 455/925/917 450/926/918
f 449/812/805 450/926/918 444/813/806
f 444/813/806 450/926/918 445/927/919
f 444/813/806 445/927/919 439/814/807
f 439/814/807 445/927/919 440/928/920
f 439/814/807 440/928/920 434/815/808
f 434/815/808 440/928/920 435/929/921
f 434/815/808 435/929/921 429/816/809
f 429/816/809 435/929/921 430/930/922
f 429/816/809 430/930/922 424/817/810
f 424/817/810 430/930/922 425/931/923
f 424/817/810 425/931/923 419/818/811
f 419/818/811 425/931/923 420/932/924
f 419/818/811 420/932/924 414/819/812
f 414/819/812 420/932/924 415/933/925
f 414/819/812 415/933/925 409/820/813
f 409/820/813 415/933/925 410/934/926
f 409/820/813 410/934/926 404/821/814
f 404/821/814 410/934/926 405/935/927
f 404/821/814 405/935/927 399/822/815
f 399/822/815 405/935/927 400/936/928
f 399/822/815 400/936/928 394/823/816
f 394/823/816 400/936/928 395/937/929
f 394/823/816 395/937/929 389/824/817
f 389/824/817 395/937/929 390/938/930
f 389/824/817 390/938/930 384/825/818
f 384/825/818 390/938/930 385/939/931
f 384/825/818 385/939/931 379/826/819
f 379/826/819 385/939/931 380/940/932
f 379/826/819 380/940/932 374/827/820
f 374/827/820 380/940/932 375/941/933
f 374/827/820 375/941/933 369/828/821
f 369/828/821 375/941/933 370/942/934
f 369/828/821 370/942/934 364/829/822
f 364/829/822 370/942/934 365/943/935
f 364/829/822 365/943/935 359/830/823
f 359/830/823 365/943/935 360/944/936
f 359/830/823 360/944/936 354/831/824
f 354/831/824 360/944/936 355/945/937
f 354/831/824 355/945/937 349/832/825
f 349/832/825 355/945/937 350/946/938
f 349/832/825 350/946/938 344/833/826
f 344/833/826 350/946/938 345/947/939
f 344/833/826 345/947/939 339/834/827
f 339/834/827 345/947/939 340/948/940
f 339/834/827 340/948/940 334/835/828
f 334/835/828 340/948/940 335/949/941
f 334/835/828 335/949/941 329/836/716
f 329/836/716 335/949/941 330/950/829
f 330/837/829 331/384/380 890/838/830
f 890/838/830 331/384/380 891/382/378
f 890/838/830 891/382/378 885/839/831
f 885/839/831 891/382/378 886/608/602
f 885/839/831 886/608/602 880/840/832
f 880/840/832 886/608/602 881/606/600
f 880/840/832 881/606/600 875/841/833
f 875/841/833 881/606/600 876/604/598
f 875/841/833 876/604/598 870/842/834
f 870/842/834 876/604/598 871/602/596
f 870/842/834 871/602/596 865/843/835
f 865/843/835 871/602/596 866/600/594
f 865/843/835 866/600/594 860/844/836
f 860/844/836 866/600/594 861/598/592
f 860/844/836 861/598/592 855/845/837
f 855/845/837 861/598/592 856/596/590
f 855/845/837 856/596/590 850/846/838
f 850/846/838 856/596/590 851/594/588
f 850/846/838 851/594/588 845/847/839
f 845/847/839 851/594/588 846/592/586
f 845/847/839 846/592/586 840/848/840
f 840/848/840 846/592/586 841/590/584
f 840/848/840 841/590/584 835/849/841
f 835/849/841 841/590/584 836/588/582
f 835/849/841 836/588/582 830/850/842
f 830/850/842 836/588/582 831/586/580
f 830/850/842 831/586/580 825/851/843
f 825/851/843 831/586/580 826/584/578
f 825/851/843 826/584/578 820/852/844
f 820/852/844 826/584/578 821/582/576
f 820/852/844 821/582/576 815/853/845
f 815/853/845 821/582/576 816/580/574
f 815/853/845 816/580/574 810/854/846
f 810/854/846 816/580/574 811/578/572
f 810/854/846 811/578/572 805/855/847
f 805/855/847 811/578/572 806/576/570
f 805/855/847 806/576/570 800/856/848
f 800/856/848 806/576/570 801/574/568
f 800/856/848 801/574/568 795/857/849
f 795/857/849 801/574/568 796/572/566
f 795/857/849 796/572/566 790/858/850
f 790/858/850 796/572/566 791/570/564
f 790/858/850 791/570/564 785/859/851
f 785/859/851 791/570/564 786/568/562
f 785/859/851 786/568/562 780/860/852
f 780/860/852 786/568/562 781/566/560
f 780/860/852 781/566/560 775/861/853
f 775/861/853 781/566/560 776/564/558
f 775/861/853 776/564/558 770/862/854
f 770/862/854 776/564/558 771/562/556
f 770/862/854 771/562/556 765/863/855
f 765/863/855 771/562/556 766/560/554
f 765/863/855 766/560/554 760/864/856
f 760/864/856 766/560/554 761/558/552
f 760/864/856 761/558/552 755/865/857
f 755/865/857 761/558/552 756/556/550
f 755/865/857 756/556/550 750/866/858
f 750/866/858 756/556/550 751/554/548
f 750/866/858 751/554/548 745/867/859
f 745/867/859 751/554/548 746/552/546
f 745/867/859 746/552/546 740/868/860
f 740/868/860 746/552/546 741/550/544
f 740/868/860 741/550/544 735/869/861
f 735/869/861 741/550/544 736/548/542
f 735/869/861 736/548/542 730/870/862
f 730/870/862 736/548/542 731/546/540
f 730/870/862 731/546/540 725/871/863
f 725/871/863 731/546/540 726/544/538
f 725/871/863 726/544/538 720/872/864
f 720/872/864 726/544/538 721/542/536
f 720/872/864 721/542/536 715/873/865
f 715/873/865 721/542/536 716/540/534
f 715/873/865 716/540/534 710/874/866
f 710/874/866 716/540/534 711/538/532
f 710/874/866 711/538/532 705/875/867
f 705/875/867 711/538/532 706/536/530
f 705/875/867 706/536/530 700/876/868
f 700/876/868 706/536/530 701/534/528
f 700/876/868 701/534/528 695/877/869
f 695/877/869 701/534/528 696/532/526
f 695/877/869 696/532/526 690/878/870
f 690/878/870 696/532/526 691/530/524
f 690/878/870 691/530/524 685/879/871
f 685/879/871 691/530/524 686/528/522
f 685/879/871 686/528/522 680/880/872
f 680/880/872 686/528/522 681/526/520
f 680/880/872 681/526/520 675/881/873
f 675/881/873 681/526/520 676/524/518
f 675/881/873 676/524/518 670/882/874
f 670/882/874 676/524/518 671/522/516
f 670/882/874 671/522/516 665/883/875
f 665/883/875 671/522/516 666/520/514
f 665/883/875 666/520/514 660/884/876
f 660/884/876 666/520/514 661/518/512
f 660/884/876 661/518/512 655/885/877
f 655/885/877 661/518/512 656/516/510
f 655/885/877 656/516/510 650/886/878
f 650/886/878 656/516/510 651/514/508
f 650/886/878 651/514/508 645/887/879
f 645/887/879 651/514/508 646/512/506
f 645/887/879 646/512/506 640/888/880
f 640/888/880 646/512/506 641/510/504
f 640/888/880 641/510/504 635/889/881
f 635/889/881 641/510/504 636/508/502
f 635/889/881 636/508/502 630/890/882
f 630/890/882 636/508/502 631/506/500
f 630/890/882 631/506/500 625/891/883
f 625/891/883 631/506/500 626/504/498
f 625/891/883 626/504/498 620/892/884
f 620/892/884 626/504/498 621/502/496
f 620/892/884 621/502/496 615/893/885
f 615/893/885 621/502/496 616/500/494
f 615/893/885 616/500/494 610/894/886
f 610/894/886 616/500/494 611/498/492
f 610/894/886 611/498/492 605/895/887
f 605/895/887 611/498/492 606/496/490
f 605/895/887 606/496/490 600/896/888
f 600/896/888 606/496/490 601/494/488
f 600/896/888 601/494/488 595/897/889
f 595/897/889 601/494/488 596/492/486
f 595/897/889 596/492/486 590/898/890
f 590/898/890 596/492/486 591/490/484
f 590/898/890 591/490/484 585/899/891
f 585/899/891 591/490/484 586/488/482
f 585/899/891 586/488/482 580/900/892
f 580/900/892 586/488/482 581/486/480
f 580/900/892 581/486/480 575/901/893
f 575/901/893 581/486/480 576/484/478
f 575/901/893 576/484/478 570/902/894
f 570/902/894 576/484/478 571/482/476
f 570/902/894 571/482/476 565/903/895
f 565/903/895 571/482/476 566/480/474
f 565/903/895 566/480/474 560/904/896
f 560/904/896 566/480/474 561/478/472
f 560/904/896 561/478/472 555/905/897
f 555/905/897 561/478/472 556/476/470
f 555/905/897 556/476/470 550/906/898
f 550/906/898 556/476/470 551/474/468
f 550/906/898 551/474/468 545/907/899
f 545/907/899 551/474/468 546/472/466
f 545/907/899 546/472/466 540/908/900
f 540/908/900 546/472/466 541/470/464
f 540/908/900 541/470/464 535/909/901
f 535/909/901 541/470/464 536/468/462
f 535/909/901 536/468/462 530/910/902
f 530/910/902 536/468/462 531/466/460
f 530/910/902 531/466/460 525/911/903
f 525/911/903 531/466/460 526/464/458
f 525/911/903 526/464/458 520/912/904
f 520/912/904 526/464/458 521/462/456
f 520/912/904 521/462/456 515/913/905
f 515/913/905 521/462/456 516/460/454
f 515/913/905 516/460/454 510/914/906
f 510/914/906 516/460/454 511/458/452
f 510/914/906 511/458/452 505/915/907
f 505/915/907 511/458/452 506/456/450
f 505/915/907 506/456/450 500/916/908
f 500/916/908 506/456/450 501/454/448
f 500/916/908 501/454/448 495/917/909
f 495/917/909 501/454/448 496/452/446
f 495/917/909 496/452/446 490/918/910
f 490/918/910 496/452/446 491/450/444
f 490/918/910 491/450/444 485/919/911
f 485/919/911 491/450/444 486/448/442
f 485/919/911 486/448/442 480/920/912
f 480/920/912 486/448/442 481/446/440
f 480/920/912 481/446/440 475/921/913
f 475/921/913 481/446/440 476/444/438
f 475/921/913 476/444/438 470/922/914
f 470/922/914 476/444/438 471/442/436
f 470/922/914 471/442/436 465/923/915
f 465/923/915 471/442/436 466/440/434
f 465/923/915 466/440/434 460/924/916
f 460/924/916 466/440/434 461/438/432
f 460/924/916 461/438/432 455/925/917
f 455/925/917 461/438/432 456/436/430
f 455/925/917 456/436/430 450/926/918
f 450/926/918 456/436/430 451/434/428
f 450/926/918 451/434/428 445/927/919
f 445/927/919 451/434/428 446/432/426
f 445/927/919 446/432/426 440/928/920
f 440/928/920 446/432/426 441/430/424
f 440/928/920 441/430/424 435/929/921
f 435/929/921 441/430/424 436/428/422
f 435/929/921 436/428/422 430/930/922
f 430/930/922 436/428/422 431/426/420
f 430/930/922 431/426/420 425/931/923
f 425/931/923 431/426/420 426/424/418
f 425/931/923 426/424/418 420/932/924
f 420/932/924 426/424/418 421/422/416
f 420/932/924 421/422/416 415/933/925
f 415/933/925 421/422/416 416/420/414
f 415/933/925 416/420/414 410/934/926
f 410/934/926 416/420/414 411/418/412
f 410/934/926 411/418/412 405/935/927
f 405/935/927 411/418/412 406/416/410
f 405/935/927 406/416/410 400/936/928
f 400/936/928 406/416/410 401/414/408
f 400/936/928 401/414/408 395/937/929
f 395/937/929 401/414/408 396/412/406
f 395/937/929 396/412/406 390/938/930
f 390/938/930 396/412/406 391/410/404
f 390/938/930 391/410/404 385/939/931
f 385/939/931 391/410/404 386/408/402
f 385/939/931 386/408/402 380/940/932
f 380/940/932 386/408/402 381/406/400
f 380/940/932 381/406/400 375/941/933
f 375/941/933 381/406/400 376/404/398
f 375/941/933 376/404/398 370/942/934
f 370/942/934 376/404/398 371/402/396
f 370/942/934 371/402/396 365/943/935
f 365/943/935 371/402/396 366/400/394
f 365/943/935 366/400/394 360/944/936
f 360/944/936 366/400/394 361/398/392
f 360/944/936 361/398/392 355/945/937
f 355/945/937 361/398/392 356/396/390
f 355/945/937 356/396/390 350/946/938
f 350/946/938 356/396/390 351/394/388
f 350/946/938 351/394/388 345/947/939
f 345/947/939 351/394/388 346/392/386
f 345/947/939 346/392/386 340/948/940
f 340/948/940 346/392/386 341/390/384
f 340/948/940 341/390/384 335/949/941
f 335/949/941 341/390/384 336/388/382
f 335/949/941 336/388/382 330/950/829
f 330/950/829 336/388/382 331/386/380
f 52/951/942 51/952/943 101/953/944
f 101/953/944 51/952/943 100/954/945
f 101/953/944 100/954/945 99/955/946
f 101/953/944 99/955/946 102/956/947
f 102/956/947 99/955/946 98/957/948
f 102/956/947 98/957/948 97/958/949
f 102/956/947 97/958/949 103/959/950
f 103/959/950 97/958/949 96/960/951
f 103/959/950 96/960/951 95/961/952
f 95/961/952 94/962/953 103/959/950
f 103/959/950 94/962/953 93/963/954
f 103/959/950 93/963/954 104/964/955
f 104/964/955 93/963/954 92/965/956
f 104/964/955 92/965/956 91/966/957
f 91/966/957 90/967/958 104/964/955
f 104/964/955 90/967/958 89/968/959
f 104/964/955 89/968/959 105/969/960
f 105/969/960 89/968/959 106/970/961
f 106/970/961 89/968/959 107/971/962
f 107/971/962 89/968/959 108/972/963
f 108/972/963 89/968/959 109/973/964
f 109/973/964 89/968/959 110/974/965
f 110/974/965 89/968/959 111/975/966
f 111/975/966 89/968/959 112/976/967
f 112/976/967 89/968/959 113/977/968
f 113/977/968 89/968/959 114/978/969
f 114/978/969 89/968/959 115/979/970
f 115/979/970 89/968/959 116/980/971
f 116/980/971 89/968/959 117/981/972
f 117/981/972 89/968/959 118/982/973
f 118/982/973 89/968/959 119/983/974
f 119/983/974 89/968/959 154/984/975
f 119/983/974 154/984/975 120/985/976
f 120/985/976 154/984/975 121/986/977
f 121/986/977 154/984/975 122/987/978
f 122/987/978 154/984/975 123/988/979
f 123/988/979 154/984/975 124/989/980
f 124/989/980 154/984/975 125/990/981
f 125/990/981 154/984/975 126/991/982
f 126/991/982 154/984/975 127/992/983
f 127/992/983 154/984/975 128/993/984
f 128/993/984 154/984/975 129/994/985
f 129/994/985 154/984/975 130/995/986
f 130/995/986 154/984/975 131/996/987
f 131/996/987 154/984/975 132/997/988
f 132/997/988 154/984/975 133/998/989
f 133/998/989 154/984/975 134/999/990
f 134/999/990 154/984/975 135/1000/991
f 135/1000/991 154/984/975 136/1001/992
f 136/1001/992 154/984/975 137/1002/993
f 137/1002/993 154/984/975 138/1003/994
f 138/1003/994 154/984/975 139/1004/995
f 139/1004/995 154/984/975 140/1005/996
f 140/1005/996 154/984/975 141/1006/997
f 141/1006/997 154/984/975 142/1007/998
f 142/1007/998 154/984/975 143/1008/999
f 143/1008/999 154/984/975 144/1009/1000
f 144/1009/1000 154/984/975 145/1010/1001
f 145/1010/1001 154/984/975 146/1011/1002
f 146/1011/1002 154/984/975 147/1012/1003
f 147/1012/1003 154/984/975 148/1013/1004
f 148/1013/1004 154/984/975 149/1014/1005
f 149/1014/1005 154/984/975 150/1015/1006
f 150/1015/1006 154/984/975 151/1016/1007
f 151/1016/1007 154/984/975 152/1017/1008
f 152/1017/1008 154/984/975 153/1018/1009
f 89/968/959 88/1019/1010 154/984/975
f 154/984/975 88/1019/1010 87/1020/1011
f 154/984/975 87/1020/1011 86/1021/1012
f 86/1021/1012 85/1022/1013 154/984/975
f 154/984/975 85/1022/1013 84/1023/1014
f 154/984/975 84/1023/1014 83/1024/1015
f 83/1024/1015 82/1025/1016 154/984/975
f 154/984/975 82/1025/1016 81/1026/1017
f 154/984/975 81/1026/1017 80/1027/1018
f 80/1027/1018 79/1028/1019 154/984/975
f 154/984/975 79/1028/1019 78/1029/1020
f 154/984/975 78/1029/1020 77/1030/1021
f 76/1031/1022 156/1032/1023 77/1030/1021
f 77/1030/1021 156/1032/1023 155/1033/1024
f 77/1030/1021 155/1033/1024 154/984/975
f 75/1034/1025 159/1035/1026 76/1031/1022
f 76/1031/1022 159/1035/1026 158/1036/1027
f 76/1031/1022 158/1036/1027 157/1037/1028
f 74/1038/1029 161/1039/1030 75/1034/1025
f 75/1034/1025 161/1039/1030 160/1040/1031
f 75/1034/1025 160/1040/1031 159/1035/1026
f 74/1038/1029 73/1041/1032 161/1039/1030
f 161/1039/1030 73/1041/1032 72/1042/1033
f 161/1039/1030 72/1042/1033 71/1043/1034
f 71/1043/1034 70/1044/1035 161/1039/1030
f 161/1039/1030 70/1044/1035 69/1045/1036
f 161/1039/1030 69/1045/1036 68/1046/1037
f 68/1046/1037 67/1047/1038 161/1039/1030
f 161/1039/1030 67/1047/1038 66/1048/1039
f 161/1039/1030 66/1048/1039 65/1049/1040
f 65/1049/1040 64/1050/1041 161/1039/1030
f 161/1039/1030 64/1050/1041 63/1051/1042
f 161/1039/1030 63/1051/1042 210/1052/1043
f 210/1052/1043 63/1051/1042 62/1053/1044
f 210/1052/1043 62/1053/1044 61/1054/1045
f 61/1054/1045 60/1055/1046 210/1052/1043
f 210/1052/1043 60/1055/1046 211/1056/1047
f 211/1056/1047 60/1055/1046 59/1057/1048
f 211/1056/1047 59/1057/1048 58/1058/1049
f 58/1058/1049 57/1059/1050 211/1056/1047
f 211/1056/1047 57/1059/1050 56/1060/1051
f 211/1056/1047 56/1060/1051 212/1061/1052
f 212/1061/1052 56/1060/1051 55/1062/1053
f 212/1061/1052 55/1062/1053 54/1063/1054
f 212/1061/1052 54/1063/1054 213/1064/1055
f 213/1064/1055 54/1063/1054 53/1065/1056
f 213/1064/1055 53/1065/1056 52/951/942
f 213/1064/1055 52/951/942 101/953/944
f 161/1039/1030 210/1052/1043 162/1066/1057
f 162/1066/1057 210/1052/1043 209/1067/1058
f 162/1066/1057 209/1067/1058 163/1068/1059
f 163/1068/1059 209/1067/1058 208/1069/1060
f 163/1068/1059 208/1069/1060 164/1070/1061
f 164/1070/1061 208/1069/1060 207/1071/1062
f 164/1070/1061 207/1071/1062 165/1072/1063
f 165/1072/1063 207/1071/1062 206/1073/1064
f 165/1072/1063 206/1073/1064 166/1074/1065
f 166/1074/1065 206/1073/1064 205/1075/1066
f 166/1074/1065 205/1075/1066 167/1076/1067
f 167/1076/1067 205/1075/1066 204/1077/1068
f 167/1076/1067 204/1077/1068 168/1078/1069
f 168/1078/1069 204/1077/1068 203/1079/1070
f 168/1078/1069 203/1079/1070 169/1080/1071
f 169/1080/1071 203/1079/1070 202/1081/1072
f 169/1080/1071 202/1081/1072 170/1082/1073
f 170/1082/1073 202/1081/1072 201/1083/1074
f 170/1082/1073 201/1083/1074 171/1084/1075
f 171/1084/1075 201/1083/1074 200/1085/1076
f 171/1084/1075 200/1085/1076 172/1086/1077
f 172/1086/1077 200/1085/1076 199/1087/1078
f 172/1086/1077 199/1087/1078 173/1088/1079
f 173/1088/1079 199/1087/1078 198/1089/1080
f 173/1088/1079 198/1089/1080 174/1090/1081
f 174/1090/1081 198/1089/1080 197/1091/1082
f 174/1090/1081 197/1091/1082 175/1092/1083
f 175/1092/1083 197/1091/1082 196/1093/1084
f 175/1092/1083 196/1093/1084 176/1094/1085
f 176/1094/1085 196/1093/1084 195/1095/1086
f 176/1094/1085 195/1095/1086 177/1096/1087
f 177/1096/1087 195/1095/1086 194/1097/1088
f 177/1096/1087 194/1097/1088 178/1098/1089
f 178/1098/1089 194/1097/1088 193/1099/1090
f 178/1098/1089 193/1099/1090 179/1100/1091
f 179/1100/1091 193/1099/1090 192/1101/1092
f 179/1100/1091 192/1101/1092 180/1102/1093
f 180/1102/1093 192/1101/1092 191/1103/1094
f 180/1102/1093 191/1103/1094 181/1104/1095
f 181/1104/1095 191/1103/1094 190/1105/1096
f 181/1104/1095 190/1105/1096 182/1106/1097
f 182/1106/1097 190/1105/1096 189/1107/1098
f 182/1106/1097 189/1107/1098 183/1108/1099
f 183/1108/1099 189/1107/1098 188/1109/1100
f 183/1108/1099 188/1109/1100 184/1110/1101
f 184/1110/1101 188/1109/1100 187/1111/1102
f 184/1110/1101 187/1111/1102 185/1112/1103
f 185/1112/1103 187/1111/1102 186/1113/1104
f 157/1037/1028 156/1032/1023 76/1031/1022
f 326/1114/1105 271/1115/1106 214/1116/1107
f 214/1116/1107 271/1115/1106 270/1117/1108
f 214/1116/1107 270/1117/1108 215/1118/1109
f 215/1118/1109 270/1117/1108 269/1119/1110
f 215/1118/1109 269/1119/1110 216/1120/1111
f 216/1120/1111 269/1119/1110 268/1121/1112
f 216/1120/1111 268/1121/1112 217/1122/1113
f 217/1122/1113 268/1121/1112 267/1123/1114
f 217/1122/1113 267/1123/1114 218/1124/1115
f 218/1124/1115 267/1123/1114 266/1125/1116
f 218/1124/1115 266/1125/1116 219/1126/1117
f 219/1126/1117 266/1125/1116 265/1127/1118
f 219/1126/1117 265/1127/1118 220/1128/1119
f 220/1128/1119 265/1127/1118 264/1129/1120
f 220/1128/1119 264/1129/1120 221/1130/1121
f 221/1130/1121 264/1129/1120 263/1131/1122
f 221/1130/1121 263/1131/1122 222/1132/1123
f 222/1132/1123 263/1131/1122 262/1133/1124
f 222/1132/1123 262/1133/1124 223/1134/1125
f 223/1134/1125 262/1133/1124 261/1135/1126
f 223/1134/1125 261/1135/1126 224/1136/1127
f 224/1136/1127 261/1135/1126 260/1137/1128
f 224/1136/1127 260/1137/1128 225/1138/1129
f 225/1138/1129 260/1137/1128 259/1139/1130
f 225/1138/1129 259/1139/1130 226/1140/1131
f 226/1140/1131 259/1139/1130 258/1141/1132
f 226/1140/1131 258/1141/1132 227/1142/1133
f 227/1142/1133 258/1141/1132 257/1143/1134
f 227/1142/1133 257/1143/1134 228/1144/1135
f 228/1144/1135 257/1143/1134 256/1145/1136
f 228/1144/1135 256/1145/1136 229/1146/1137
f 229/1146/1137 256/1145/1136 255/1147/1138
f 229/1146/1137 255/1147/1138 230/1148/1139
f 230/1148/1139 255/1147/1138 254/1149/1140
f 230/1148/1139 254/1149/1140 231/1150/1141
f 231/1150/1141 254/1149/1140 253/1151/1142
f 231/1150/1141 253/1151/1142 232/1152/1143
f 232/1152/1143 253/1151/1142 252/1153/1144
f 232/1152/1143 252/1153/1144 233/1154/1145
f 233/1154/1145 252/1153/1144 251/1155/1146
f 233/1154/1145 251/1155/1146 234/1156/1147
f 234/1156/1147 251/1155/1146 250/1157/1148
f 234/1156/1147 250/1157/1148 235/1158/1149
f 235/1158/1149 250/1157/1148 249/1159/1150
f 235/1158/1149 249/1159/1150 236/1160/1151
f 236/1160/1151 249/1159/1150 248/1161/1152
f 236/1160/1151 248/1161/1152 237/1162/1153
f 237/1162/1153 248/1161/1152 247/1163/1154
f 237/1162/1153 247/1163/1154 238/1164/1155
f 238/1164/1155 247/1163/1154 246/1165/1156
f 238/1164/1155 246/1165/1156 239/1166/1157
f 239/1166/1157 246/1165/1156 245/1167/1158
f 239/1166/1157 245/1167/1158 240/1168/1159
f 240/1168/1159 245/1167/1158 244/1169/1160
f 240/1168/1159 244/1169/1160 241/1170/1161
f 241/1170/1161 244/1169/1160 243/1171/1162
f 241/1170/1161 243/1171/1162 242/1172/1163
f 271/1115/1106 326/1114/1105 272/1173/1164
f 272/1173/1164 326/1114/1105 325/1174/1165
f 272/1173/1164 325/1174/1165 273/1175/1166
f 273/1175/1166 325/1174/1165 324/1176/1167
f 273/1175/1166 324/1176/1167 274/1177/1168
f 274/1177/1168 324/1176/1167 323/1178/1169
f 274/1177/1168 323/1178/1169 275/1179/1170
f 275/1179/1170 323/1178/1169 322/1180/1171
f 275/1179/1170 322/1180/1171 276/1181/1172
f 276/1181/1172 322/1180/1171 321/1182/1173
f 276/1181/1172 321/1182/1173 277/1183/1174
f 277/1183/1174 321/1182/1173 320/1184/1175
f 277/1183/1174 320/1184/1175 319/1185/1176
f 319/1185/1176 318/1186/1177 277/1183/1174
f 277/1183/1174 318/1186/1177 317/1187/1178
f 277/1183/1174 317/1187/1178 316/1188/1179
f 316/1188/1179 315/1189/1180 277/1183/1174
f 277/1183/1174 315/1189/1180 314/1190/1181
f 277/1183/1174 314/1190/1181 313/1191/1182
f 313/1191/1182 312/1192/1183 277/1183/1174
f 277/1183/1174 312/1192/1183 311/1193/1184
f 277/1183/1174 311/1193/1184 310/1194/1185
f 310/1194/1185 309/1195/1186 277/1183/1174
f 277/1183/1174 309/1195/1186 308/1196/1187
f 277/1183/1174 308/1196/1187 307/1197/1188
f 307/1197/1188 306/1198/1189 277/1183/1174
f 277/1183/1174 306/1198/1189 305/1199/1190
f 277/1183/1174 305/1199/1190 304/1200/1191
f 304/1200/1191 303/1201/1192 277/1183/1174
f 277/1183/1174 303/1201/1192 302/1202/1193
f 277/1183/1174 302/1202/1193 301/1203/1194
f 301/1203/1194 300/1204/1195 277/1183/1174
f 277/1183/1174 300/1204/1195 299/1205/1196
f 277/1183/1174 299/1205/1196 298/1206/1197
f 298/1206/1197 297/1207/1198 277/1183/1174
f 277/1183/1174 297/1207/1198 296/1208/1199
f 277/1183/1174 296/1208/1199 295/1209/1200
f 295/1209/1200 294/1210/1201 277/1183/1174
f 277/1183/1174 294/1210/1201 293/1211/1202
f 277/1183/1174 293/1211/1202 292/1212/1203
f 292/1212/1203 291/1213/1204 277/1183/1174
f 277/1183/1174 291/1213/1204 290/1214/1205
f 277/1183/1174 290/1214/1205 289/1215/1206
f 289/1215/1206 288/1216/1207 277/1183/1174
f 277/1183/1174 288/1216/1207 287/1217/1208
f 277/1183/1174 287/1217/1208 286/1218/1209
f 286/1218/1209 285/1219/1210 277/1183/1174
f 277/1183/1174 285/1219/1210 284/1220/1211
f 277/1183/1174 284/1220/1211 283/1221/1212
f 283/1221/1212 282/1222/1213 277/1183/1174
f 277/1183/1174 282/1222/1213 281/1223/1214
f 277/1183/1174 281/1223/1214 280/1224/1215
f 280/1224/1215 279/1225/1216 277/1183/1174
f 277/1183/1174 279/1225/1216 278/1226/1217
# 891 vertices
# 1226 texture params
# 1217 normals
# 1778 facets

# 1 groups
