# WaveFront *.obj file (generated by Autodesk ATF)

mtllib BOWMOUNT v15_BOWMOUNT v15_MountArmMale.mtl

g MountArmMale

v 65.090573 11.334792 0.000000
v 65.090573 -13.033273 0.000000
v 65.090573 -13.033273 -19.000000
v 65.090573 11.334792 -19.000000
v 64.101110 11.454814 0.000000
v 63.090573 11.565814 0.000000
v 63.090573 -13.147355 0.000000
v 64.099013 -13.088693 0.000000
v 66.141672 -12.983819 -19.000000
v 66.655872 -12.959578 -19.000000
v 67.161962 -12.936280 -19.000000
v 67.659208 -12.913778 -19.000000
v 68.146874 -12.891924 -19.000000
v 68.624225 -12.870570 -19.000000
v 69.090525 -12.849568 -19.000000
v 69.545040 -12.828769 -19.000000
v 69.987033 -12.808026 -19.000000
v 70.415770 -12.787190 -19.000000
v 70.830515 -12.766115 -19.000000
v 71.230359 -12.744413 -19.000000
v 71.613721 -12.720935 -19.000000
v 71.979612 -12.695545 -19.000000
v 72.327134 -12.668238 -19.000000
v 72.655387 -12.639009 -19.000000
v 72.963471 -12.607852 -19.000000
v 73.250488 -12.574762 -19.000000
v 73.515536 -12.539735 -19.000000
v 73.757718 -12.502765 -19.000000
v 73.976133 -12.463847 -19.000000
v 74.169882 -12.422976 -19.000000
v 74.337659 -12.381573 -19.000000
v 74.480375 -12.341399 -19.000000
v 74.600831 -12.302393 -19.000000
v 74.701832 -12.264491 -19.000000
v 74.786185 -12.227629 -19.000000
v 74.856694 -12.191740 -19.000000
v 74.916165 -12.156762 -19.000000
v 75.014591 -12.088193 -19.000000
v 75.064057 -12.048570 -19.000000
v 75.117067 -12.000557 -19.000000
v 75.174518 -11.941165 -19.000000
v 75.237309 -11.867400 -19.000000
v 75.306337 -11.776271 -19.000000
v 75.382501 -11.664786 -19.000000
v 75.466698 -11.529953 -19.000000
v 75.558999 -11.368882 -19.000000
v 75.656083 -11.180615 -19.000000
v 75.756808 -10.965908 -19.000000
v 75.860381 -10.725575 -19.000000
v 75.966005 -10.460426 -19.000000
v 76.072888 -10.171276 -19.000000
v 76.180233 -9.858937 -19.000000
v 76.287247 -9.524222 -19.000000
v 76.393135 -9.167944 -19.000000
v 76.497101 -8.790916 -19.000000
v 76.598352 -8.393950 -19.000000
v 76.696093 -7.977859 -19.000000
v 76.789667 -7.543723 -19.000000
v 76.879054 -7.093520 -19.000000
v 76.964135 -6.628676 -19.000000
v 77.044767 -6.150553 -19.000000
v 77.120807 -5.660512 -19.000000
v 77.192111 -5.159914 -19.000000
v 77.258537 -4.650121 -19.000000
v 77.319939 -4.132495 -19.000000
v 77.376175 -3.608396 -19.000000
v 77.472575 -2.546226 -19.000000
v 77.546587 -1.474504 -19.000000
v 77.597066 -0.404120 -19.000000
v 77.613121 0.127167 -19.000000
v 77.622861 0.654035 -19.000000
v 77.626144 1.175123 -19.000000
v 77.622827 1.689069 -19.000000
v 77.612764 2.194512 -19.000000
v 77.595813 2.690091 -19.000000
v 77.571831 3.174444 -19.000000
v 77.540674 3.646210 -19.000000
v 77.502196 4.103913 -19.000000
v 77.456504 4.545834 -19.000000
v 77.404066 4.970972 -19.000000
v 77.345372 5.378412 -19.000000
v 77.280913 5.767239 -19.000000
v 77.211178 6.136536 -19.000000
v 77.136660 6.485389 -19.000000
v 77.057847 6.812883 -19.000000
v 76.975230 7.118101 -19.000000
v 76.889299 7.400129 -19.000000
v 76.800553 7.658049 -19.000000
v 76.710953 7.890894 -19.000000
v 76.621764 8.099707 -19.000000
v 76.532991 8.286386 -19.000000
v 76.444640 8.452825 -19.000000
v 76.356716 8.600921 -19.000000
v 76.269223 8.732571 -19.000000
v 76.182168 8.849669 -19.000000
v 76.095554 8.954113 -19.000000
v 76.009387 9.047797 -19.000000
v 75.831125 9.216096 -19.000000
v 75.732795 9.295859 -19.000000
v 75.625638 9.373535 -19.000000
v 75.507677 9.449694 -19.000000
v 75.376933 9.524910 -19.000000
v 75.231429 9.599753 -19.000000
v 75.069187 9.674796 -19.000000
v 74.888229 9.750610 -19.000000
v 74.686608 9.827631 -19.000000
v 74.463597 9.903894 -19.000000
v 74.219873 9.978597 -19.000000
v 73.956150 10.051763 -19.000000
v 73.673146 10.123417 -19.000000
v 73.371577 10.193584 -19.000000
v 73.052160 10.262287 -19.000000
v 72.715611 10.329551 -19.000000
v 72.362646 10.395400 -19.000000
v 71.993983 10.459857 -19.000000
v 71.610337 10.522949 -19.000000
v 71.212426 10.584698 -19.000000
v 70.800966 10.645129 -19.000000
v 70.376673 10.704266 -19.000000
v 69.940263 10.762134 -19.000000
v 69.492885 10.819311 -19.000000
v 69.035746 10.876575 -19.000000
v 68.569420 10.933956 -19.000000
v 68.094474 10.991484 -19.000000
v 67.611477 11.049186 -19.000000
v 67.121000 11.107090 -19.000000
v 66.119878 11.223614 -19.000000
v 63.090573 13.579336 -19.000000
v 64.215784 13.458412 -19.000000
v 65.322810 13.329787 -19.000000
v 66.410711 13.202588 -19.000000
v 67.475210 13.077045 -19.000000
v 67.997347 13.014967 -19.000000
v 68.512031 12.953389 -19.000000
v 69.018726 12.892340 -19.000000
v 69.516618 12.831505 -19.000000
v 70.004680 12.770107 -19.000000
v 70.482359 12.707794 -19.000000
v 70.949110 12.644223 -19.000000
v 71.404388 12.579053 -19.000000
v 71.847649 12.511941 -19.000000
v 72.278347 12.442544 -19.000000
v 72.695938 12.370521 -19.000000
v 73.099877 12.295530 -19.000000
v 73.489619 12.217227 -19.000000
v 73.864620 12.135271 -19.000000
v 74.224334 12.049320 -19.000000
v 74.568216 11.959031 -19.000000
v 74.895723 11.864062 -19.000000
v 75.206309 11.764070 -19.000000
v 75.499429 11.658714 -19.000000
v 75.774585 11.547781 -19.000000
v 76.032416 11.432538 -19.000000
v 76.274238 11.312537 -19.000000
v 76.501291 11.186675 -19.000000
v 76.714816 11.053852 -19.000000
v 76.916052 10.912966 -19.000000
v 77.106239 10.762917 -19.000000
v 77.286619 10.602603 -19.000000
v 77.458429 10.430923 -19.000000
v 77.622912 10.246776 -19.000000
v 77.781307 10.049061 -19.000000
v 77.934817 9.836209 -19.000000
v 78.083858 9.604287 -19.000000
v 78.228090 9.352398 -19.000000
v 78.367145 9.080263 -19.000000
v 78.500653 8.787604 -19.000000
v 78.628244 8.474140 -19.000000
v 78.749550 8.139592 -19.000000
v 78.864201 7.783681 -19.000000
v 78.971829 7.406128 -19.000000
v 79.072063 7.006653 -19.000000
v 79.164530 6.584993 -19.000000
v 79.248647 6.142191 -19.000000
v 79.324234 5.679950 -19.000000
v 79.391346 5.199583 -19.000000
v 79.450037 4.702403 -19.000000
v 79.500363 4.189723 -19.000000
v 79.542378 3.662855 -19.000000
v 79.576137 3.123113 -19.000000
v 79.601694 2.571810 -19.000000
v 79.619106 2.010257 -19.000000
v 79.628425 1.439769 -19.000000
v 79.629708 0.861658 -19.000000
v 79.623009 0.277237 -19.000000
v 79.608383 -0.312182 -19.000000
v 79.586018 -0.904785 -19.000000
v 79.556203 -1.498682 -19.000000
v 79.519127 -2.092503 -19.000000
v 79.474982 -2.684875 -19.000000
v 79.423958 -3.274425 -19.000000
v 79.366246 -3.859783 -19.000000
v 79.302037 -4.439575 -19.000000
v 79.231521 -5.012430 -19.000000
v 79.154890 -5.576976 -19.000000
v 79.072333 -6.131840 -19.000000
v 78.984042 -6.675651 -19.000000
v 78.890207 -7.207037 -19.000000
v 78.791019 -7.724625 -19.000000
v 78.686669 -8.227044 -19.000000
v 78.577347 -8.712920 -19.000000
v 78.463244 -9.180884 -19.000000
v 78.344552 -9.629561 -19.000000
v 78.221459 -10.057581 -19.000000
v 78.094172 -10.463526 -19.000000
v 77.963222 -10.845556 -19.000000
v 77.829174 -11.203420 -19.000000
v 77.692517 -11.537359 -19.000000
v 77.553741 -11.847612 -19.000000
v 77.413335 -12.134419 -19.000000
v 77.271789 -12.398020 -19.000000
v 77.129591 -12.638654 -19.000000
v 76.987231 -12.856563 -19.000000
v 76.845199 -13.051985 -19.000000
v 76.703984 -13.225161 -19.000000
v 76.563956 -13.379139 -19.000000
v 76.423738 -13.517983 -19.000000
v 76.281165 -13.643178 -19.000000
v 76.134070 -13.756205 -19.000000
v 75.980290 -13.858547 -19.000000
v 75.817657 -13.951686 -19.000000
v 75.644006 -14.037105 -19.000000
v 75.457172 -14.116287 -19.000000
v 75.254988 -14.190713 -19.000000
v 75.035263 -14.261721 -19.000000
v 74.796007 -14.327848 -19.000000
v 74.537156 -14.388525 -19.000000
v 74.259050 -14.444052 -19.000000
v 73.962026 -14.494731 -19.000000
v 73.646425 -14.540864 -19.000000
v 73.312586 -14.582751 -19.000000
v 72.960847 -14.620694 -19.000000
v 72.591549 -14.654995 -19.000000
v 72.205029 -14.685953 -19.000000
v 71.801629 -14.713872 -19.000000
v 71.381889 -14.739307 -19.000000
v 70.947086 -14.763513 -19.000000
v 70.497972 -14.786828 -19.000000
v 70.035232 -14.809487 -19.000000
v 69.559549 -14.831727 -19.000000
v 69.071605 -14.853786 -19.000000
v 68.572085 -14.875898 -19.000000
v 68.061671 -14.898302 -19.000000
v 67.541048 -14.921233 -19.000000
v 67.010898 -14.944928 -19.000000
v 66.471905 -14.969623 -19.000000
v 65.924752 -14.995555 -19.000000
v 65.370123 -15.022961 -19.000000
v 64.241169 -15.083139 -19.000000
v 63.090573 -15.151081 -19.000000
v 65.090573 11.334792 7.000000
v 63.090573 11.565814 7.000000
v 63.090573 -13.147355 7.000000
v 65.090573 -13.033273 7.000000
v 66.119878 11.223614 7.000000
v 67.121000 11.107090 7.000000
v 67.611477 11.049186 7.000000
v 68.094474 10.991484 7.000000
v 68.569420 10.933956 7.000000
v 69.035746 10.876575 7.000000
v 69.492885 10.819311 7.000000
v 69.940263 10.762134 7.000000
v 70.376673 10.704266 7.000000
v 70.800966 10.645129 7.000000
v 71.212426 10.584698 7.000000
v 71.610337 10.522949 7.000000
v 71.993983 10.459857 7.000000
v 72.362646 10.395400 7.000000
v 72.715611 10.329551 7.000000
v 73.052160 10.262287 7.000000
v 73.371577 10.193584 7.000000
v 73.673146 10.123417 7.000000
v 73.956150 10.051763 7.000000
v 74.219873 9.978597 7.000000
v 74.463597 9.903894 7.000000
v 74.686608 9.827631 7.000000
v 74.888229 9.750610 7.000000
v 75.069187 9.674796 7.000000
v 75.231429 9.599753 7.000000
v 75.376933 9.524910 7.000000
v 75.507677 9.449694 7.000000
v 75.625638 9.373535 7.000000
v 75.732795 9.295859 7.000000
v 75.831125 9.216096 7.000000
v 76.009387 9.047797 7.000000
v 76.095554 8.954113 7.000000
v 76.182168 8.849669 7.000000
v 76.269223 8.732571 7.000000
v 76.356716 8.600921 7.000000
v 76.444640 8.452825 7.000000
v 76.532991 8.286386 7.000000
v 76.621764 8.099707 7.000000
v 76.710953 7.890894 7.000000
v 76.800553 7.658049 7.000000
v 76.889299 7.400129 7.000000
v 76.975230 7.118101 7.000000
v 77.057847 6.812883 7.000000
v 77.136660 6.485389 7.000000
v 77.211178 6.136536 7.000000
v 77.280913 5.767239 7.000000
v 77.345372 5.378412 7.000000
v 77.404066 4.970972 7.000000
v 77.456504 4.545834 7.000000
v 77.502196 4.103913 7.000000
v 77.540674 3.646210 7.000000
v 77.571831 3.174444 7.000000
v 77.595813 2.690091 7.000000
v 77.612764 2.194512 7.000000
v 77.622827 1.689069 7.000000
v 77.626144 1.175123 7.000000
v 77.622861 0.654035 7.000000
v 77.613121 0.127167 7.000000
v 77.597066 -0.404120 7.000000
v 77.546587 -1.474504 7.000000
v 77.472575 -2.546226 7.000000
v 77.376175 -3.608396 7.000000
v 77.319939 -4.132495 7.000000
v 77.258537 -4.650121 7.000000
v 77.192111 -5.159914 7.000000
v 77.120807 -5.660512 7.000000
v 77.044767 -6.150553 7.000000
v 76.964135 -6.628676 7.000000
v 76.879054 -7.093520 7.000000
v 76.789667 -7.543723 7.000000
v 76.696093 -7.977859 7.000000
v 76.598352 -8.393950 7.000000
v 76.497101 -8.790916 7.000000
v 76.393135 -9.167944 7.000000
v 76.287247 -9.524222 7.000000
v 76.180233 -9.858937 7.000000
v 76.072888 -10.171276 7.000000
v 75.966005 -10.460426 7.000000
v 75.860381 -10.725575 7.000000
v 75.756808 -10.965908 7.000000
v 75.656083 -11.180615 7.000000
v 75.558999 -11.368882 7.000000
v 75.466698 -11.529953 7.000000
v 75.382501 -11.664786 7.000000
v 75.306337 -11.776271 7.000000
v 75.237309 -11.867400 7.000000
v 75.174518 -11.941165 7.000000
v 75.117067 -12.000557 7.000000
v 75.064057 -12.048570 7.000000
v 75.014591 -12.088193 7.000000
v 74.916165 -12.156762 7.000000
v 74.856694 -12.191740 7.000000
v 74.786185 -12.227629 7.000000
v 74.701832 -12.264491 7.000000
v 74.600831 -12.302393 7.000000
v 74.480375 -12.341399 7.000000
v 74.337659 -12.381573 7.000000
v 74.169882 -12.422976 7.000000
v 73.976133 -12.463847 7.000000
v 73.757718 -12.502765 7.000000
v 73.515536 -12.539735 7.000000
v 73.250488 -12.574762 7.000000
v 72.963471 -12.607852 7.000000
v 72.655387 -12.639009 7.000000
v 72.327134 -12.668238 7.000000
v 71.979612 -12.695545 7.000000
v 71.613721 -12.720935 7.000000
v 71.230359 -12.744413 7.000000
v 70.830515 -12.766115 7.000000
v 70.415770 -12.787190 7.000000
v 69.987033 -12.808026 7.000000
v 69.545040 -12.828769 7.000000
v 69.090525 -12.849568 7.000000
v 68.624225 -12.870570 7.000000
v 68.146874 -12.891924 7.000000
v 67.659208 -12.913778 7.000000
v 67.161962 -12.936280 7.000000
v 66.655872 -12.959578 7.000000
v 66.141672 -12.983819 7.000000
v 63.090573 -15.151081 7.000000
v 64.241169 -15.083139 7.000000
v 65.370123 -15.022961 7.000000
v 65.924752 -14.995555 7.000000
v 66.471905 -14.969623 7.000000
v 67.010898 -14.944928 7.000000
v 67.541048 -14.921233 7.000000
v 68.061671 -14.898302 7.000000
v 68.572085 -14.875898 7.000000
v 69.071605 -14.853786 7.000000
v 69.559549 -14.831727 7.000000
v 70.035232 -14.809487 7.000000
v 70.497972 -14.786828 7.000000
v 70.947086 -14.763513 7.000000
v 71.381889 -14.739307 7.000000
v 71.801629 -14.713872 7.000000
v 72.205029 -14.685953 7.000000
v 72.591549 -14.654995 7.000000
v 72.960847 -14.620694 7.000000
v 73.312586 -14.582751 7.000000
v 73.646425 -14.540864 7.000000
v 73.962026 -14.494731 7.000000
v 74.259050 -14.444052 7.000000
v 74.537156 -14.388525 7.000000
v 74.796007 -14.327848 7.000000
v 75.035263 -14.261721 7.000000
v 75.254988 -14.190713 7.000000
v 75.457172 -14.116287 7.000000
v 75.644006 -14.037105 7.000000
v 75.817657 -13.951686 7.000000
v 75.980290 -13.858547 7.000000
v 76.134070 -13.756205 7.000000
v 76.281165 -13.643178 7.000000
v 76.423738 -13.517983 7.000000
v 76.563956 -13.379139 7.000000
v 76.703984 -13.225161 7.000000
v 76.845199 -13.051985 7.000000
v 76.987231 -12.856563 7.000000
v 77.129591 -12.638654 7.000000
v 77.271789 -12.398020 7.000000
v 77.413335 -12.134419 7.000000
v 77.553741 -11.847612 7.000000
v 77.692517 -11.537359 7.000000
v 77.829174 -11.203420 7.000000
v 77.963222 -10.845556 7.000000
v 78.094172 -10.463526 7.000000
v 78.221459 -10.057581 7.000000
v 78.344552 -9.629561 7.000000
v 78.463244 -9.180884 7.000000
v 78.577347 -8.712920 7.000000
v 78.686669 -8.227044 7.000000
v 78.791019 -7.724625 7.000000
v 78.890207 -7.207037 7.000000
v 78.984042 -6.675651 7.000000
v 79.072333 -6.131840 7.000000
v 79.154890 -5.576976 7.000000
v 79.231521 -5.012430 7.000000
v 79.302037 -4.439575 7.000000
v 79.366246 -3.859783 7.000000
v 79.423958 -3.274425 7.000000
v 79.474982 -2.684875 7.000000
v 79.519127 -2.092503 7.000000
v 79.556203 -1.498682 7.000000
v 79.586018 -0.904785 7.000000
v 79.608383 -0.312182 7.000000
v 79.623009 0.277237 7.000000
v 79.629708 0.861658 7.000000
v 79.628425 1.439769 7.000000
v 79.619106 2.010257 7.000000
v 79.601694 2.571810 7.000000
v 79.576137 3.123113 7.000000
v 79.542378 3.662855 7.000000
v 79.500363 4.189723 7.000000
v 79.450037 4.702403 7.000000
v 79.391346 5.199583 7.000000
v 79.324234 5.679950 7.000000
v 79.248647 6.142191 7.000000
v 79.164530 6.584993 7.000000
v 79.072063 7.006653 7.000000
v 78.971829 7.406128 7.000000
v 78.864201 7.783681 7.000000
v 78.749550 8.139592 7.000000
v 78.628244 8.474140 7.000000
v 78.500653 8.787604 7.000000
v 78.367145 9.080263 7.000000
v 78.228090 9.352398 7.000000
v 78.083858 9.604287 7.000000
v 77.934817 9.836209 7.000000
v 77.781307 10.049061 7.000000
v 77.622912 10.246776 7.000000
v 77.458429 10.430923 7.000000
v 77.286619 10.602603 7.000000
v 77.106239 10.762917 7.000000
v 76.916052 10.912966 7.000000
v 76.714816 11.053852 7.000000
v 76.501291 11.186675 7.000000
v 76.274238 11.312537 7.000000
v 76.032416 11.432538 7.000000
v 75.774585 11.547781 7.000000
v 75.499429 11.658714 7.000000
v 75.206309 11.764070 7.000000
v 74.895723 11.864062 7.000000
v 74.568216 11.959031 7.000000
v 74.224334 12.049320 7.000000
v 73.864620 12.135271 7.000000
v 73.489619 12.217227 7.000000
v 73.099877 12.295530 7.000000
v 72.695938 12.370521 7.000000
v 72.278347 12.442544 7.000000
v 71.847649 12.511941 7.000000
v 71.404388 12.579053 7.000000
v 70.949110 12.644223 7.000000
v 70.482359 12.707794 7.000000
v 70.004680 12.770107 7.000000
v 69.516618 12.831505 7.000000
v 69.018726 12.892340 7.000000
v 68.512031 12.953389 7.000000
v 67.997347 13.014967 7.000000
v 67.475210 13.077045 7.000000
v 66.410711 13.202588 7.000000
v 65.322810 13.329787 7.000000
v 64.215784 13.458412 7.000000
v 63.090573 13.579336 7.000000
v 66.115015 11.217584 -6.000000
v 67.116518 11.102765 -6.000000
v 67.607216 11.045937 -6.000000
v 68.090438 10.989327 -6.000000
v 68.565604 10.932811 -6.000000
v 69.032134 10.876263 -6.000000
v 69.489446 10.819556 -6.000000
v 69.936959 10.762562 -6.000000
v 70.373491 10.704699 -6.000000
v 70.797911 10.645566 -6.000000
v 71.209501 10.585139 -6.000000
v 71.607545 10.523395 -6.000000
v 71.991326 10.460308 -6.000000
v 72.360127 10.395854 -6.000000
v 72.713232 10.330010 -6.000000
v 73.049924 10.262750 -6.000000
v 73.369486 10.194051 -6.000000
v 73.671202 10.123889 -6.000000
v 73.954354 10.052239 -6.000000
v 74.218226 9.979076 -6.000000
v 74.462102 9.904378 -6.000000
v 74.685265 9.828118 -6.000000
v 74.887038 9.751087 -6.000000
v 75.068132 9.675260 -6.000000
v 75.230496 9.600208 -6.000000
v 75.376107 9.525359 -6.000000
v 75.506944 9.450141 -6.000000
v 75.624984 9.373982 -6.000000
v 75.732207 9.296311 -6.000000
v 75.830589 9.216554 -6.000000
v 76.008915 9.048286 -6.000000
v 76.095086 8.954647 -6.000000
v 76.181704 8.850258 -6.000000
v 76.268765 8.733222 -6.000000
v 76.356262 8.601642 -6.000000
v 76.444192 8.453623 -6.000000
v 76.532548 8.287267 -6.000000
v 76.621326 8.100679 -6.000000
v 76.710520 7.891961 -6.000000
v 76.800126 7.659217 -6.000000
v 76.888891 7.401392 -6.000000
v 76.974842 7.119450 -6.000000
v 77.057482 6.814310 -6.000000
v 77.136320 6.486887 -6.000000
v 77.210864 6.138097 -6.000000
v 77.280626 5.768856 -6.000000
v 77.345114 5.380078 -6.000000
v 77.403837 4.972680 -6.000000
v 77.456306 4.547577 -6.000000
v 77.502030 4.105684 -6.000000
v 77.540540 3.648001 -6.000000
v 77.571727 3.176247 -6.000000
v 77.595738 2.691899 -6.000000
v 77.612715 2.196318 -6.000000
v 77.622803 1.690866 -6.000000
v 77.626144 1.176905 -6.000000
v 77.622883 0.655796 -6.000000
v 77.613163 0.128902 -6.000000
v 77.597127 -0.402416 -6.000000
v 77.546682 -1.472878 -6.000000
v 77.472697 -2.544694 -6.000000
v 77.376320 -3.606972 -6.000000
v 77.320093 -4.131129 -6.000000
v 77.258699 -4.648817 -6.000000
v 77.192281 -5.158673 -6.000000
v 77.120982 -5.659336 -6.000000
v 77.044947 -6.149443 -6.000000
v 76.964318 -6.627634 -6.000000
v 76.879239 -7.092546 -6.000000
v 76.789854 -7.542818 -6.000000
v 76.696280 -7.977024 -6.000000
v 76.598539 -8.393185 -6.000000
v 76.497286 -8.790220 -6.000000
v 76.393315 -9.167315 -6.000000
v 76.287421 -9.523658 -6.000000
v 76.180400 -9.858435 -6.000000
v 76.073045 -10.170834 -6.000000
v 75.966153 -10.460042 -6.000000
v 75.860517 -10.725245 -6.000000
v 75.756933 -10.965630 -6.000000
v 75.656196 -11.180385 -6.000000
v 75.559100 -11.368697 -6.000000
v 75.466785 -11.529809 -6.000000
v 75.382572 -11.664676 -6.000000
v 75.306396 -11.776189 -6.000000
v 75.237357 -11.867340 -6.000000
v 75.174557 -11.941122 -6.000000
v 75.117098 -12.000527 -6.000000
v 75.064082 -12.048549 -6.000000
v 75.014610 -12.088179 -6.000000
v 74.916178 -12.156754 -6.000000
v 74.856704 -12.191735 -6.000000
v 74.786191 -12.227626 -6.000000
v 74.701831 -12.264492 -6.000000
v 74.600820 -12.302396 -6.000000
v 74.480352 -12.341406 -6.000000
v 74.337619 -12.381584 -6.000000
v 74.169820 -12.422990 -6.000000
v 73.976046 -12.463864 -6.000000
v 73.757602 -12.502784 -6.000000
v 73.515387 -12.539756 -6.000000
v 73.250303 -12.574785 -6.000000
v 72.963248 -12.607876 -6.000000
v 72.655122 -12.639034 -6.000000
v 72.326825 -12.668264 -6.000000
v 71.979256 -12.695571 -6.000000
v 71.613316 -12.720961 -6.000000
v 71.229904 -12.744439 -6.000000
v 70.830007 -12.766119 -6.000000
v 70.415198 -12.786983 -6.000000
v 69.986387 -12.807428 -6.000000
v 69.544312 -12.827654 -6.000000
v 69.089711 -12.847865 -6.000000
v 68.623322 -12.868263 -6.000000
v 68.145885 -12.889049 -6.000000
v 67.658136 -12.910427 -6.000000
v 67.160815 -12.932599 -6.000000
v 66.654660 -12.955768 -6.000000
v 66.140409 -12.980134 -6.000000
v 64.212516 13.449519 -6.000000
v 65.319818 13.322629 -6.000000
v 66.408101 13.198041 -6.000000
v 67.472992 13.075133 -6.000000
v 67.995299 13.014113 -6.000000
v 68.510116 12.953280 -6.000000
v 69.016898 12.892555 -6.000000
v 69.514842 12.831725 -6.000000
v 70.002958 12.770327 -6.000000
v 70.480693 12.708016 -6.000000
v 70.947500 12.644448 -6.000000
v 71.402835 12.579281 -6.000000
v 71.846154 12.512174 -6.000000
v 72.276912 12.442783 -6.000000
v 72.694563 12.370767 -6.000000
v 73.098563 12.295783 -6.000000
v 73.488367 12.217489 -6.000000
v 73.863430 12.135543 -6.000000
v 74.223207 12.049602 -6.000000
v 74.567153 11.959324 -6.000000
v 74.894724 11.864367 -6.000000
v 75.205374 11.764388 -6.000000
v 75.498560 11.659045 -6.000000
v 75.773781 11.548123 -6.000000
v 76.031671 11.432889 -6.000000
v 76.273547 11.312899 -6.000000
v 76.500650 11.187051 -6.000000
v 76.714220 11.054245 -6.000000
v 76.915496 10.913379 -6.000000
v 77.105720 10.763351 -6.000000
v 77.286132 10.603061 -6.000000
v 77.457971 10.431408 -6.000000
v 77.622478 10.247290 -6.000000
v 77.780892 10.049606 -6.000000
v 77.934420 9.836791 -6.000000
v 78.083478 9.604912 -6.000000
v 78.227729 9.353066 -6.000000
v 78.366802 9.080973 -6.000000
v 78.500329 8.788355 -6.000000
v 78.627940 8.474931 -6.000000
v 78.749266 8.140422 -6.000000
v 78.863938 7.784550 -6.000000
v 78.971586 7.407034 -6.000000
v 79.071841 7.007596 -6.000000
v 79.164330 6.585970 -6.000000
v 79.248469 6.143197 -6.000000
v 79.324078 5.680981 -6.000000
v 79.391211 5.200635 -6.000000
v 79.449922 4.703471 -6.000000
v 79.500267 4.190804 -6.000000
v 79.542301 3.663945 -6.000000
v 79.576077 3.124208 -6.000000
v 79.601652 2.572907 -6.000000
v 79.619080 2.011353 -6.000000
v 79.628415 1.440860 -6.000000
v 79.629713 0.862740 -6.000000
v 79.623028 0.278308 -6.000000
v 79.608416 -0.311124 -6.000000
v 79.586064 -0.903744 -6.000000
v 79.556260 -1.497663 -6.000000
v 79.519195 -2.091506 -6.000000
v 79.475060 -2.683903 -6.000000
v 79.424045 -3.273480 -6.000000
v 79.366342 -3.858867 -6.000000
v 79.302141 -4.438690 -6.000000
v 79.231632 -5.011577 -6.000000
v 79.155006 -5.576157 -6.000000
v 79.072455 -6.131056 -6.000000
v 78.984169 -6.674903 -6.000000
v 78.890338 -7.206326 -6.000000
v 78.791153 -7.723952 -6.000000
v 78.686806 -8.226410 -6.000000
v 78.577486 -8.712326 -6.000000
v 78.463385 -9.180329 -6.000000
v 78.344693 -9.629047 -6.000000
v 78.221602 -10.057107 -6.000000
v 78.094314 -10.463092 -6.000000
v 77.963363 -10.845162 -6.000000
v 77.829313 -11.203065 -6.000000
v 77.692654 -11.537040 -6.000000
v 77.553875 -11.847327 -6.000000
v 77.413465 -12.134166 -6.000000
v 77.271914 -12.397797 -6.000000
v 77.129712 -12.638460 -6.000000
v 76.987347 -12.856395 -6.000000
v 76.845309 -13.051843 -6.000000
v 76.704088 -13.225042 -6.000000
v 76.564054 -13.379036 -6.000000
v 76.423832 -13.517895 -6.000000
v 76.281256 -13.643103 -6.000000
v 76.134160 -13.756141 -6.000000
v 75.980378 -13.858492 -6.000000
v 75.817744 -13.951640 -6.000000
v 75.644093 -14.037066 -6.000000
v 75.457259 -14.116253 -6.000000
v 75.255075 -14.190683 -6.000000
v 75.035349 -14.261695 -6.000000
v 74.796092 -14.327827 -6.000000
v 74.537238 -14.388507 -6.000000
v 74.259127 -14.444038 -6.000000
v 73.962097 -14.494720 -6.000000
v 73.646488 -14.540855 -6.000000
v 73.312640 -14.582745 -6.000000
v 72.960891 -14.620690 -6.000000
v 72.591581 -14.654992 -6.000000
v 72.205049 -14.685952 -6.000000
v 71.801634 -14.713872 -6.000000
v 71.381879 -14.739307 -6.000000
v 70.947060 -14.763514 -6.000000
v 70.497929 -14.786830 -6.000000
v 70.035171 -14.809490 -6.000000
v 69.559468 -14.831731 -6.000000
v 69.071505 -14.853790 -6.000000
v 68.571964 -14.875904 -6.000000
v 68.061529 -14.898308 -6.000000
v 67.540884 -14.921240 -6.000000
v 67.010712 -14.944936 -6.000000
v 66.471696 -14.969633 -6.000000
v 65.924521 -14.995566 -6.000000
v 65.369868 -15.022974 -6.000000
v 64.240867 -15.083156 -6.000000
vt -0.000000 0.000000 0.000000
vt 2.436807 0.000000 0.000000
vt 0.000000 1.900000 0.000000
vt 2.436807 1.900000 0.000000
vt -0.629977 -1.224740 0.000000
vt -0.629977 1.212066 0.000000
vt -0.729133 -1.230282 0.000000
vt -0.728923 1.224069 0.000000
vt -0.829977 1.235169 0.000000
vt -0.829977 -1.236148 0.000000
vt 0.524867 -1.219795 0.000000
vt -0.545486 -1.226611 0.000000
vt 0.629977 -1.224740 0.000000
vt -0.041129 -1.392800 0.000000
vt 0.000845 -1.395343 0.000000
vt 0.473447 -1.217371 0.000000
vt 0.422838 -1.215041 0.000000
vt 0.373113 -1.212791 0.000000
vt 0.324347 -1.210605 0.000000
vt 0.276611 -1.208470 0.000000
vt 0.229981 -1.206370 0.000000
vt 0.184530 -1.204290 0.000000
vt 0.140331 -1.202215 0.000000
vt 0.097457 -1.200132 0.000000
vt 0.055982 -1.198024 0.000000
vt 0.015998 -1.195854 0.000000
vt -0.022338 -1.193506 0.000000
vt -0.058927 -1.190967 0.000000
vt -0.093679 -1.188237 0.000000
vt -0.126505 -1.185314 0.000000
vt -0.157313 -1.182198 0.000000
vt -0.186015 -1.178889 0.000000
vt -0.212520 -1.175386 0.000000
vt -0.236738 -1.171689 0.000000
vt -0.258579 -1.167797 0.000000
vt -0.277954 -1.163710 0.000000
vt -0.294732 -1.159570 0.000000
vt -0.309004 -1.155553 0.000000
vt -0.321049 -1.151652 0.000000
vt -0.331149 -1.147862 0.000000
vt -0.339585 -1.144176 0.000000
vt -0.346636 -1.140587 0.000000
vt -0.352583 -1.137089 0.000000
vt -0.362425 -1.130232 0.000000
vt -0.367372 -1.126270 0.000000
vt -0.372673 -1.121468 0.000000
vt -0.378418 -1.115529 0.000000
vt -0.384697 -1.108153 0.000000
vt -0.391600 -1.099040 0.000000
vt -0.399216 -1.087891 0.000000
vt -0.407636 -1.074408 0.000000
vt -0.416866 -1.058301 0.000000
vt -0.426574 -1.039474 0.000000
vt -0.436647 -1.018004 0.000000
vt -0.559689 -1.207069 0.000000
vt -0.447004 -0.993970 0.000000
vt -0.573925 -1.185278 0.000000
vt -0.588145 -1.161215 0.000000
vt -0.457567 -0.967455 0.000000
vt -0.602300 -1.134855 0.000000
vt -0.468255 -0.938540 0.000000
vt -0.616340 -1.106174 0.000000
vt -0.478989 -0.907306 0.000000
vt -0.630218 -1.075149 0.000000
vt -0.643883 -1.041755 0.000000
vt -0.489691 -0.873835 0.000000
vt -0.657288 -1.005968 0.000000
vt -0.500280 -0.838207 0.000000
vt -0.670383 -0.967765 0.000000
vt -0.510676 -0.800504 0.000000
vt -0.683112 -0.927171 0.000000
vt -0.520801 -0.760808 0.000000
vt -0.695421 -0.884369 0.000000
vt -0.530575 -0.719199 0.000000
vt -0.707291 -0.839501 0.000000
vt -0.539933 -0.675785 0.000000
vt -0.718701 -0.792705 0.000000
vt -0.729633 -0.744117 0.000000
vt -0.548871 -0.630765 0.000000
vt -0.740068 -0.693875 0.000000
vt -0.557380 -0.584280 0.000000
vt -0.749987 -0.642116 0.000000
vt -0.565443 -0.536468 0.000000
vt -0.759370 -0.588978 0.000000
vt -0.573047 -0.487464 0.000000
vt -0.768199 -0.534597 0.000000
vt -0.580177 -0.437404 0.000000
vt -0.776455 -0.479110 0.000000
vt -0.586820 -0.386425 0.000000
vt -0.784118 -0.422656 0.000000
vt -0.592960 -0.334662 0.000000
vt -0.791170 -0.365370 0.000000
vt -0.598584 -0.282252 0.000000
vt -0.797591 -0.307391 0.000000
vt -0.608224 -0.176035 0.000000
vt -0.803362 -0.248855 0.000000
vt -0.808464 -0.189900 0.000000
vt -0.615625 -0.068863 0.000000
vt -0.812879 -0.130663 0.000000
vt -0.816586 -0.071281 0.000000
vt -0.620673 0.038175 0.000000
vt -0.819568 -0.011891 0.000000
vt -0.821804 0.047369 0.000000
vt -0.622278 0.091304 0.000000
vt -0.823267 0.106311 0.000000
vt -0.623252 0.143991 0.000000
vt -0.823937 0.164753 0.000000
vt -0.623581 0.196100 0.000000
vt -0.823809 0.222564 0.000000
vt -0.623249 0.247494 0.000000
vt -0.822877 0.279613 0.000000
vt -0.622242 0.298038 0.000000
vt -0.821136 0.335768 0.000000
vt -0.620547 0.347596 0.000000
vt -0.818580 0.390899 0.000000
vt -0.618149 0.396032 0.000000
vt -0.815204 0.444873 0.000000
vt -0.615033 0.443208 0.000000
vt -0.811002 0.497560 0.000000
vt -0.611186 0.488979 0.000000
vt -0.805970 0.548828 0.000000
vt -0.800101 0.598546 0.000000
vt -0.606616 0.533171 0.000000
vt -0.793389 0.646582 0.000000
vt -0.601373 0.575684 0.000000
vt -0.785831 0.692806 0.000000
vt -0.595503 0.616428 0.000000
vt -0.777419 0.737087 0.000000
vt -0.589057 0.655311 0.000000
vt -0.768172 0.779253 0.000000
vt -0.582084 0.692241 0.000000
vt -0.758149 0.819200 0.000000
vt -0.747386 0.856955 0.000000
vt -0.574632 0.727126 0.000000
vt -0.735921 0.892546 0.000000
vt -0.566751 0.759875 0.000000
vt -0.723790 0.926001 0.000000
vt -0.558489 0.790397 0.000000
vt -0.711031 0.957348 0.000000
vt -0.697681 0.986614 0.000000
vt -0.549896 0.818600 0.000000
vt -0.683775 1.013827 0.000000
vt -0.541021 0.844392 0.000000
vt -0.669352 1.039016 0.000000
vt -0.532061 0.867677 0.000000
vt -0.654448 1.062208 0.000000
vt -0.639097 1.083493 0.000000
vt -0.523142 0.888558 0.000000
vt -0.623257 1.103265 0.000000
vt -0.514265 0.907226 0.000000
vt -0.606809 1.121680 0.000000
vt -0.505430 0.923870 0.000000
vt -0.589628 1.138848 0.000000
vt -0.496638 0.938679 0.000000
vt -0.571590 1.154879 0.000000
vt -0.487888 0.951844 0.000000
vt -0.552571 1.169884 0.000000
vt -0.479183 0.963554 0.000000
vt -0.532448 1.183972 0.000000
vt -0.470521 0.973998 0.000000
vt -0.461905 0.983367 0.000000
vt -0.511095 1.197255 0.000000
vt -0.444079 1.000197 0.000000
vt -0.488390 1.209841 0.000000
vt -0.434246 1.008173 0.000000
vt -0.464208 1.221841 0.000000
vt -0.423530 1.015941 0.000000
vt -0.411734 1.023557 0.000000
vt -0.438425 1.233365 0.000000
vt -0.398659 1.031078 0.000000
vt -0.410909 1.244459 0.000000
vt -0.384109 1.038563 0.000000
vt -0.367885 1.046067 0.000000
vt -0.381597 1.254994 0.000000
vt -0.349789 1.053648 0.000000
vt -0.350538 1.264993 0.000000
vt -0.329627 1.061350 0.000000
vt -0.307326 1.068977 0.000000
vt -0.317788 1.274490 0.000000
vt -0.282953 1.076447 0.000000
vt -0.283399 1.283519 0.000000
vt -0.256581 1.083764 0.000000
vt -0.247428 1.292114 0.000000
vt -0.228281 1.090929 0.000000
vt -0.209928 1.300310 0.000000
vt -0.198124 1.097946 0.000000
vt -0.166182 1.104816 0.000000
vt -0.170954 1.308140 0.000000
vt -0.132527 1.111542 0.000000
vt -0.130560 1.315639 0.000000
vt -0.097231 1.118127 0.000000
vt -0.060364 1.124573 0.000000
vt -0.022000 1.130882 0.000000
vt 0.017791 1.137057 0.000000
vt 0.058937 1.143100 0.000000
vt 0.101367 1.149014 0.000000
vt 0.145008 1.154801 0.000000
vt 0.189745 1.160518 0.000000
vt 0.235459 1.166245 0.000000
vt 0.282092 1.171983 0.000000
vt 0.329587 1.177736 0.000000
vt 0.377886 1.183506 0.000000
vt 0.339299 1.380084 0.000000
vt 0.287831 1.373926 0.000000
vt 0.237161 1.367821 0.000000
vt 0.391513 1.386292 0.000000
vt 0.426934 1.189296 0.000000
vt 0.497963 1.398846 0.000000
vt 0.527046 1.200949 0.000000
vt 0.606753 1.411566 0.000000
vt 0.629977 1.212066 0.000000
vt 0.717456 1.424428 0.000000
vt 0.829977 1.436521 0.000000
vt 0.829977 -1.436521 0.000000
vt 0.714917 -1.429727 0.000000
vt 0.602022 -1.423709 0.000000
vt 0.546559 -1.420968 0.000000
vt 0.491843 -1.418375 0.000000
vt 0.437944 -1.415906 0.000000
vt 0.384929 -1.413536 0.000000
vt 0.332867 -1.411243 0.000000
vt 0.281825 -1.409003 0.000000
vt 0.231873 -1.406791 0.000000
vt 0.183079 -1.404585 0.000000
vt 0.135511 -1.402361 0.000000
vt 0.089237 -1.400096 0.000000
vt 0.044325 -1.397764 0.000000
vt 0.187372 1.361738 0.000000
vt 0.138566 1.355598 0.000000
vt 0.090798 1.349367 0.000000
vt 0.044123 1.343010 0.000000
vt -0.001405 1.336493 0.000000
vt -0.045731 1.329781 0.000000
vt -0.088801 1.322842 0.000000
vt -0.531364 -1.243929 0.000000
vt -0.517362 -1.259327 0.000000
vt -0.503340 -1.273211 0.000000
vt -0.489083 -1.285731 0.000000
vt -0.474373 -1.297033 0.000000
vt -0.458995 -1.307267 0.000000
vt -0.442732 -1.316581 0.000000
vt -0.425367 -1.325123 0.000000
vt -0.406683 -1.333041 0.000000
vt -0.386465 -1.340484 0.000000
vt -0.364492 -1.347585 0.000000
vt -0.340567 -1.354198 0.000000
vt -0.314682 -1.360265 0.000000
vt -0.286871 -1.365818 0.000000
vt -0.257169 -1.370886 0.000000
vt -0.225609 -1.375499 0.000000
vt -0.192225 -1.379688 0.000000
vt -0.157051 -1.383482 0.000000
vt -0.120121 -1.386912 0.000000
vt -0.081469 -1.390008 0.000000
vt -12.449429 0.700000 0.000000
vt -12.650903 0.700000 0.000000
vt -12.449429 0.000000 0.000000
vt -12.549819 0.000000 0.000000
vt -12.650903 0.000000 0.000000
vt -5.636400 0.000000 0.000000
vt -5.636400 0.700000 0.000000
vt -5.736677 0.000000 0.000000
vt -5.836834 0.700000 0.000000
vt -5.836834 0.000000 0.000000
vt -0.829977 1.436521 0.000000
vt -0.829977 1.235169 0.000000
vt -0.717456 1.424428 0.000000
vt -0.629977 1.212066 0.000000
vt -0.606753 1.411566 0.000000
vt -0.527046 1.200949 0.000000
vt -0.497963 1.398846 0.000000
vt -0.426934 1.189296 0.000000
vt -0.391513 1.386292 0.000000
vt -0.377886 1.183506 0.000000
vt -0.339299 1.380084 0.000000
vt -0.329587 1.177736 0.000000
vt -0.287831 1.373926 0.000000
vt -0.282092 1.171983 0.000000
vt -0.237161 1.367821 0.000000
vt -0.235459 1.166245 0.000000
vt -0.187372 1.361738 0.000000
vt -0.189745 1.160518 0.000000
vt -0.138566 1.355598 0.000000
vt -0.145008 1.154801 0.000000
vt -0.090798 1.349367 0.000000
vt -0.101367 1.149014 0.000000
vt -0.058937 1.143100 0.000000
vt -0.044123 1.343010 0.000000
vt -0.017791 1.137057 0.000000
vt 0.001405 1.336493 0.000000
vt 0.022000 1.130882 0.000000
vt 0.045731 1.329781 0.000000
vt 0.060364 1.124573 0.000000
vt 0.088801 1.322842 0.000000
vt 0.097231 1.118127 0.000000
vt 0.130560 1.315639 0.000000
vt 0.132527 1.111542 0.000000
vt 0.170954 1.308140 0.000000
vt 0.166182 1.104816 0.000000
vt 0.209928 1.300310 0.000000
vt 0.198124 1.097946 0.000000
vt 0.228281 1.090929 0.000000
vt 0.247428 1.292114 0.000000
vt 0.256581 1.083764 0.000000
vt 0.283399 1.283519 0.000000
vt 0.282953 1.076447 0.000000
vt 0.317788 1.274490 0.000000
vt 0.307326 1.068977 0.000000
vt 0.350538 1.264993 0.000000
vt 0.329627 1.061350 0.000000
vt 0.349789 1.053648 0.000000
vt 0.381597 1.254994 0.000000
vt 0.367885 1.046067 0.000000
vt 0.410909 1.244459 0.000000
vt 0.384109 1.038563 0.000000
vt 0.398659 1.031078 0.000000
vt 0.438425 1.233365 0.000000
vt 0.411734 1.023557 0.000000
vt 0.464208 1.221841 0.000000
vt 0.423530 1.015941 0.000000
vt 0.434246 1.008173 0.000000
vt 0.488390 1.209841 0.000000
vt 0.444079 1.000197 0.000000
vt 0.511095 1.197255 0.000000
vt 0.461905 0.983367 0.000000
vt 0.532448 1.183972 0.000000
vt 0.470521 0.973998 0.000000
vt 0.479183 0.963554 0.000000
vt 0.552571 1.169884 0.000000
vt 0.487888 0.951844 0.000000
vt 0.571590 1.154879 0.000000
vt 0.496638 0.938679 0.000000
vt 0.589628 1.138848 0.000000
vt 0.505430 0.923870 0.000000
vt 0.606809 1.121680 0.000000
vt 0.514265 0.907226 0.000000
vt 0.623257 1.103265 0.000000
vt 0.523142 0.888558 0.000000
vt 0.639097 1.083493 0.000000
vt 0.532061 0.867677 0.000000
vt 0.654448 1.062208 0.000000
vt 0.669352 1.039016 0.000000
vt 0.541021 0.844392 0.000000
vt 0.683775 1.013827 0.000000
vt 0.549896 0.818600 0.000000
vt 0.697681 0.986614 0.000000
vt 0.558489 0.790397 0.000000
vt 0.711031 0.957348 0.000000
vt 0.723790 0.926001 0.000000
vt 0.566751 0.759875 0.000000
vt 0.735921 0.892546 0.000000
vt 0.574632 0.727126 0.000000
vt 0.747386 0.856955 0.000000
vt 0.582084 0.692241 0.000000
vt 0.758149 0.819200 0.000000
vt 0.768172 0.779253 0.000000
vt 0.589057 0.655311 0.000000
vt 0.777419 0.737087 0.000000
vt 0.595503 0.616428 0.000000
vt 0.785831 0.692806 0.000000
vt 0.601373 0.575684 0.000000
vt 0.793389 0.646582 0.000000
vt 0.606616 0.533171 0.000000
vt 0.800101 0.598546 0.000000
vt 0.611186 0.488979 0.000000
vt 0.805970 0.548828 0.000000
vt 0.811002 0.497560 0.000000
vt 0.615033 0.443208 0.000000
vt 0.815204 0.444873 0.000000
vt 0.618149 0.396032 0.000000
vt 0.818580 0.390899 0.000000
vt 0.620547 0.347596 0.000000
vt 0.821136 0.335768 0.000000
vt 0.622242 0.298038 0.000000
vt 0.822877 0.279613 0.000000
vt 0.623249 0.247494 0.000000
vt 0.823809 0.222564 0.000000
vt 0.623581 0.196100 0.000000
vt 0.823937 0.164753 0.000000
vt 0.623252 0.143991 0.000000
vt 0.823267 0.106311 0.000000
vt 0.622278 0.091304 0.000000
vt 0.821804 0.047369 0.000000
vt 0.620673 0.038175 0.000000
vt 0.819568 -0.011891 0.000000
vt 0.816586 -0.071281 0.000000
vt 0.615625 -0.068863 0.000000
vt 0.812879 -0.130663 0.000000
vt 0.808464 -0.189900 0.000000
vt 0.608224 -0.176035 0.000000
vt 0.803362 -0.248855 0.000000
vt 0.797591 -0.307391 0.000000
vt 0.598584 -0.282252 0.000000
vt 0.791170 -0.365370 0.000000
vt 0.592960 -0.334662 0.000000
vt 0.784118 -0.422656 0.000000
vt 0.586820 -0.386425 0.000000
vt 0.776455 -0.479110 0.000000
vt 0.580177 -0.437404 0.000000
vt 0.768199 -0.534597 0.000000
vt 0.573047 -0.487464 0.000000
vt 0.759370 -0.588978 0.000000
vt 0.565443 -0.536468 0.000000
vt 0.749987 -0.642116 0.000000
vt 0.557380 -0.584280 0.000000
vt 0.740068 -0.693875 0.000000
vt 0.548871 -0.630765 0.000000
vt 0.729633 -0.744117 0.000000
vt 0.539933 -0.675785 0.000000
vt 0.718701 -0.792705 0.000000
vt 0.707291 -0.839501 0.000000
vt 0.530575 -0.719199 0.000000
vt 0.695421 -0.884369 0.000000
vt 0.520801 -0.760808 0.000000
vt 0.683112 -0.927171 0.000000
vt 0.510676 -0.800504 0.000000
vt 0.670383 -0.967765 0.000000
vt 0.500280 -0.838207 0.000000
vt 0.657288 -1.005968 0.000000
vt 0.489691 -0.873835 0.000000
vt 0.643883 -1.041755 0.000000
vt 0.478989 -0.907306 0.000000
vt 0.630218 -1.075149 0.000000
vt 0.616340 -1.106174 0.000000
vt 0.468255 -0.938540 0.000000
vt 0.602300 -1.134855 0.000000
vt 0.457567 -0.967455 0.000000
vt 0.588145 -1.161215 0.000000
vt 0.447004 -0.993970 0.000000
vt 0.573925 -1.185278 0.000000
vt 0.559689 -1.207069 0.000000
vt 0.436647 -1.018004 0.000000
vt 0.545486 -1.226611 0.000000
vt 0.426574 -1.039474 0.000000
vt 0.531364 -1.243929 0.000000
vt 0.416866 -1.058301 0.000000
vt 0.407636 -1.074408 0.000000
vt 0.399216 -1.087891 0.000000
vt 0.391600 -1.099040 0.000000
vt 0.384697 -1.108153 0.000000
vt 0.378418 -1.115529 0.000000
vt 0.372673 -1.121468 0.000000
vt 0.367372 -1.126270 0.000000
vt 0.362425 -1.130232 0.000000
vt 0.352583 -1.137089 0.000000
vt 0.346636 -1.140587 0.000000
vt 0.339585 -1.144176 0.000000
vt 0.331149 -1.147862 0.000000
vt 0.321049 -1.151652 0.000000
vt 0.309004 -1.155553 0.000000
vt 0.294732 -1.159570 0.000000
vt 0.277954 -1.163710 0.000000
vt 0.258579 -1.167797 0.000000
vt 0.236738 -1.171689 0.000000
vt 0.212520 -1.175386 0.000000
vt 0.186015 -1.178889 0.000000
vt 0.157313 -1.182198 0.000000
vt 0.126505 -1.185314 0.000000
vt 0.093679 -1.188237 0.000000
vt 0.058927 -1.190967 0.000000
vt 0.022338 -1.193506 0.000000
vt -0.015998 -1.195854 0.000000
vt 0.517362 -1.259327 0.000000
vt -0.829977 -1.436521 0.000000
vt 0.503340 -1.273211 0.000000
vt 0.489083 -1.285731 0.000000
vt 0.474373 -1.297033 0.000000
vt 0.458995 -1.307267 0.000000
vt 0.442732 -1.316581 0.000000
vt 0.425367 -1.325123 0.000000
vt 0.406683 -1.333041 0.000000
vt 0.386465 -1.340484 0.000000
vt 0.364492 -1.347585 0.000000
vt 0.340567 -1.354198 0.000000
vt 0.314682 -1.360265 0.000000
vt 0.286871 -1.365818 0.000000
vt 0.257169 -1.370886 0.000000
vt -0.714917 -1.429727 0.000000
vt 0.225609 -1.375499 0.000000
vt 0.192225 -1.379688 0.000000
vt -0.602022 -1.423709 0.000000
vt 0.157051 -1.383482 0.000000
vt 0.120121 -1.386912 0.000000
vt -0.546559 -1.420968 0.000000
vt 0.081469 -1.390008 0.000000
vt 0.041129 -1.392800 0.000000
vt -0.491843 -1.418375 0.000000
vt -0.000845 -1.395343 0.000000
vt -0.044325 -1.397764 0.000000
vt -0.437944 -1.415906 0.000000
vt -0.089237 -1.400096 0.000000
vt -0.135511 -1.402361 0.000000
vt -0.384929 -1.413536 0.000000
vt -0.183079 -1.404585 0.000000
vt -0.231873 -1.406791 0.000000
vt -0.332867 -1.411243 0.000000
vt -0.281825 -1.409003 0.000000
vt -0.055982 -1.198024 0.000000
vt -0.097457 -1.200132 0.000000
vt -0.140331 -1.202215 0.000000
vt -0.184530 -1.204290 0.000000
vt -0.229981 -1.206370 0.000000
vt -0.276611 -1.208470 0.000000
vt -0.324347 -1.210605 0.000000
vt -0.373113 -1.212791 0.000000
vt -0.422838 -1.215041 0.000000
vt -0.473447 -1.217371 0.000000
vt -0.524867 -1.219795 0.000000
vt -0.629977 -1.224740 0.000000
vt -0.829977 -1.236148 0.000000
vt -5.796194 0.700000 0.000000
vt -5.903823 0.700000 0.000000
vt -5.796194 0.000000 0.000000
vt -5.903711 -0.600000 0.000000
vt -5.796194 -1.900000 0.000000
vt -5.903823 -1.900000 0.000000
vt -5.957469 -0.600000 0.000000
vt -5.957578 -1.900000 0.000000
vt -6.011227 -0.600000 0.000000
vt -6.011332 -1.900000 0.000000
vt -6.064985 -0.600000 0.000000
vt -6.065086 -1.900000 0.000000
vt -6.118743 -0.600000 0.000000
vt -6.118840 -1.900000 0.000000
vt -6.172502 -0.600000 0.000000
vt -6.172593 -1.900000 0.000000
vt -6.226260 -0.600000 0.000000
vt -6.226346 -1.900000 0.000000
vt -6.280018 -0.600000 0.000000
vt -6.280099 -1.900000 0.000000
vt -6.333776 -0.600000 0.000000
vt -6.333852 -1.900000 0.000000
vt -6.387535 -0.600000 0.000000
vt -6.387606 -1.900000 0.000000
vt -6.441293 -0.600000 0.000000
vt -6.441360 -1.900000 0.000000
vt -6.495051 -0.600000 0.000000
vt -6.495113 -1.900000 0.000000
vt -6.548809 -0.600000 0.000000
vt -6.548867 -1.900000 0.000000
vt -6.602567 -0.600000 0.000000
vt -6.602621 -1.900000 0.000000
vt -6.656326 -0.600000 0.000000
vt -6.656375 -1.900000 0.000000
vt -6.710084 -0.600000 0.000000
vt -6.710129 -1.900000 0.000000
vt -6.763842 -0.600000 0.000000
vt -6.763883 -1.900000 0.000000
vt -6.817600 -0.600000 0.000000
vt -6.817636 -1.900000 0.000000
vt -6.871359 -0.600000 0.000000
vt -6.871390 -1.900000 0.000000
vt -6.925117 -0.600000 0.000000
vt -6.925144 -1.900000 0.000000
vt -6.978875 -0.600000 0.000000
vt -6.978898 -1.900000 0.000000
vt -7.032633 -0.600000 0.000000
vt -7.032652 -1.900000 0.000000
vt -7.086391 -0.600000 0.000000
vt -7.086405 -1.900000 0.000000
vt -7.140150 -0.600000 0.000000
vt -7.140159 -1.900000 0.000000
vt -7.193908 -0.600000 0.000000
vt -7.193913 -1.900000 0.000000
vt -7.247666 -0.600000 0.000000
vt -7.247667 -1.900000 0.000000
vt -7.301421 -1.900000 0.000000
vt -7.301424 -0.600000 0.000000
vt -7.355174 -1.900000 0.000000
vt -7.355183 -0.600000 0.000000
vt -7.408928 -1.900000 0.000000
vt -7.408941 -0.600000 0.000000
vt -7.516436 -1.900000 0.000000
vt -7.516457 -0.600000 0.000000
vt -7.570190 -1.900000 0.000000
vt -7.570215 -0.600000 0.000000
vt -7.623943 -1.900000 0.000000
vt -7.623974 -0.600000 0.000000
vt -7.677697 -1.900000 0.000000
vt -7.677732 -0.600000 0.000000
vt -7.731451 -1.900000 0.000000
vt -7.731490 -0.600000 0.000000
vt -7.785205 -1.900000 0.000000
vt -7.785248 -0.600000 0.000000
vt -7.838959 -1.900000 0.000000
vt -7.839007 -0.600000 0.000000
vt -7.892712 -1.900000 0.000000
vt -7.892765 -0.600000 0.000000
vt -7.946466 -1.900000 0.000000
vt -7.946523 -0.600000 0.000000
vt -8.000220 -1.900000 0.000000
vt -8.000281 -0.600000 0.000000
vt -8.053974 -1.900000 0.000000
vt -8.054039 -0.600000 0.000000
vt -8.107728 -1.900000 0.000000
vt -8.107798 -0.600000 0.000000
vt -8.161481 -1.900000 0.000000
vt -8.161556 -0.600000 0.000000
vt -8.215235 -1.900000 0.000000
vt -8.215314 -0.600000 0.000000
vt -8.268989 -1.900000 0.000000
vt -8.269072 -0.600000 0.000000
vt -8.322743 -1.900000 0.000000
vt -8.322831 -0.600000 0.000000
vt -8.376497 -1.900000 0.000000
vt -8.376589 -0.600000 0.000000
vt -8.430250 -1.900000 0.000000
vt -8.430347 -0.600000 0.000000
vt -8.484004 -1.900000 0.000000
vt -8.484105 -0.600000 0.000000
vt -8.537758 -1.900000 0.000000
vt -8.537864 -0.600000 0.000000
vt -8.591512 -1.900000 0.000000
vt -8.591622 -0.600000 0.000000
vt -8.645266 -1.900000 0.000000
vt -8.645380 -0.600000 0.000000
vt -8.699019 -1.900000 0.000000
vt -8.699138 -0.600000 0.000000
vt -8.752773 -1.900000 0.000000
vt -8.752896 -0.600000 0.000000
vt -8.806527 -1.900000 0.000000
vt -8.806655 -0.600000 0.000000
vt -8.860281 -1.900000 0.000000
vt -8.860413 -0.600000 0.000000
vt -8.914035 -1.900000 0.000000
vt -8.914171 -0.600000 0.000000
vt -8.967788 -1.900000 0.000000
vt -8.967929 -0.600000 0.000000
vt -9.021542 -1.900000 0.000000
vt -9.021688 -0.600000 0.000000
vt -9.129050 -1.900000 0.000000
vt -9.129204 -0.600000 0.000000
vt -9.236557 -1.900000 0.000000
vt -9.236720 -0.600000 0.000000
vt -9.344065 -1.900000 0.000000
vt -9.344237 -0.600000 0.000000
vt -9.397819 -1.900000 0.000000
vt -9.397995 -0.600000 0.000000
vt -9.451573 -1.900000 0.000000
vt -9.451753 -0.600000 0.000000
vt -9.505326 -1.900000 0.000000
vt -9.505512 -0.600000 0.000000
vt -9.559080 -1.900000 0.000000
vt -9.559270 -0.600000 0.000000
vt -9.612834 -1.900000 0.000000
vt -9.613028 -0.600000 0.000000
vt -9.666588 -1.900000 0.000000
vt -9.666786 -0.600000 0.000000
vt -9.720342 -1.900000 0.000000
vt -9.720544 -0.600000 0.000000
vt -9.774095 -1.900000 0.000000
vt -9.774303 -0.600000 0.000000
vt -9.827849 -1.900000 0.000000
vt -9.828061 -0.600000 0.000000
vt -9.881603 -1.900000 0.000000
vt -9.881819 -0.600000 0.000000
vt -9.935357 -1.900000 0.000000
vt -9.935577 -0.600000 0.000000
vt -9.989111 -1.900000 0.000000
vt -9.989336 -0.600000 0.000000
vt -10.042865 -1.900000 0.000000
vt -10.043094 -0.600000 0.000000
vt -10.096618 -1.900000 0.000000
vt -10.096852 -0.600000 0.000000
vt -10.150372 -1.900000 0.000000
vt -10.150610 -0.600000 0.000000
vt -10.204126 -1.900000 0.000000
vt -10.204368 -0.600000 0.000000
vt -10.257880 -1.900000 0.000000
vt -10.258127 -0.600000 0.000000
vt -10.311634 -1.900000 0.000000
vt -10.311885 -0.600000 0.000000
vt -10.365387 -1.900000 0.000000
vt -10.365643 -0.600000 0.000000
vt -10.419141 -1.900000 0.000000
vt -10.419401 -0.600000 0.000000
vt -10.472895 -1.900000 0.000000
vt -10.473160 -0.600000 0.000000
vt -10.526649 -1.900000 0.000000
vt -10.526918 -0.600000 0.000000
vt -10.580403 -1.900000 0.000000
vt -10.580676 -0.600000 0.000000
vt -10.634156 -1.900000 0.000000
vt -10.634434 -0.600000 0.000000
vt -10.687910 -1.900000 0.000000
vt -10.688192 -0.600000 0.000000
vt -10.741664 -1.900000 0.000000
vt -10.741951 -0.600000 0.000000
vt -10.795418 -1.900000 0.000000
vt -10.795709 -0.600000 0.000000
vt -10.849172 -1.900000 0.000000
vt -10.849467 -0.600000 0.000000
vt -10.956679 -1.900000 0.000000
vt -10.956984 -0.600000 0.000000
vt -11.010433 -1.900000 0.000000
vt -11.010742 -0.600000 0.000000
vt -11.064187 -1.900000 0.000000
vt -11.064500 -0.600000 0.000000
vt -11.117941 -1.900000 0.000000
vt -11.118258 -0.600000 0.000000
vt -11.171694 -1.900000 0.000000
vt -11.172016 -0.600000 0.000000
vt -11.225448 -1.900000 0.000000
vt -11.225775 -0.600000 0.000000
vt -11.279202 -1.900000 0.000000
vt -11.279533 -0.600000 0.000000
vt -11.332956 -1.900000 0.000000
vt -11.333291 -0.600000 0.000000
vt -11.386710 -1.900000 0.000000
vt -11.387049 -0.600000 0.000000
vt -11.440463 -1.900000 0.000000
vt -11.440808 -0.600000 0.000000
vt -11.494217 -1.900000 0.000000
vt -11.494566 -0.600000 0.000000
vt -11.547971 -1.900000 0.000000
vt -11.548324 -0.600000 0.000000
vt -11.601725 -1.900000 0.000000
vt -11.602082 -0.600000 0.000000
vt -11.655479 -1.900000 0.000000
vt -11.655840 -0.600000 0.000000
vt -11.709232 -1.900000 0.000000
vt -11.709599 -0.600000 0.000000
vt -11.762986 -1.900000 0.000000
vt -11.763357 -0.600000 0.000000
vt -11.816740 -1.900000 0.000000
vt -11.817115 -0.600000 0.000000
vt -11.870494 -1.900000 0.000000
vt -11.870873 -0.600000 0.000000
vt -11.924248 -1.900000 0.000000
vt -11.924632 -0.600000 0.000000
vt -11.978001 -1.900000 0.000000
vt -11.978390 -0.600000 0.000000
vt -12.031755 -1.900000 0.000000
vt -12.032148 -0.600000 0.000000
vt -12.085509 -1.900000 0.000000
vt -12.085906 -0.600000 0.000000
vt -12.139263 -1.900000 0.000000
vt -12.139664 -0.600000 0.000000
vt -12.193423 -0.600000 0.000000
vt -12.193017 0.700000 0.000000
vt -12.246771 0.700000 0.000000
vt -5.957578 0.700000 0.000000
vt -6.011332 0.700000 0.000000
vt -6.065086 0.700000 0.000000
vt -6.118840 0.700000 0.000000
vt -6.172593 0.700000 0.000000
vt -6.226346 0.700000 0.000000
vt -6.280099 0.700000 0.000000
vt -6.333852 0.700000 0.000000
vt -6.387606 0.700000 0.000000
vt -6.441360 0.700000 0.000000
vt -6.495113 0.700000 0.000000
vt -6.548867 0.700000 0.000000
vt -6.602621 0.700000 0.000000
vt -6.656375 0.700000 0.000000
vt -6.710129 0.700000 0.000000
vt -6.763883 0.700000 0.000000
vt -6.817636 0.700000 0.000000
vt -6.871390 0.700000 0.000000
vt -6.925144 0.700000 0.000000
vt -6.978898 0.700000 0.000000
vt -7.032652 0.700000 0.000000
vt -7.086405 0.700000 0.000000
vt -7.140159 0.700000 0.000000
vt -7.193913 0.700000 0.000000
vt -7.247667 0.700000 0.000000
vt -7.301421 0.700000 0.000000
vt -7.355174 0.700000 0.000000
vt -7.408928 0.700000 0.000000
vt -7.516436 0.700000 0.000000
vt -7.570190 0.700000 0.000000
vt -7.623943 0.700000 0.000000
vt -7.677697 0.700000 0.000000
vt -7.731451 0.700000 0.000000
vt -7.785205 0.700000 0.000000
vt -7.838959 0.700000 0.000000
vt -7.892712 0.700000 0.000000
vt -7.946466 0.700000 0.000000
vt -8.000220 0.700000 0.000000
vt -8.053974 0.700000 0.000000
vt -8.107728 0.700000 0.000000
vt -8.161481 0.700000 0.000000
vt -8.215235 0.700000 0.000000
vt -8.268989 0.700000 0.000000
vt -8.322743 0.700000 0.000000
vt -8.376497 0.700000 0.000000
vt -8.430250 0.700000 0.000000
vt -8.484004 0.700000 0.000000
vt -8.537758 0.700000 0.000000
vt -8.591512 0.700000 0.000000
vt -8.645266 0.700000 0.000000
vt -8.699019 0.700000 0.000000
vt -8.752773 0.700000 0.000000
vt -8.806527 0.700000 0.000000
vt -8.860281 0.700000 0.000000
vt -8.914035 0.700000 0.000000
vt -8.967788 0.700000 0.000000
vt -9.021542 0.700000 0.000000
vt -9.129050 0.700000 0.000000
vt -9.236557 0.700000 0.000000
vt -9.344065 0.700000 0.000000
vt -9.397819 0.700000 0.000000
vt -9.451573 0.700000 0.000000
vt -9.505326 0.700000 0.000000
vt -9.559080 0.700000 0.000000
vt -9.612834 0.700000 0.000000
vt -9.666588 0.700000 0.000000
vt -9.720342 0.700000 0.000000
vt -9.774095 0.700000 0.000000
vt -9.827849 0.700000 0.000000
vt -9.881603 0.700000 0.000000
vt -9.935357 0.700000 0.000000
vt -9.989111 0.700000 0.000000
vt -10.042865 0.700000 0.000000
vt -10.096618 0.700000 0.000000
vt -10.150372 0.700000 0.000000
vt -10.204126 0.700000 0.000000
vt -10.257880 0.700000 0.000000
vt -10.311634 0.700000 0.000000
vt -10.365387 0.700000 0.000000
vt -10.419141 0.700000 0.000000
vt -10.472895 0.700000 0.000000
vt -10.526649 0.700000 0.000000
vt -10.580403 0.700000 0.000000
vt -10.634156 0.700000 0.000000
vt -10.687910 0.700000 0.000000
vt -10.741664 0.700000 0.000000
vt -10.795418 0.700000 0.000000
vt -10.849172 0.700000 0.000000
vt -10.956679 0.700000 0.000000
vt -11.010433 0.700000 0.000000
vt -11.064187 0.700000 0.000000
vt -11.117941 0.700000 0.000000
vt -11.171694 0.700000 0.000000
vt -11.225448 0.700000 0.000000
vt -11.279202 0.700000 0.000000
vt -11.332956 0.700000 0.000000
vt -11.386710 0.700000 0.000000
vt -11.440463 0.700000 0.000000
vt -11.494217 0.700000 0.000000
vt -11.547971 0.700000 0.000000
vt -11.601725 0.700000 0.000000
vt -11.655479 0.700000 0.000000
vt -11.709232 0.700000 0.000000
vt -11.762986 0.700000 0.000000
vt -11.816740 0.700000 0.000000
vt -11.870494 0.700000 0.000000
vt -11.924248 0.700000 0.000000
vt -11.978001 0.700000 0.000000
vt -12.031755 0.700000 0.000000
vt -12.085509 0.700000 0.000000
vt -12.139263 0.700000 0.000000
vt -12.247181 -0.600000 0.000000
vt -12.300525 0.700000 0.000000
vt -12.300939 -0.600000 0.000000
vt -12.354279 0.700000 0.000000
vt -12.354697 -0.600000 0.000000
vt -12.408033 0.700000 0.000000
vt -12.408456 -0.600000 0.000000
vt -12.461786 0.700000 0.000000
vt -12.462214 -0.600000 0.000000
vt -12.569293 0.700000 0.000000
vt -12.569730 -0.600000 0.000000
vt -12.677247 0.700000 0.000000
vt -12.677247 0.000000 0.000000
vt -12.677247 -1.900000 0.000000
vt -12.569293 -1.900000 0.000000
vt -12.461786 -1.900000 0.000000
vt -12.408033 -1.900000 0.000000
vt -12.354279 -1.900000 0.000000
vt -12.300525 -1.900000 0.000000
vt -12.246771 -1.900000 0.000000
vt -12.193017 -1.900000 0.000000
vt 0.201352 0.700000 0.000000
vt -0.000000 0.700000 0.000000
vt 0.201352 0.000000 0.000000
vt 0.000000 -1.900000 0.000000
vt 2.873042 -1.900000 0.000000
vt 2.672669 0.000000 0.000000
vt 2.873042 0.700000 0.000000
vt 2.672669 0.700000 0.000000
vt 13.326605 -1.900000 0.000000
vt 13.446015 -1.900000 0.000000
vt 13.326841 -0.600000 0.000000
vt 13.446015 0.700000 0.000000
vt 13.326605 0.700000 0.000000
vt 13.207435 0.700000 0.000000
vt 13.207668 -0.600000 0.000000
vt 13.207435 -1.900000 0.000000
vt 13.088494 -0.600000 0.000000
vt 13.088266 -1.900000 0.000000
vt 12.969321 -0.600000 0.000000
vt 12.969098 -1.900000 0.000000
vt 12.909734 -0.600000 0.000000
vt 12.909513 -1.900000 0.000000
vt 12.850147 -0.600000 0.000000
vt 12.849929 -1.900000 0.000000
vt 12.790561 -0.600000 0.000000
vt 12.790344 -1.900000 0.000000
vt 12.730974 -0.600000 0.000000
vt 12.730759 -1.900000 0.000000
vt 12.671387 -0.600000 0.000000
vt 12.671175 -1.900000 0.000000
vt 12.611800 -0.600000 0.000000
vt 12.611590 -1.900000 0.000000
vt 12.552214 -0.600000 0.000000
vt 12.552006 -1.900000 0.000000
vt 12.492627 -0.600000 0.000000
vt 12.492421 -1.900000 0.000000
vt 12.433040 -0.600000 0.000000
vt 12.432837 -1.900000 0.000000
vt 12.373454 -0.600000 0.000000
vt 12.373252 -1.900000 0.000000
vt 12.313867 -0.600000 0.000000
vt 12.313667 -1.900000 0.000000
vt 12.254280 -0.600000 0.000000
vt 12.254083 -1.900000 0.000000
vt 12.194693 -0.600000 0.000000
vt 12.194498 -1.900000 0.000000
vt 12.135107 -0.600000 0.000000
vt 12.134914 -1.900000 0.000000
vt 12.075520 -0.600000 0.000000
vt 12.075329 -1.900000 0.000000
vt 12.015933 -0.600000 0.000000
vt 12.015744 -1.900000 0.000000
vt 11.956346 -0.600000 0.000000
vt 11.956160 -1.900000 0.000000
vt 11.896760 -0.600000 0.000000
vt 11.896575 -1.900000 0.000000
vt 11.837173 -0.600000 0.000000
vt 11.836991 -1.900000 0.000000
vt 11.777586 -0.600000 0.000000
vt 11.777406 -1.900000 0.000000
vt 11.717999 -0.600000 0.000000
vt 11.717822 -1.900000 0.000000
vt 11.658413 -0.600000 0.000000
vt 11.658237 -1.900000 0.000000
vt 11.598826 -0.600000 0.000000
vt 11.598652 -1.900000 0.000000
vt 11.539239 -0.600000 0.000000
vt 11.539068 -1.900000 0.000000
vt 11.479652 -0.600000 0.000000
vt 11.479483 -1.900000 0.000000
vt 11.420066 -0.600000 0.000000
vt 11.419899 -1.900000 0.000000
vt 11.360479 -0.600000 0.000000
vt 11.360314 -1.900000 0.000000
vt 11.300892 -0.600000 0.000000
vt 11.300729 -1.900000 0.000000
vt 11.241305 -0.600000 0.000000
vt 11.241145 -1.900000 0.000000
vt 11.181719 -0.600000 0.000000
vt 11.181560 -1.900000 0.000000
vt 11.122132 -0.600000 0.000000
vt 11.121976 -1.900000 0.000000
vt 11.062545 -0.600000 0.000000
vt 11.062391 -1.900000 0.000000
vt 11.002959 -0.600000 0.000000
vt 11.002807 -1.900000 0.000000
vt 10.943372 -0.600000 0.000000
vt 10.943222 -1.900000 0.000000
vt 10.883785 -0.600000 0.000000
vt 10.883637 -1.900000 0.000000
vt 10.824198 -0.600000 0.000000
vt 10.824053 -1.900000 0.000000
vt 10.764612 -0.600000 0.000000
vt 10.764468 -1.900000 0.000000
vt 10.705025 -0.600000 0.000000
vt 10.704884 -1.900000 0.000000
vt 10.645438 -0.600000 0.000000
vt 10.645299 -1.900000 0.000000
vt 10.585851 -0.600000 0.000000
vt 10.585715 -1.900000 0.000000
vt 10.526265 -0.600000 0.000000
vt 10.526130 -1.900000 0.000000
vt 10.466678 -0.600000 0.000000
vt 10.466545 -1.900000 0.000000
vt 10.407091 -0.600000 0.000000
vt 10.406961 -1.900000 0.000000
vt 10.347504 -0.600000 0.000000
vt 10.347376 -1.900000 0.000000
vt 10.287918 -0.600000 0.000000
vt 10.287792 -1.900000 0.000000
vt 10.228331 -0.600000 0.000000
vt 10.228207 -1.900000 0.000000
vt 10.168744 -0.600000 0.000000
vt 10.168622 -1.900000 0.000000
vt 10.109157 -0.600000 0.000000
vt 10.109038 -1.900000 0.000000
vt 10.049571 -0.600000 0.000000
vt 10.049453 -1.900000 0.000000
vt 9.989984 -0.600000 0.000000
vt 9.989869 -1.900000 0.000000
vt 9.930397 -0.600000 0.000000
vt 9.930284 -1.900000 0.000000
vt 9.870810 -0.600000 0.000000
vt 9.870700 -1.900000 0.000000
vt 9.811224 -0.600000 0.000000
vt 9.811115 -1.900000 0.000000
vt 9.751637 -0.600000 0.000000
vt 9.751530 -1.900000 0.000000
vt 9.692050 -0.600000 0.000000
vt 9.691946 -1.900000 0.000000
vt 9.632464 -0.600000 0.000000
vt 9.632361 -1.900000 0.000000
vt 9.572877 -0.600000 0.000000
vt 9.572777 -1.900000 0.000000
vt 9.513290 -0.600000 0.000000
vt 9.513192 -1.900000 0.000000
vt 9.453703 -0.600000 0.000000
vt 9.453608 -1.900000 0.000000
vt 9.394117 -0.600000 0.000000
vt 9.394023 -1.900000 0.000000
vt 9.334530 -0.600000 0.000000
vt 9.334438 -1.900000 0.000000
vt 9.274943 -0.600000 0.000000
vt 9.274854 -1.900000 0.000000
vt 9.215356 -0.600000 0.000000
vt 9.215269 -1.900000 0.000000
vt 9.155770 -0.600000 0.000000
vt 9.155685 -1.900000 0.000000
vt 9.096183 -0.600000 0.000000
vt 9.096100 -1.900000 0.000000
vt 9.036596 -0.600000 0.000000
vt 9.036515 -1.900000 0.000000
vt 8.977009 -0.600000 0.000000
vt 8.976931 -1.900000 0.000000
vt 8.917423 -0.600000 0.000000
vt 8.917346 -1.900000 0.000000
vt 8.857836 -0.600000 0.000000
vt 8.857762 -1.900000 0.000000
vt 8.798249 -0.600000 0.000000
vt 8.798177 -1.900000 0.000000
vt 8.738662 -0.600000 0.000000
vt 8.738593 -1.900000 0.000000
vt 8.679076 -0.600000 0.000000
vt 8.679008 -1.900000 0.000000
vt 8.619489 -0.600000 0.000000
vt 8.619423 -1.900000 0.000000
vt 8.559902 -0.600000 0.000000
vt 8.559839 -1.900000 0.000000
vt 8.500316 -0.600000 0.000000
vt 8.500254 -1.900000 0.000000
vt 8.440729 -0.600000 0.000000
vt 8.440670 -1.900000 0.000000
vt 8.381142 -0.600000 0.000000
vt 8.381085 -1.900000 0.000000
vt 8.321555 -0.600000 0.000000
vt 8.321500 -1.900000 0.000000
vt 8.261969 -0.600000 0.000000
vt 8.261916 -1.900000 0.000000
vt 8.202382 -0.600000 0.000000
vt 8.202331 -1.900000 0.000000
vt 8.142795 -0.600000 0.000000
vt 8.142747 -1.900000 0.000000
vt 8.083208 -0.600000 0.000000
vt 8.083162 -1.900000 0.000000
vt 8.023622 -0.600000 0.000000
vt 8.023578 -1.900000 0.000000
vt 7.964035 -0.600000 0.000000
vt 7.963993 -1.900000 0.000000
vt 7.904448 -0.600000 0.000000
vt 7.904408 -1.900000 0.000000
vt 7.844861 -0.600000 0.000000
vt 7.844824 -1.900000 0.000000
vt 7.785275 -0.600000 0.000000
vt 7.785239 -1.900000 0.000000
vt 7.725688 -0.600000 0.000000
vt 7.725655 -1.900000 0.000000
vt 7.666101 -0.600000 0.000000
vt 7.666070 -1.900000 0.000000
vt 7.606514 -0.600000 0.000000
vt 7.606486 -1.900000 0.000000
vt 7.546928 -0.600000 0.000000
vt 7.546901 -1.900000 0.000000
vt 7.487341 -0.600000 0.000000
vt 7.487316 -1.900000 0.000000
vt 7.427754 -0.600000 0.000000
vt 7.427732 -1.900000 0.000000
vt 7.368167 -0.600000 0.000000
vt 7.368147 -1.900000 0.000000
vt 7.308581 -0.600000 0.000000
vt 7.308563 -1.900000 0.000000
vt 7.248994 -0.600000 0.000000
vt 7.248978 -1.900000 0.000000
vt 7.189407 -0.600000 0.000000
vt 7.189393 -1.900000 0.000000
vt 7.129821 -0.600000 0.000000
vt 7.129809 -1.900000 0.000000
vt 7.070234 -0.600000 0.000000
vt 7.070224 -1.900000 0.000000
vt 7.010647 -0.600000 0.000000
vt 7.010640 -1.900000 0.000000
vt 6.951060 -0.600000 0.000000
vt 6.951055 -1.900000 0.000000
vt 6.891474 -0.600000 0.000000
vt 6.891471 -1.900000 0.000000
vt 6.831887 -0.600000 0.000000
vt 6.831886 -1.900000 0.000000
vt 6.772301 -1.900000 0.000000
vt 6.772300 -0.600000 0.000000
vt 6.712717 -1.900000 0.000000
vt 6.712713 -0.600000 0.000000
vt 6.653132 -1.900000 0.000000
vt 6.653127 -0.600000 0.000000
vt 6.593548 -1.900000 0.000000
vt 6.593540 -0.600000 0.000000
vt 6.533963 -1.900000 0.000000
vt 6.533953 -0.600000 0.000000
vt 6.474379 -1.900000 0.000000
vt 6.474366 -0.600000 0.000000
vt 6.414794 -1.900000 0.000000
vt 6.414780 -0.600000 0.000000
vt 6.355209 -1.900000 0.000000
vt 6.355193 -0.600000 0.000000
vt 6.295625 -1.900000 0.000000
vt 6.295606 -0.600000 0.000000
vt 6.236040 -1.900000 0.000000
vt 6.236019 -0.600000 0.000000
vt 6.176456 -1.900000 0.000000
vt 6.176433 -0.600000 0.000000
vt 6.116871 -1.900000 0.000000
vt 6.116846 -0.600000 0.000000
vt 6.057286 -1.900000 0.000000
vt 6.057259 -0.600000 0.000000
vt 5.938117 -1.900000 0.000000
vt 5.938086 -0.600000 0.000000
vt 5.818912 -1.900000 0.000000
vt 5.818912 0.700000 0.000000
vt 5.938117 0.700000 0.000000
vt 6.057286 0.700000 0.000000
vt 6.116871 0.700000 0.000000
vt 6.176456 0.700000 0.000000
vt 6.236040 0.700000 0.000000
vt 6.295625 0.700000 0.000000
vt 6.355209 0.700000 0.000000
vt 6.414794 0.700000 0.000000
vt 6.474379 0.700000 0.000000
vt 6.533963 0.700000 0.000000
vt 6.593548 0.700000 0.000000
vt 6.653132 0.700000 0.000000
vt 6.712717 0.700000 0.000000
vt 6.772301 0.700000 0.000000
vt 6.831886 0.700000 0.000000
vt 6.891471 0.700000 0.000000
vt 6.951055 0.700000 0.000000
vt 7.010640 0.700000 0.000000
vt 7.070224 0.700000 0.000000
vt 7.129809 0.700000 0.000000
vt 7.189393 0.700000 0.000000
vt 7.248978 0.700000 0.000000
vt 7.308563 0.700000 0.000000
vt 7.368147 0.700000 0.000000
vt 7.427732 0.700000 0.000000
vt 7.487316 0.700000 0.000000
vt 7.546901 0.700000 0.000000
vt 7.606486 0.700000 0.000000
vt 7.666070 0.700000 0.000000
vt 7.725655 0.700000 0.000000
vt 7.785239 0.700000 0.000000
vt 7.844824 0.700000 0.000000
vt 7.904408 0.700000 0.000000
vt 7.963993 0.700000 0.000000
vt 8.023578 0.700000 0.000000
vt 8.083162 0.700000 0.000000
vt 8.142747 0.700000 0.000000
vt 8.202331 0.700000 0.000000
vt 8.261916 0.700000 0.000000
vt 8.321500 0.700000 0.000000
vt 8.381085 0.700000 0.000000
vt 8.440670 0.700000 0.000000
vt 8.500254 0.700000 0.000000
vt 8.559839 0.700000 0.000000
vt 8.619423 0.700000 0.000000
vt 8.679008 0.700000 0.000000
vt 8.738593 0.700000 0.000000
vt 8.798177 0.700000 0.000000
vt 8.857762 0.700000 0.000000
vt 8.917346 0.700000 0.000000
vt 8.976931 0.700000 0.000000
vt 9.036515 0.700000 0.000000
vt 9.096100 0.700000 0.000000
vt 9.155685 0.700000 0.000000
vt 9.215269 0.700000 0.000000
vt 9.274854 0.700000 0.000000
vt 9.334438 0.700000 0.000000
vt 9.394023 0.700000 0.000000
vt 9.453608 0.700000 0.000000
vt 9.513192 0.700000 0.000000
vt 9.572777 0.700000 0.000000
vt 9.632361 0.700000 0.000000
vt 9.691946 0.700000 0.000000
vt 9.751530 0.700000 0.000000
vt 9.811115 0.700000 0.000000
vt 9.870700 0.700000 0.000000
vt 9.930284 0.700000 0.000000
vt 9.989869 0.700000 0.000000
vt 10.049453 0.700000 0.000000
vt 10.109038 0.700000 0.000000
vt 10.168622 0.700000 0.000000
vt 10.228207 0.700000 0.000000
vt 10.287792 0.700000 0.000000
vt 10.347376 0.700000 0.000000
vt 10.406961 0.700000 0.000000
vt 10.466545 0.700000 0.000000
vt 10.526130 0.700000 0.000000
vt 10.585715 0.700000 0.000000
vt 10.645299 0.700000 0.000000
vt 10.704884 0.700000 0.000000
vt 10.764468 0.700000 0.000000
vt 10.824053 0.700000 0.000000
vt 10.883637 0.700000 0.000000
vt 10.943222 0.700000 0.000000
vt 11.002807 0.700000 0.000000
vt 11.062391 0.700000 0.000000
vt 11.121976 0.700000 0.000000
vt 11.181560 0.700000 0.000000
vt 11.241145 0.700000 0.000000
vt 11.300729 0.700000 0.000000
vt 11.360314 0.700000 0.000000
vt 11.419899 0.700000 0.000000
vt 11.479483 0.700000 0.000000
vt 11.539068 0.700000 0.000000
vt 11.598652 0.700000 0.000000
vt 11.658237 0.700000 0.000000
vt 11.717822 0.700000 0.000000
vt 11.777406 0.700000 0.000000
vt 11.836991 0.700000 0.000000
vt 11.896575 0.700000 0.000000
vt 11.956160 0.700000 0.000000
vt 12.015744 0.700000 0.000000
vt 12.075329 0.700000 0.000000
vt 12.134914 0.700000 0.000000
vt 12.194498 0.700000 0.000000
vt 12.254083 0.700000 0.000000
vt 12.313667 0.700000 0.000000
vt 12.373252 0.700000 0.000000
vt 12.432837 0.700000 0.000000
vt 12.492421 0.700000 0.000000
vt 12.552006 0.700000 0.000000
vt 12.611590 0.700000 0.000000
vt 12.671175 0.700000 0.000000
vt 12.730759 0.700000 0.000000
vt 12.790344 0.700000 0.000000
vt 13.088266 0.700000 0.000000
vt 12.969098 0.700000 0.000000
vt 12.909513 0.700000 0.000000
vt 12.849929 0.700000 0.000000
vn 0.100000 -0.000000 0.000000
vn 0.100000 -0.000000 0.000000
vn 0.100000 -0.000000 0.000000
vn 0.100000 -0.000000 0.000000
vn 0.000000 0.000000 0.100000
vn 0.000000 0.000000 0.100000
vn 0.000000 0.000000 0.100000
vn 0.000000 0.000000 0.100000
vn 0.000000 0.000000 0.100000
vn 0.000000 0.000000 0.100000
vn 0.000000 0.000000 -0.100000
vn 0.000000 0.000000 -0.100000
vn 0.000000 0.000000 -0.100000
vn 0.000000 0.000000 -0.100000
vn 0.000000 0.000000 -0.100000
vn 0.000000 0.000000 -0.100000
vn 0.000000 0.000000 -0.100000
vn 0.000000 0.000000 -0.100000
vn 0.000000 0.000000 -0.100000
vn 0.000000 0.000000 -0.100000
vn 0.000000 0.000000 -0.100000
vn 0.000000 0.000000 -0.100000
vn 0.000000 0.000000 -0.100000
vn 0.000000 0.000000 -0.100000
vn 0.000000 0.000000 -0.100000
vn 0.000000 0.000000 -0.100000
vn 0.000000 0.000000 -0.100000
vn 0.000000 0.000000 -0.100000
vn 0.000000 0.000000 -0.100000
vn 0.000000 0.000000 -0.100000
vn 0.000000 0.000000 -0.100000
vn 0.000000 0.000000 -0.100000
vn 0.000000 0.000000 -0.100000
vn 0.000000 0.000000 -0.100000
vn 0.000000 0.000000 -0.100000
vn 0.000000 0.000000 -0.100000
vn 0.000000 0.000000 -0.100000
vn 0.000000 0.000000 -0.100000
vn 0.000000 0.000000 -0.100000
vn 0.000000 0.000000 -0.100000
vn 0.000000 0.000000 -0.100000
vn 0.000000 0.000000 -0.100000
vn 0.000000 0.000000 -0.100000
vn 0.000000 0.000000 -0.100000
vn 0.000000 0.000000 -0.100000
vn 0.000000 0.000000 -0.100000
vn 0.000000 0.000000 -0.100000
vn 0.000000 0.000000 -0.100000
vn 0.000000 0.000000 -0.100000
vn 0.000000 0.000000 -0.100000
vn 0.000000 0.000000 -0.100000
vn 0.000000 0.000000 -0.100000
vn 0.000000 0.000000 -0.100000
vn 0.000000 0.000000 -0.100000
vn 0.000000 0.000000 -0.100000
vn 0.000000 0.000000 -0.100000
vn 0.000000 0.000000 -0.100000
vn 0.000000 0.000000 -0.100000
vn 0.000000 0.000000 -0.100000
vn 0.000000 0.000000 -0.100000
vn 0.000000 0.000000 -0.100000
vn 0.000000 0.000000 -0.100000
vn 0.000000 0.000000 -0.100000
vn 0.000000 0.000000 -0.100000
vn 0.000000 0.000000 -0.100000
vn 0.000000 0.000000 -0.100000
vn 0.000000 0.000000 -0.100000
vn 0.000000 0.000000 -0.100000
vn 0.000000 0.000000 -0.100000
vn 0.000000 0.000000 -0.100000
vn 0.000000 0.000000 -0.100000
vn 0.000000 0.000000 -0.100000
vn 0.000000 0.000000 -0.100000
vn 0.000000 0.000000 -0.100000
vn 0.000000 0.000000 -0.100000
vn 0.000000 0.000000 -0.100000
vn 0.000000 0.000000 -0.100000
vn 0.000000 0.000000 -0.100000
vn 0.000000 0.000000 -0.100000
vn 0.000000 0.000000 -0.100000
vn 0.000000 0.000000 -0.100000
vn 0.000000 0.000000 -0.100000
vn 0.000000 0.000000 -0.100000
vn 0.000000 0.000000 -0.100000
vn 0.000000 0.000000 -0.100000
vn 0.000000 0.000000 -0.100000
vn 0.000000 0.000000 -0.100000
vn 0.000000 0.000000 -0.100000
vn 0.000000 0.000000 -0.100000
vn 0.000000 0.000000 -0.100000
vn 0.000000 0.000000 -0.100000
vn 0.000000 0.000000 -0.100000
vn 0.000000 0.000000 -0.100000
vn 0.000000 0.000000 -0.100000
vn 0.000000 0.000000 -0.100000
vn 0.000000 0.000000 -0.100000
vn 0.000000 0.000000 -0.100000
vn 0.000000 0.000000 -0.100000
vn 0.000000 0.000000 -0.100000
vn 0.000000 0.000000 -0.100000
vn 0.000000 0.000000 -0.100000
vn 0.000000 0.000000 -0.100000
vn 0.000000 0.000000 -0.100000
vn 0.000000 0.000000 -0.100000
vn 0.000000 0.000000 -0.100000
vn 0.000000 0.000000 -0.100000
vn 0.000000 0.000000 -0.100000
vn 0.000000 0.000000 -0.100000
vn 0.000000 0.000000 -0.100000
vn 0.000000 0.000000 -0.100000
vn 0.000000 0.000000 -0.100000
vn 0.000000 0.000000 -0.100000
vn 0.000000 0.000000 -0.100000
vn 0.000000 0.000000 -0.100000
vn 0.000000 0.000000 -0.100000
vn 0.000000 0.000000 -0.100000
vn 0.000000 0.000000 -0.100000
vn 0.000000 0.000000 -0.100000
vn 0.000000 0.000000 -0.100000
vn 0.000000 0.000000 -0.100000
vn 0.000000 0.000000 -0.100000
vn 0.000000 0.000000 -0.100000
vn 0.000000 0.000000 -0.100000
vn 0.000000 0.000000 -0.100000
vn 0.000000 0.000000 -0.100000
vn 0.000000 0.000000 -0.100000
vn 0.000000 0.000000 -0.100000
vn 0.000000 0.000000 -0.100000
vn 0.000000 0.000000 -0.100000
vn 0.000000 0.000000 -0.100000
vn 0.000000 0.000000 -0.100000
vn 0.000000 0.000000 -0.100000
vn 0.000000 0.000000 -0.100000
vn 0.000000 0.000000 -0.100000
vn 0.000000 0.000000 -0.100000
vn 0.000000 0.000000 -0.100000
vn 0.000000 0.000000 -0.100000
vn 0.000000 0.000000 -0.100000
vn 0.000000 0.000000 -0.100000
vn 0.000000 0.000000 -0.100000
vn 0.000000 0.000000 -0.100000
vn 0.000000 0.000000 -0.100000
vn 0.000000 0.000000 -0.100000
vn 0.000000 0.000000 -0.100000
vn 0.000000 0.000000 -0.100000
vn 0.000000 0.000000 -0.100000
vn 0.000000 0.000000 -0.100000
vn 0.000000 0.000000 -0.100000
vn 0.000000 0.000000 -0.100000
vn 0.000000 0.000000 -0.100000
vn 0.000000 0.000000 -0.100000
vn 0.000000 0.000000 -0.100000
vn 0.000000 0.000000 -0.100000
vn 0.000000 0.000000 -0.100000
vn 0.000000 0.000000 -0.100000
vn 0.000000 0.000000 -0.100000
vn 0.000000 0.000000 -0.100000
vn 0.000000 0.000000 -0.100000
vn 0.000000 0.000000 -0.100000
vn 0.000000 0.000000 -0.100000
vn 0.000000 0.000000 -0.100000
vn 0.000000 0.000000 -0.100000
vn 0.000000 0.000000 -0.100000
vn 0.000000 0.000000 -0.100000
vn 0.000000 0.000000 -0.100000
vn 0.000000 0.000000 -0.100000
vn 0.000000 0.000000 -0.100000
vn 0.000000 0.000000 -0.100000
vn 0.000000 0.000000 -0.100000
vn 0.000000 0.000000 -0.100000
vn 0.000000 0.000000 -0.100000
vn 0.000000 0.000000 -0.100000
vn 0.000000 0.000000 -0.100000
vn 0.000000 0.000000 -0.100000
vn 0.000000 0.000000 -0.100000
vn 0.000000 0.000000 -0.100000
vn 0.000000 0.000000 -0.100000
vn 0.000000 0.000000 -0.100000
vn 0.000000 0.000000 -0.100000
vn 0.000000 0.000000 -0.100000
vn 0.000000 0.000000 -0.100000
vn 0.000000 0.000000 -0.100000
vn 0.000000 0.000000 -0.100000
vn 0.000000 0.000000 -0.100000
vn 0.000000 0.000000 -0.100000
vn 0.000000 0.000000 -0.100000
vn 0.000000 0.000000 -0.100000
vn 0.000000 0.000000 -0.100000
vn 0.000000 0.000000 -0.100000
vn 0.000000 0.000000 -0.100000
vn 0.000000 0.000000 -0.100000
vn 0.000000 0.000000 -0.100000
vn 0.000000 0.000000 -0.100000
vn 0.000000 0.000000 -0.100000
vn 0.000000 0.000000 -0.100000
vn 0.000000 0.000000 -0.100000
vn 0.000000 0.000000 -0.100000
vn 0.000000 0.000000 -0.100000
vn 0.000000 0.000000 -0.100000
vn 0.000000 0.000000 -0.100000
vn 0.000000 0.000000 -0.100000
vn 0.000000 0.000000 -0.100000
vn 0.000000 0.000000 -0.100000
vn 0.000000 0.000000 -0.100000
vn 0.000000 0.000000 -0.100000
vn 0.000000 0.000000 -0.100000
vn 0.000000 0.000000 -0.100000
vn 0.000000 0.000000 -0.100000
vn 0.000000 0.000000 -0.100000
vn 0.000000 0.000000 -0.100000
vn 0.000000 0.000000 -0.100000
vn 0.000000 0.000000 -0.100000
vn 0.000000 0.000000 -0.100000
vn 0.000000 0.000000 -0.100000
vn 0.000000 0.000000 -0.100000
vn 0.000000 0.000000 -0.100000
vn 0.000000 0.000000 -0.100000
vn 0.000000 0.000000 -0.100000
vn 0.000000 0.000000 -0.100000
vn 0.000000 0.000000 -0.100000
vn 0.000000 0.000000 -0.100000
vn 0.000000 0.000000 -0.100000
vn 0.000000 0.000000 -0.100000
vn 0.000000 0.000000 -0.100000
vn 0.000000 0.000000 -0.100000
vn 0.000000 0.000000 -0.100000
vn 0.000000 0.000000 -0.100000
vn 0.000000 0.000000 -0.100000
vn 0.000000 0.000000 -0.100000
vn 0.000000 0.000000 -0.100000
vn 0.000000 0.000000 -0.100000
vn 0.000000 0.000000 -0.100000
vn 0.000000 0.000000 -0.100000
vn 0.000000 0.000000 -0.100000
vn 0.000000 0.000000 -0.100000
vn 0.000000 0.000000 -0.100000
vn 0.000000 0.000000 -0.100000
vn 0.000000 0.000000 -0.100000
vn 0.000000 0.000000 -0.100000
vn 0.000000 0.000000 -0.100000
vn 0.000000 0.000000 -0.100000
vn 0.000000 0.000000 -0.100000
vn 0.000000 0.000000 -0.100000
vn 0.000000 0.000000 -0.100000
vn 0.000000 0.000000 -0.100000
vn 0.000000 0.000000 -0.100000
vn 0.000000 0.000000 -0.100000
vn 0.000000 0.000000 -0.100000
vn 0.000000 0.000000 -0.100000
vn 0.000000 0.000000 -0.100000
vn 0.000000 0.000000 -0.100000
vn 0.000000 0.000000 -0.100000
vn 0.000000 0.000000 -0.100000
vn 0.000000 0.000000 -0.100000
vn -0.011404 -0.099348 0.000000
vn -0.011559 -0.099330 0.000000
vn -0.011404 -0.099348 0.000000
vn -0.011470 -0.099340 0.000000
vn -0.011559 -0.099330 0.000000
vn -0.006074 0.099815 -0.000000
vn -0.006074 0.099815 -0.000000
vn -0.005694 0.099838 -0.000000
vn -0.005308 0.099859 -0.000000
vn -0.005308 0.099859 -0.000000
vn 0.000000 0.000000 0.100000
vn 0.000000 0.000000 0.100000
vn 0.000000 0.000000 0.100000
vn 0.000000 0.000000 0.100000
vn 0.000000 0.000000 0.100000
vn 0.000000 0.000000 0.100000
vn 0.000000 0.000000 0.100000
vn 0.000000 0.000000 0.100000
vn 0.000000 0.000000 0.100000
vn 0.000000 0.000000 0.100000
vn 0.000000 0.000000 0.100000
vn 0.000000 0.000000 0.100000
vn 0.000000 0.000000 0.100000
vn 0.000000 0.000000 0.100000
vn 0.000000 0.000000 0.100000
vn 0.000000 0.000000 0.100000
vn 0.000000 0.000000 0.100000
vn 0.000000 0.000000 0.100000
vn 0.000000 0.000000 0.100000
vn 0.000000 0.000000 0.100000
vn 0.000000 0.000000 0.100000
vn 0.000000 0.000000 0.100000
vn 0.000000 0.000000 0.100000
vn 0.000000 0.000000 0.100000
vn 0.000000 0.000000 0.100000
vn 0.000000 0.000000 0.100000
vn 0.000000 0.000000 0.100000
vn 0.000000 0.000000 0.100000
vn 0.000000 0.000000 0.100000
vn 0.000000 0.000000 0.100000
vn 0.000000 0.000000 0.100000
vn 0.000000 0.000000 0.100000
vn 0.000000 0.000000 0.100000
vn 0.000000 0.000000 0.100000
vn 0.000000 0.000000 0.100000
vn 0.000000 0.000000 0.100000
vn 0.000000 0.000000 0.100000
vn 0.000000 0.000000 0.100000
vn 0.000000 0.000000 0.100000
vn 0.000000 0.000000 0.100000
vn 0.000000 0.000000 0.100000
vn 0.000000 0.000000 0.100000
vn 0.000000 0.000000 0.100000
vn 0.000000 0.000000 0.100000
vn 0.000000 0.000000 0.100000
vn 0.000000 0.000000 0.100000
vn 0.000000 0.000000 0.100000
vn 0.000000 0.000000 0.100000
vn 0.000000 0.000000 0.100000
vn 0.000000 0.000000 0.100000
vn 0.000000 0.000000 0.100000
vn 0.000000 0.000000 0.100000
vn 0.000000 0.000000 0.100000
vn 0.000000 0.000000 0.100000
vn 0.000000 0.000000 0.100000
vn 0.000000 0.000000 0.100000
vn 0.000000 0.000000 0.100000
vn 0.000000 0.000000 0.100000
vn 0.000000 0.000000 0.100000
vn 0.000000 0.000000 0.100000
vn 0.000000 0.000000 0.100000
vn 0.000000 0.000000 0.100000
vn 0.000000 0.000000 0.100000
vn 0.000000 0.000000 0.100000
vn 0.000000 0.000000 0.100000
vn 0.000000 0.000000 0.100000
vn 0.000000 0.000000 0.100000
vn 0.000000 0.000000 0.100000
vn 0.000000 0.000000 0.100000
vn 0.000000 0.000000 0.100000
vn 0.000000 0.000000 0.100000
vn 0.000000 0.000000 0.100000
vn 0.000000 0.000000 0.100000
vn 0.000000 0.000000 0.100000
vn 0.000000 0.000000 0.100000
vn 0.000000 0.000000 0.100000
vn 0.000000 0.000000 0.100000
vn 0.000000 0.000000 0.100000
vn 0.000000 0.000000 0.100000
vn 0.000000 0.000000 0.100000
vn 0.000000 0.000000 0.100000
vn 0.000000 0.000000 0.100000
vn 0.000000 0.000000 0.100000
vn 0.000000 0.000000 0.100000
vn 0.000000 0.000000 0.100000
vn 0.000000 0.000000 0.100000
vn 0.000000 0.000000 0.100000
vn 0.000000 0.000000 0.100000
vn 0.000000 0.000000 0.100000
vn 0.000000 0.000000 0.100000
vn 0.000000 0.000000 0.100000
vn 0.000000 0.000000 0.100000
vn 0.000000 0.000000 0.100000
vn 0.000000 0.000000 0.100000
vn 0.000000 0.000000 0.100000
vn 0.000000 0.000000 0.100000
vn 0.000000 0.000000 0.100000
vn 0.000000 0.000000 0.100000
vn 0.000000 0.000000 0.100000
vn 0.000000 0.000000 0.100000
vn 0.000000 0.000000 0.100000
vn 0.000000 0.000000 0.100000
vn 0.000000 0.000000 0.100000
vn 0.000000 0.000000 0.100000
vn 0.000000 0.000000 0.100000
vn 0.000000 0.000000 0.100000
vn 0.000000 0.000000 0.100000
vn 0.000000 0.000000 0.100000
vn 0.000000 0.000000 0.100000
vn 0.000000 0.000000 0.100000
vn 0.000000 0.000000 0.100000
vn 0.000000 0.000000 0.100000
vn 0.000000 0.000000 0.100000
vn 0.000000 0.000000 0.100000
vn 0.000000 0.000000 0.100000
vn 0.000000 0.000000 0.100000
vn 0.000000 0.000000 0.100000
vn 0.000000 0.000000 0.100000
vn 0.000000 0.000000 0.100000
vn 0.000000 0.000000 0.100000
vn 0.000000 0.000000 0.100000
vn 0.000000 0.000000 0.100000
vn 0.000000 0.000000 0.100000
vn 0.000000 0.000000 0.100000
vn 0.000000 0.000000 0.100000
vn 0.000000 0.000000 0.100000
vn 0.000000 0.000000 0.100000
vn 0.000000 0.000000 0.100000
vn 0.000000 0.000000 0.100000
vn 0.000000 0.000000 0.100000
vn 0.000000 0.000000 0.100000
vn 0.000000 0.000000 0.100000
vn 0.000000 0.000000 0.100000
vn 0.000000 0.000000 0.100000
vn 0.000000 0.000000 0.100000
vn 0.000000 0.000000 0.100000
vn 0.000000 0.000000 0.100000
vn 0.000000 0.000000 0.100000
vn 0.000000 0.000000 0.100000
vn 0.000000 0.000000 0.100000
vn 0.000000 0.000000 0.100000
vn 0.000000 0.000000 0.100000
vn 0.000000 0.000000 0.100000
vn 0.000000 0.000000 0.100000
vn 0.000000 0.000000 0.100000
vn 0.000000 0.000000 0.100000
vn 0.000000 0.000000 0.100000
vn 0.000000 0.000000 0.100000
vn 0.000000 0.000000 0.100000
vn 0.000000 0.000000 0.100000
vn 0.000000 0.000000 0.100000
vn 0.000000 0.000000 0.100000
vn 0.000000 0.000000 0.100000
vn 0.000000 0.000000 0.100000
vn 0.000000 0.000000 0.100000
vn 0.000000 0.000000 0.100000
vn 0.000000 0.000000 0.100000
vn 0.000000 0.000000 0.100000
vn 0.000000 0.000000 0.100000
vn 0.000000 0.000000 0.100000
vn 0.000000 0.000000 0.100000
vn 0.000000 0.000000 0.100000
vn 0.000000 0.000000 0.100000
vn 0.000000 0.000000 0.100000
vn 0.000000 0.000000 0.100000
vn 0.000000 0.000000 0.100000
vn 0.000000 0.000000 0.100000
vn 0.000000 0.000000 0.100000
vn 0.000000 0.000000 0.100000
vn 0.000000 0.000000 0.100000
vn 0.000000 0.000000 0.100000
vn 0.000000 0.000000 0.100000
vn 0.000000 0.000000 0.100000
vn 0.000000 0.000000 0.100000
vn 0.000000 0.000000 0.100000
vn 0.000000 0.000000 0.100000
vn 0.000000 0.000000 0.100000
vn 0.000000 0.000000 0.100000
vn 0.000000 0.000000 0.100000
vn 0.000000 0.000000 0.100000
vn 0.000000 0.000000 0.100000
vn 0.000000 0.000000 0.100000
vn 0.000000 0.000000 0.100000
vn 0.000000 0.000000 0.100000
vn 0.000000 0.000000 0.100000
vn 0.000000 0.000000 0.100000
vn 0.000000 0.000000 0.100000
vn 0.000000 0.000000 0.100000
vn 0.000000 0.000000 0.100000
vn 0.000000 0.000000 0.100000
vn 0.000000 0.000000 0.100000
vn 0.000000 0.000000 0.100000
vn 0.000000 0.000000 0.100000
vn 0.000000 0.000000 0.100000
vn 0.000000 0.000000 0.100000
vn 0.000000 0.000000 0.100000
vn 0.000000 0.000000 0.100000
vn 0.000000 0.000000 0.100000
vn 0.000000 0.000000 0.100000
vn 0.000000 0.000000 0.100000
vn 0.000000 0.000000 0.100000
vn 0.000000 0.000000 0.100000
vn 0.000000 0.000000 0.100000
vn 0.000000 0.000000 0.100000
vn 0.000000 0.000000 0.100000
vn 0.000000 0.000000 0.100000
vn 0.000000 0.000000 0.100000
vn 0.000000 0.000000 0.100000
vn 0.000000 0.000000 0.100000
vn 0.000000 0.000000 0.100000
vn 0.000000 0.000000 0.100000
vn 0.000000 0.000000 0.100000
vn 0.000000 0.000000 0.100000
vn 0.000000 0.000000 0.100000
vn 0.000000 0.000000 0.100000
vn 0.000000 0.000000 0.100000
vn 0.000000 0.000000 0.100000
vn 0.000000 0.000000 0.100000
vn 0.000000 0.000000 0.100000
vn 0.000000 0.000000 0.100000
vn 0.000000 0.000000 0.100000
vn 0.000000 0.000000 0.100000
vn 0.000000 0.000000 0.100000
vn 0.000000 0.000000 0.100000
vn 0.000000 0.000000 0.100000
vn 0.000000 0.000000 0.100000
vn 0.000000 0.000000 0.100000
vn 0.000000 0.000000 0.100000
vn 0.000000 0.000000 0.100000
vn 0.000000 0.000000 0.100000
vn 0.000000 0.000000 0.100000
vn 0.000000 0.000000 0.100000
vn 0.000000 0.000000 0.100000
vn 0.000000 0.000000 0.100000
vn 0.000000 0.000000 0.100000
vn 0.000000 0.000000 0.100000
vn 0.000000 0.000000 0.100000
vn 0.000000 0.000000 0.100000
vn 0.000000 0.000000 0.100000
vn 0.000000 0.000000 0.100000
vn 0.000000 0.000000 0.100000
vn 0.000000 0.000000 0.100000
vn 0.000000 0.000000 0.100000
vn 0.000000 0.000000 0.100000
vn 0.000000 0.000000 0.100000
vn 0.000000 0.000000 0.100000
vn -0.004826 0.099883 0.000000
vn -0.004827 0.099883 0.000000
vn -0.005308 0.099859 0.000000
vn -0.004826 0.099883 0.000000
vn -0.004646 0.099892 0.000000
vn -0.004645 0.099892 0.000000
vn -0.004506 0.099898 0.000000
vn -0.004506 0.099898 0.000000
vn -0.004409 0.099903 0.000000
vn -0.004409 0.099903 0.000000
vn -0.004356 0.099905 0.000000
vn -0.004356 0.099905 0.000000
vn -0.004351 0.099905 0.000000
vn -0.004351 0.099905 0.000000
vn -0.004396 0.099903 0.000000
vn -0.004397 0.099903 0.000000
vn -0.004496 0.099899 0.000000
vn -0.004497 0.099899 0.000000
vn -0.004656 0.099892 0.000000
vn -0.004656 0.099892 0.000000
vn -0.004881 0.099881 0.000000
vn -0.004882 0.099881 0.000000
vn -0.005181 0.099866 0.000000
vn -0.005181 0.099866 0.000000
vn -0.005738 0.099835 0.000000
vn -0.005739 0.099835 0.000000
vn -0.006505 0.099788 0.000000
vn -0.006506 0.099788 0.000000
vn -0.007362 0.099729 0.000000
vn -0.007363 0.099729 0.000000
vn -0.008332 0.099652 0.000000
vn -0.008333 0.099652 0.000000
vn -0.009442 0.099553 0.000000
vn -0.009443 0.099553 0.000000
vn -0.010727 0.099423 0.000000
vn -0.010728 0.099423 0.000000
vn -0.012238 0.099248 0.000000
vn -0.012239 0.099248 0.000000
vn -0.014044 0.099009 0.000000
vn -0.014045 0.099009 0.000000
vn -0.016245 0.098672 0.000000
vn -0.016246 0.098671 0.000000
vn -0.018991 0.098180 0.000000
vn -0.018992 0.098180 0.000000
vn -0.022512 0.097433 0.000000
vn -0.022513 0.097433 0.000000
vn -0.025477 0.096700 0.000000
vn -0.025478 0.096700 0.000000
vn -0.028897 0.095734 0.000000
vn -0.028898 0.095733 0.000000
vn -0.032921 0.094426 0.000000
vn -0.032922 0.094425 0.000000
vn -0.037561 0.092678 0.000000
vn -0.037561 0.092678 0.000000
vn -0.042721 0.090415 0.000000
vn -0.042721 0.090415 0.000000
vn -0.048124 0.087659 0.000000
vn -0.048125 0.087658 0.000000
vn -0.053267 0.084632 0.000000
vn -0.053268 0.084632 0.000000
vn -0.060457 0.079655 0.000000
vn -0.060458 0.079654 0.000000
vn -0.064673 0.076272 0.000000
vn -0.064675 0.076270 0.000000
vn -0.069475 0.071926 0.000000
vn -0.069477 0.071923 0.000000
vn -0.074051 0.067205 0.000000
vn -0.074053 0.067202 0.000000
vn -0.077993 0.062586 0.000000
vn -0.077996 0.062583 0.000000
vn -0.081205 0.058358 0.000000
vn -0.081208 0.058355 0.000000
vn -0.083750 0.054644 0.000000
vn -0.083752 0.054641 0.000000
vn -0.085746 0.051454 0.000000
vn -0.085748 0.051452 0.000000
vn -0.087860 0.047756 0.000000
vn -0.087862 0.047751 0.000000
vn -0.089756 0.044088 0.000000
vn -0.089758 0.044085 0.000000
vn -0.091217 0.040982 0.000000
vn -0.091218 0.040978 0.000000
vn -0.092390 0.038264 0.000000
vn -0.092391 0.038261 0.000000
vn -0.093364 0.035821 0.000000
vn -0.093365 0.035818 0.000000
vn -0.094195 0.033575 0.000000
vn -0.094196 0.033572 0.000000
vn -0.094919 0.031471 0.000000
vn -0.094920 0.031468 0.000000
vn -0.095560 0.029468 0.000000
vn -0.095561 0.029465 0.000000
vn -0.096134 0.027536 0.000000
vn -0.096135 0.027532 0.000000
vn -0.096654 0.025651 0.000000
vn -0.096655 0.025648 0.000000
vn -0.097128 0.023795 0.000000
vn -0.097129 0.023792 0.000000
vn -0.097561 0.021953 0.000000
vn -0.097561 0.021950 0.000000
vn -0.097928 0.020251 0.000000
vn -0.097929 0.020248 0.000000
vn -0.098231 0.018725 0.000000
vn -0.098232 0.018722 0.000000
vn -0.098491 0.017305 0.000000
vn -0.098492 0.017302 0.000000
vn -0.098716 0.015972 0.000000
vn -0.098717 0.015969 0.000000
vn -0.098912 0.014710 0.000000
vn -0.098913 0.014707 0.000000
vn -0.099084 0.013505 0.000000
vn -0.099084 0.013502 0.000000
vn -0.099235 0.012346 0.000000
vn -0.099235 0.012343 0.000000
vn -0.099368 0.011221 0.000000
vn -0.099369 0.011218 0.000000
vn -0.099486 0.010122 0.000000
vn -0.099487 0.010119 0.000000
vn -0.099682 0.007965 0.000000
vn -0.099683 0.007962 0.000000
vn -0.099831 0.005810 0.000000
vn -0.099831 0.005806 0.000000
vn -0.099935 0.003593 0.000000
vn -0.099936 0.003589 0.000000
vn -0.099970 0.002441 0.000000
vn -0.099970 0.002437 0.000000
vn -0.099992 0.001247 0.000000
vn -0.099992 0.001243 0.000000
vn -0.100000 0.000001 0.000000
vn -0.100000 -0.000003 0.000000
vn -0.099991 -0.001307 0.000000
vn -0.099991 -0.001312 0.000000
vn -0.099964 -0.002692 0.000000
vn -0.099964 -0.002697 0.000000
vn -0.099913 -0.004167 0.000000
vn -0.099913 -0.004172 0.000000
vn -0.099835 -0.005750 0.000000
vn -0.099834 -0.005756 0.000000
vn -0.099721 -0.007461 0.000000
vn -0.099721 -0.007468 0.000000
vn -0.099564 -0.009327 0.000000
vn -0.099563 -0.009335 0.000000
vn -0.099364 -0.011260 0.000000
vn -0.099363 -0.011268 0.000000
vn -0.099119 -0.013245 0.000000
vn -0.099118 -0.013253 0.000000
vn -0.098823 -0.015299 0.000000
vn -0.098821 -0.015307 0.000000
vn -0.098467 -0.017444 0.000000
vn -0.098465 -0.017453 0.000000
vn -0.098039 -0.019707 0.000000
vn -0.098037 -0.019717 0.000000
vn -0.097522 -0.022122 0.000000
vn -0.097520 -0.022134 0.000000
vn -0.096893 -0.024734 0.000000
vn -0.096890 -0.024747 0.000000
vn -0.096116 -0.027599 0.000000
vn -0.096112 -0.027613 0.000000
vn -0.095141 -0.030791 0.000000
vn -0.095136 -0.030807 0.000000
vn -0.093914 -0.034355 0.000000
vn -0.093908 -0.034369 0.000000
vn -0.092674 -0.037570 0.000000
vn -0.092668 -0.037586 0.000000
vn -0.091168 -0.041090 0.000000
vn -0.091160 -0.041108 0.000000
vn -0.089353 -0.044900 0.000000
vn -0.089343 -0.044920 0.000000
vn -0.087192 -0.048964 0.000000
vn -0.087180 -0.048985 0.000000
vn -0.084667 -0.053212 0.000000
vn -0.084653 -0.053234 0.000000
vn -0.081788 -0.057538 0.000000
vn -0.081772 -0.057561 0.000000
vn -0.078615 -0.061804 0.000000
vn -0.078597 -0.061826 0.000000
vn -0.075263 -0.065845 0.000000
vn -0.075244 -0.065866 0.000000
vn -0.071912 -0.069489 0.000000
vn -0.071894 -0.069508 0.000000
vn -0.065048 -0.075952 0.000000
vn -0.065026 -0.075971 0.000000
vn -0.060895 -0.079321 0.000000
vn -0.060871 -0.079340 0.000000
vn -0.056485 -0.082519 0.000000
vn -0.056459 -0.082537 0.000000
vn -0.052045 -0.085389 0.000000
vn -0.052019 -0.085405 0.000000
vn -0.047774 -0.087850 0.000000
vn -0.047749 -0.087864 0.000000
vn -0.043818 -0.089889 0.000000
vn -0.043795 -0.089900 0.000000
vn -0.040262 -0.091537 0.000000
vn -0.040242 -0.091546 0.000000
vn -0.037139 -0.092848 0.000000
vn -0.037121 -0.092855 0.000000
vn -0.034100 -0.094006 0.000000
vn -0.034077 -0.094015 0.000000
vn -0.030759 -0.095152 0.000000
vn -0.030740 -0.095158 0.000000
vn -0.027963 -0.096011 0.000000
vn -0.027946 -0.096016 0.000000
vn -0.025594 -0.096669 0.000000
vn -0.025579 -0.096673 0.000000
vn -0.023566 -0.097183 0.000000
vn -0.023554 -0.097187 0.000000
vn -0.021815 -0.097592 0.000000
vn -0.021804 -0.097594 0.000000
vn -0.020288 -0.097920 0.000000
vn -0.020278 -0.097922 0.000000
vn -0.018948 -0.098188 0.000000
vn -0.018939 -0.098190 0.000000
vn -0.017763 -0.098410 0.000000
vn -0.017755 -0.098411 0.000000
vn -0.016710 -0.098594 0.000000
vn -0.016703 -0.098595 0.000000
vn -0.015768 -0.098749 0.000000
vn -0.015761 -0.098750 0.000000
vn -0.014921 -0.098881 0.000000
vn -0.014915 -0.098881 0.000000
vn -0.014158 -0.098993 0.000000
vn -0.014152 -0.098994 0.000000
vn -0.013466 -0.099089 0.000000
vn -0.013461 -0.099090 0.000000
vn -0.012837 -0.099173 0.000000
vn -0.012832 -0.099173 0.000000
vn -0.012461 -0.099221 0.000000
vn -0.012463 -0.099220 0.000000
vn -0.012163 -0.099258 0.000000
vn -0.004645 0.099892 0.000000
vn -0.004506 0.099898 0.000000
vn -0.004409 0.099903 0.000000
vn -0.004356 0.099905 0.000000
vn -0.004351 0.099905 0.000000
vn -0.004397 0.099903 0.000000
vn -0.004497 0.099899 0.000000
vn -0.004656 0.099892 0.000000
vn -0.004882 0.099881 0.000000
vn -0.005181 0.099866 0.000000
vn -0.005739 0.099835 0.000000
vn -0.006506 0.099788 0.000000
vn -0.007363 0.099729 0.000000
vn -0.008333 0.099652 0.000000
vn -0.009443 0.099553 0.000000
vn -0.010728 0.099423 0.000000
vn -0.012239 0.099248 0.000000
vn -0.014045 0.099009 0.000000
vn -0.016246 0.098671 0.000000
vn -0.018992 0.098180 0.000000
vn -0.022513 0.097433 0.000000
vn -0.025478 0.096700 0.000000
vn -0.028898 0.095733 0.000000
vn -0.032922 0.094425 0.000000
vn -0.037561 0.092678 0.000000
vn -0.042721 0.090415 0.000000
vn -0.048124 0.087659 0.000000
vn -0.053267 0.084632 0.000000
vn -0.060457 0.079655 0.000000
vn -0.064673 0.076272 0.000000
vn -0.069475 0.071926 0.000000
vn -0.074051 0.067205 0.000000
vn -0.077993 0.062586 0.000000
vn -0.081205 0.058358 0.000000
vn -0.083750 0.054644 0.000000
vn -0.085746 0.051454 0.000000
vn -0.087860 0.047756 0.000000
vn -0.089756 0.044088 0.000000
vn -0.091217 0.040982 0.000000
vn -0.092390 0.038264 0.000000
vn -0.093364 0.035821 0.000000
vn -0.094195 0.033575 0.000000
vn -0.094919 0.031471 0.000000
vn -0.095560 0.029468 0.000000
vn -0.096134 0.027536 0.000000
vn -0.096654 0.025651 0.000000
vn -0.097128 0.023795 0.000000
vn -0.097561 0.021953 0.000000
vn -0.097928 0.020251 0.000000
vn -0.098231 0.018725 0.000000
vn -0.098491 0.017305 0.000000
vn -0.098716 0.015972 0.000000
vn -0.098912 0.014710 0.000000
vn -0.099084 0.013505 0.000000
vn -0.099235 0.012346 0.000000
vn -0.099368 0.011221 0.000000
vn -0.099486 0.010122 0.000000
vn -0.099682 0.007965 0.000000
vn -0.099831 0.005810 0.000000
vn -0.099935 0.003593 0.000000
vn -0.099970 0.002441 0.000000
vn -0.099992 0.001247 0.000000
vn -0.100000 0.000001 0.000000
vn -0.099991 -0.001307 0.000000
vn -0.099964 -0.002692 0.000000
vn -0.099913 -0.004167 0.000000
vn -0.099835 -0.005750 0.000000
vn -0.099721 -0.007461 0.000000
vn -0.099564 -0.009327 0.000000
vn -0.099364 -0.011260 0.000000
vn -0.099119 -0.013245 0.000000
vn -0.098823 -0.015299 0.000000
vn -0.098467 -0.017444 0.000000
vn -0.098039 -0.019707 0.000000
vn -0.097522 -0.022122 0.000000
vn -0.096893 -0.024734 0.000000
vn -0.096116 -0.027599 0.000000
vn -0.095141 -0.030791 0.000000
vn -0.093914 -0.034355 0.000000
vn -0.092674 -0.037570 0.000000
vn -0.091168 -0.041090 0.000000
vn -0.089353 -0.044900 0.000000
vn -0.087192 -0.048964 0.000000
vn -0.084667 -0.053212 0.000000
vn -0.081788 -0.057538 0.000000
vn -0.078615 -0.061804 0.000000
vn -0.075263 -0.065845 0.000000
vn -0.071912 -0.069489 0.000000
vn -0.065048 -0.075952 0.000000
vn -0.060895 -0.079321 0.000000
vn -0.056485 -0.082519 0.000000
vn -0.052045 -0.085389 0.000000
vn -0.047774 -0.087850 0.000000
vn -0.043818 -0.089889 0.000000
vn -0.040262 -0.091537 0.000000
vn -0.037139 -0.092848 0.000000
vn -0.034100 -0.094006 0.000000
vn -0.030759 -0.095152 0.000000
vn -0.027963 -0.096011 0.000000
vn -0.025594 -0.096669 0.000000
vn -0.023566 -0.097183 0.000000
vn -0.021815 -0.097592 0.000000
vn -0.020288 -0.097920 0.000000
vn -0.018948 -0.098188 0.000000
vn -0.017763 -0.098410 0.000000
vn -0.016710 -0.098594 0.000000
vn -0.015768 -0.098749 0.000000
vn -0.014921 -0.098881 0.000000
vn -0.014158 -0.098993 0.000000
vn -0.013466 -0.099089 0.000000
vn -0.012837 -0.099173 0.000000
vn -0.012161 -0.099258 0.000000
vn -0.011916 -0.099288 0.000000
vn -0.011914 -0.099288 0.000000
vn -0.011717 -0.099311 0.000000
vn -0.011716 -0.099311 0.000000
vn -0.011564 -0.099329 0.000000
vn -0.011563 -0.099329 0.000000
vn -0.011454 -0.099342 0.000000
vn -0.011453 -0.099342 0.000000
vn -0.011354 -0.099353 0.000000
vn -0.011354 -0.099353 0.000000
vn -0.011404 -0.099348 0.000000
vn -0.011354 -0.099353 0.000000
vn -0.011454 -0.099342 0.000000
vn -0.011564 -0.099329 0.000000
vn -0.011717 -0.099311 0.000000
vn -0.011916 -0.099288 0.000000
vn -0.012163 -0.099258 0.000000
vn -0.012463 -0.099220 0.000000
vn -0.100000 0.000000 0.000000
vn -0.100000 0.000000 0.000000
vn -0.100000 0.000000 0.000000
vn -0.100000 0.000000 0.000000
vn -0.100000 0.000000 0.000000
vn -0.100000 0.000000 0.000000
vn -0.100000 0.000000 0.000000
vn -0.100000 0.000000 0.000000
vn 0.011423 0.099345 0.000000
vn 0.011580 0.099327 0.000000
vn 0.011423 0.099345 0.000000
vn 0.011580 0.099327 0.000000
vn 0.011423 0.099345 0.000000
vn 0.011363 0.099352 0.000000
vn 0.011363 0.099352 0.000000
vn 0.011363 0.099352 0.000000
vn 0.011402 0.099348 0.000000
vn 0.011402 0.099348 0.000000
vn 0.011548 0.099331 0.000000
vn 0.011549 0.099331 0.000000
vn 0.011664 0.099317 0.000000
vn 0.011665 0.099317 0.000000
vn 0.011811 0.099300 0.000000
vn 0.011812 0.099300 0.000000
vn 0.011990 0.099279 0.000000
vn 0.011991 0.099279 0.000000
vn 0.012287 0.099242 0.000000
vn 0.012289 0.099242 0.000000
vn 0.012691 0.099191 0.000000
vn 0.012692 0.099191 0.000000
vn 0.013196 0.099126 0.000000
vn 0.013198 0.099125 0.000000
vn 0.013812 0.099042 0.000000
vn 0.013814 0.099041 0.000000
vn 0.014547 0.098936 0.000000
vn 0.014550 0.098936 0.000000
vn 0.015414 0.098805 0.000000
vn 0.015417 0.098804 0.000000
vn 0.016424 0.098642 0.000000
vn 0.016428 0.098641 0.000000
vn 0.017594 0.098440 0.000000
vn 0.017598 0.098439 0.000000
vn 0.018941 0.098190 0.000000
vn 0.018946 0.098189 0.000000
vn 0.020486 0.097879 0.000000
vn 0.020492 0.097878 0.000000
vn 0.022253 0.097493 0.000000
vn 0.022259 0.097491 0.000000
vn 0.024270 0.097010 0.000000
vn 0.024277 0.097008 0.000000
vn 0.026570 0.096406 0.000000
vn 0.026577 0.096404 0.000000
vn 0.029188 0.095645 0.000000
vn 0.029197 0.095643 0.000000
vn 0.032168 0.094685 0.000000
vn 0.032178 0.094681 0.000000
vn 0.035555 0.093466 0.000000
vn 0.035566 0.093461 0.000000
vn 0.039126 0.092028 0.000000
vn 0.039136 0.092024 0.000000
vn 0.042560 0.090491 0.000000
vn 0.042571 0.090486 0.000000
vn 0.046405 0.088581 0.000000
vn 0.046417 0.088574 0.000000
vn 0.050602 0.086252 0.000000
vn 0.050614 0.086245 0.000000
vn 0.055053 0.083481 0.000000
vn 0.055066 0.083473 0.000000
vn 0.059633 0.080274 0.000000
vn 0.059646 0.080264 0.000000
vn 0.064193 0.076676 0.000000
vn 0.064206 0.076666 0.000000
vn 0.068584 0.072775 0.000000
vn 0.068596 0.072764 0.000000
vn 0.072673 0.068692 0.000000
vn 0.072684 0.068681 0.000000
vn 0.076363 0.064566 0.000000
vn 0.076372 0.064555 0.000000
vn 0.079596 0.060535 0.000000
vn 0.079604 0.060524 0.000000
vn 0.082626 0.056330 0.000000
vn 0.082634 0.056318 0.000000
vn 0.085495 0.051872 0.000000
vn 0.085501 0.051860 0.000000
vn 0.087950 0.047589 0.000000
vn 0.087956 0.047578 0.000000
vn 0.090046 0.043494 0.000000
vn 0.090051 0.043484 0.000000
vn 0.091828 0.039593 0.000000
vn 0.091832 0.039583 0.000000
vn 0.093340 0.035884 0.000000
vn 0.093343 0.035875 0.000000
vn 0.094618 0.032365 0.000000
vn 0.094620 0.032357 0.000000
vn 0.095694 0.029029 0.000000
vn 0.095696 0.029021 0.000000
vn 0.096597 0.025867 0.000000
vn 0.096599 0.025859 0.000000
vn 0.097350 0.022870 0.000000
vn 0.097351 0.022863 0.000000
vn 0.097974 0.020025 0.000000
vn 0.097976 0.020019 0.000000
vn 0.098479 0.017373 0.000000
vn 0.098480 0.017368 0.000000
vn 0.098874 0.014965 0.000000
vn 0.098875 0.014960 0.000000
vn 0.099182 0.012761 0.000000
vn 0.099183 0.012757 0.000000
vn 0.099423 0.010731 0.000000
vn 0.099423 0.010727 0.000000
vn 0.099608 0.008846 0.000000
vn 0.099608 0.008843 0.000000
vn 0.099749 0.007085 0.000000
vn 0.099749 0.007082 0.000000
vn 0.099853 0.005428 0.000000
vn 0.099853 0.005425 0.000000
vn 0.099926 0.003858 0.000000
vn 0.099926 0.003855 0.000000
vn 0.099972 0.002361 0.000000
vn 0.099972 0.002358 0.000000
vn 0.099996 0.000924 0.000000
vn 0.099996 0.000921 0.000000
vn 0.099999 -0.000465 0.000000
vn 0.099999 -0.000467 0.000000
vn 0.099984 -0.001815 0.000000
vn 0.099983 -0.001817 0.000000
vn 0.099951 -0.003136 0.000000
vn 0.099951 -0.003138 0.000000
vn 0.099903 -0.004395 0.000000
vn 0.099903 -0.004397 0.000000
vn 0.099842 -0.005624 0.000000
vn 0.099842 -0.005626 0.000000
vn 0.099766 -0.006832 0.000000
vn 0.099766 -0.006834 0.000000
vn 0.099677 -0.008026 0.000000
vn 0.099677 -0.008028 0.000000
vn 0.099574 -0.009215 0.000000
vn 0.099574 -0.009217 0.000000
vn 0.099457 -0.010407 0.000000
vn 0.099457 -0.010408 0.000000
vn 0.099324 -0.011608 0.000000
vn 0.099324 -0.011610 0.000000
vn 0.099174 -0.012829 0.000000
vn 0.099173 -0.012831 0.000000
vn 0.099004 -0.014077 0.000000
vn 0.099004 -0.014079 0.000000
vn 0.098813 -0.015363 0.000000
vn 0.098813 -0.015365 0.000000
vn 0.098596 -0.016698 0.000000
vn 0.098596 -0.016700 0.000000
vn 0.098350 -0.018093 0.000000
vn 0.098349 -0.018095 0.000000
vn 0.098068 -0.019564 0.000000
vn 0.098067 -0.019566 0.000000
vn 0.097743 -0.021127 0.000000
vn 0.097742 -0.021129 0.000000
vn 0.097366 -0.022800 0.000000
vn 0.097366 -0.022802 0.000000
vn 0.096925 -0.024608 0.000000
vn 0.096924 -0.024610 0.000000
vn 0.096403 -0.026578 0.000000
vn 0.096403 -0.026580 0.000000
vn 0.095780 -0.028744 0.000000
vn 0.095779 -0.028747 0.000000
vn 0.095024 -0.031151 0.000000
vn 0.095023 -0.031154 0.000000
vn 0.094137 -0.033737 0.000000
vn 0.094136 -0.033740 0.000000
vn 0.093117 -0.036460 0.000000
vn 0.093115 -0.036463 0.000000
vn 0.091939 -0.039334 0.000000
vn 0.091938 -0.039337 0.000000
vn 0.090576 -0.042380 0.000000
vn 0.090574 -0.042383 0.000000
vn 0.088990 -0.045615 0.000000
vn 0.088989 -0.045618 0.000000
vn 0.087136 -0.049065 0.000000
vn 0.087134 -0.049068 0.000000
vn 0.084953 -0.052754 0.000000
vn 0.084951 -0.052757 0.000000
vn 0.082365 -0.056710 0.000000
vn 0.082363 -0.056713 0.000000
vn 0.079272 -0.060959 0.000000
vn 0.079269 -0.060962 0.000000
vn 0.075542 -0.065524 0.000000
vn 0.075539 -0.065527 0.000000
vn 0.072278 -0.069108 0.000000
vn 0.072276 -0.069110 0.000000
vn 0.068273 -0.073067 0.000000
vn 0.068271 -0.073069 0.000000
vn 0.063538 -0.077220 0.000000
vn 0.063534 -0.077223 0.000000
vn 0.058213 -0.081309 0.000000
vn 0.058210 -0.081312 0.000000
vn 0.052553 -0.085078 0.000000
vn 0.052549 -0.085080 0.000000
vn 0.046877 -0.088332 0.000000
vn 0.046874 -0.088334 0.000000
vn 0.041504 -0.090980 0.000000
vn 0.041501 -0.090982 0.000000
vn 0.036685 -0.093028 0.000000
vn 0.036683 -0.093029 0.000000
vn 0.032572 -0.094547 0.000000
vn 0.032571 -0.094547 0.000000
vn 0.028794 -0.095765 0.000000
vn 0.028792 -0.095765 0.000000
vn 0.024648 -0.096915 0.000000
vn 0.024647 -0.096915 0.000000
vn 0.021131 -0.097742 0.000000
vn 0.021130 -0.097742 0.000000
vn 0.018140 -0.098341 0.000000
vn 0.018139 -0.098341 0.000000
vn 0.015591 -0.098777 0.000000
vn 0.015590 -0.098777 0.000000
vn 0.013413 -0.099096 0.000000
vn 0.013413 -0.099096 0.000000
vn 0.011550 -0.099331 0.000000
vn 0.011550 -0.099331 0.000000
vn 0.009954 -0.099503 0.000000
vn 0.009954 -0.099503 0.000000
vn 0.008588 -0.099631 0.000000
vn 0.008588 -0.099631 0.000000
vn 0.007419 -0.099724 0.000000
vn 0.007419 -0.099724 0.000000
vn 0.006423 -0.099794 0.000000
vn 0.006423 -0.099794 0.000000
vn 0.005776 -0.099833 0.000000
vn 0.005776 -0.099833 0.000000
vn 0.005358 -0.099856 0.000000
vn 0.005358 -0.099856 0.000000
vn 0.005026 -0.099874 0.000000
vn 0.005026 -0.099874 0.000000
vn 0.004770 -0.099886 0.000000
vn 0.004770 -0.099886 0.000000
vn 0.004583 -0.099895 0.000000
vn 0.004583 -0.099895 0.000000
vn 0.004460 -0.099901 0.000000
vn 0.004460 -0.099901 0.000000
vn 0.004395 -0.099903 0.000000
vn 0.004395 -0.099903 0.000000
vn 0.004384 -0.099904 0.000000
vn 0.004384 -0.099904 0.000000
vn 0.004424 -0.099902 0.000000
vn 0.004424 -0.099902 0.000000
vn 0.004513 -0.099898 0.000000
vn 0.004513 -0.099898 0.000000
vn 0.004648 -0.099892 0.000000
vn 0.004648 -0.099892 0.000000
vn 0.004827 -0.099883 0.000000
vn 0.004827 -0.099883 0.000000
vn 0.005050 -0.099872 0.000000
vn 0.005050 -0.099872 0.000000
vn 0.005622 -0.099842 0.000000
vn 0.005622 -0.099842 0.000000
vn 0.006118 -0.099813 0.000000
vn 0.006118 -0.099813 0.000000
vn 0.005622 -0.099842 0.000000
vn 0.005050 -0.099872 0.000000
vn 0.004827 -0.099883 0.000000
vn 0.004648 -0.099892 0.000000
vn 0.004513 -0.099898 0.000000
vn 0.004424 -0.099902 0.000000
vn 0.004384 -0.099904 0.000000
vn 0.004395 -0.099903 0.000000
vn 0.004460 -0.099901 0.000000
vn 0.004583 -0.099895 0.000000
vn 0.004770 -0.099886 0.000000
vn 0.005026 -0.099874 0.000000
vn 0.005358 -0.099856 0.000000
vn 0.005776 -0.099833 0.000000
vn 0.006423 -0.099794 0.000000
vn 0.007419 -0.099724 0.000000
vn 0.008588 -0.099631 0.000000
vn 0.009954 -0.099503 0.000000
vn 0.011550 -0.099331 0.000000
vn 0.013413 -0.099096 0.000000
vn 0.015590 -0.098777 0.000000
vn 0.018139 -0.098341 0.000000
vn 0.021130 -0.097742 0.000000
vn 0.024647 -0.096915 0.000000
vn 0.028792 -0.095765 0.000000
vn 0.032571 -0.094547 0.000000
vn 0.036683 -0.093029 0.000000
vn 0.041501 -0.090982 0.000000
vn 0.046874 -0.088334 0.000000
vn 0.052549 -0.085080 0.000000
vn 0.058210 -0.081312 0.000000
vn 0.063534 -0.077223 0.000000
vn 0.068271 -0.073069 0.000000
vn 0.072276 -0.069110 0.000000
vn 0.075539 -0.065527 0.000000
vn 0.079269 -0.060962 0.000000
vn 0.082363 -0.056713 0.000000
vn 0.084951 -0.052757 0.000000
vn 0.087134 -0.049068 0.000000
vn 0.088989 -0.045618 0.000000
vn 0.090574 -0.042383 0.000000
vn 0.091938 -0.039337 0.000000
vn 0.093115 -0.036463 0.000000
vn 0.094136 -0.033740 0.000000
vn 0.095023 -0.031154 0.000000
vn 0.095779 -0.028747 0.000000
vn 0.096403 -0.026580 0.000000
vn 0.096924 -0.024610 0.000000
vn 0.097366 -0.022802 0.000000
vn 0.097742 -0.021129 0.000000
vn 0.098067 -0.019566 0.000000
vn 0.098349 -0.018095 0.000000
vn 0.098596 -0.016700 0.000000
vn 0.098813 -0.015365 0.000000
vn 0.099004 -0.014079 0.000000
vn 0.099173 -0.012831 0.000000
vn 0.099324 -0.011610 0.000000
vn 0.099457 -0.010408 0.000000
vn 0.099574 -0.009217 0.000000
vn 0.099677 -0.008028 0.000000
vn 0.099766 -0.006834 0.000000
vn 0.099842 -0.005626 0.000000
vn 0.099903 -0.004397 0.000000
vn 0.099951 -0.003138 0.000000
vn 0.099983 -0.001817 0.000000
vn 0.099999 -0.000467 0.000000
vn 0.099996 0.000921 0.000000
vn 0.099972 0.002358 0.000000
vn 0.099926 0.003855 0.000000
vn 0.099853 0.005425 0.000000
vn 0.099749 0.007082 0.000000
vn 0.099608 0.008843 0.000000
vn 0.099423 0.010727 0.000000
vn 0.099183 0.012757 0.000000
vn 0.098875 0.014960 0.000000
vn 0.098480 0.017368 0.000000
vn 0.097976 0.020019 0.000000
vn 0.097351 0.022863 0.000000
vn 0.096599 0.025859 0.000000
vn 0.095696 0.029021 0.000000
vn 0.094620 0.032357 0.000000
vn 0.093343 0.035875 0.000000
vn 0.091832 0.039583 0.000000
vn 0.090051 0.043484 0.000000
vn 0.087956 0.047578 0.000000
vn 0.085501 0.051860 0.000000
vn 0.082634 0.056318 0.000000
vn 0.079604 0.060524 0.000000
vn 0.076372 0.064555 0.000000
vn 0.072684 0.068681 0.000000
vn 0.068596 0.072764 0.000000
vn 0.064206 0.076666 0.000000
vn 0.059646 0.080264 0.000000
vn 0.055066 0.083473 0.000000
vn 0.050614 0.086245 0.000000
vn 0.046417 0.088574 0.000000
vn 0.042571 0.090486 0.000000
vn 0.039136 0.092024 0.000000
vn 0.035566 0.093461 0.000000
vn 0.032178 0.094681 0.000000
vn 0.029197 0.095643 0.000000
vn 0.026577 0.096404 0.000000
vn 0.024277 0.097008 0.000000
vn 0.022259 0.097491 0.000000
vn 0.020492 0.097878 0.000000
vn 0.018946 0.098189 0.000000
vn 0.017598 0.098439 0.000000
vn 0.016428 0.098641 0.000000
vn 0.015417 0.098804 0.000000
vn 0.014550 0.098936 0.000000
vn 0.013814 0.099041 0.000000
vn 0.013198 0.099125 0.000000
vn 0.012692 0.099191 0.000000
vn 0.012289 0.099242 0.000000
vn 0.011991 0.099279 0.000000
vn 0.011402 0.099348 0.000000
vn 0.011549 0.099331 0.000000
vn 0.011665 0.099317 0.000000
vn 0.011812 0.099300 0.000000
usemtl Nylon_12_(with_Formlabs_Fuse_1_3D_Printer)
f 1/1/1 2/2/2 4/3/3
f 4/3/3 2/2/2 3/4/4
f 2/5/5 1/6/6 8/7/7
f 8/7/7 1/6/6 5/8/8
f 8/7/7 5/8/8 6/9/9
f 6/9/9 7/10/10 8/7/7
f 9/11/11 214/12/12 3/13/13
f 3/13/13 214/12/12 235/14/14
f 3/13/13 235/14/14 236/15/15
f 9/11/11 10/16/16 214/12/12
f 214/12/12 10/16/16 11/17/17
f 214/12/12 11/17/17 12/18/18
f 12/18/18 13/19/19 214/12/12
f 214/12/12 13/19/19 14/20/20
f 214/12/12 14/20/20 15/21/21
f 15/21/21 16/22/22 214/12/12
f 214/12/12 16/22/22 17/23/23
f 214/12/12 17/23/23 18/24/24
f 18/24/24 19/25/25 214/12/12
f 214/12/12 19/25/25 20/26/26
f 214/12/12 20/26/26 21/27/27
f 21/27/27 22/28/28 214/12/12
f 214/12/12 22/28/28 23/29/29
f 214/12/12 23/29/29 24/30/30
f 24/30/30 25/31/31 214/12/12
f 214/12/12 25/31/31 26/32/32
f 214/12/12 26/32/32 27/33/33
f 27/33/33 28/34/34 214/12/12
f 214/12/12 28/34/34 29/35/35
f 214/12/12 29/35/35 30/36/36
f 30/36/36 31/37/37 214/12/12
f 214/12/12 31/37/37 32/38/38
f 214/12/12 32/38/38 33/39/39
f 33/39/39 34/40/40 214/12/12
f 214/12/12 34/40/40 35/41/41
f 214/12/12 35/41/41 36/42/42
f 36/42/42 37/43/43 214/12/12
f 214/12/12 37/43/43 38/44/44
f 214/12/12 38/44/44 39/45/45
f 39/45/45 40/46/46 214/12/12
f 214/12/12 40/46/46 41/47/47
f 214/12/12 41/47/47 42/48/48
f 42/48/48 43/49/49 214/12/12
f 214/12/12 43/49/49 44/50/50
f 214/12/12 44/50/50 45/51/51
f 45/51/51 46/52/52 214/12/12
f 214/12/12 46/52/52 47/53/53
f 214/12/12 47/53/53 48/54/54
f 214/12/12 48/54/54 213/55/55
f 213/55/55 48/54/54 49/56/56
f 213/55/55 49/56/56 212/57/57
f 212/57/57 49/56/56 211/58/58
f 211/58/58 49/56/56 50/59/59
f 211/58/58 50/59/59 210/60/60
f 210/60/60 50/59/59 51/61/61
f 210/60/60 51/61/61 209/62/62
f 209/62/62 51/61/61 52/63/63
f 209/62/62 52/63/63 208/64/64
f 208/64/64 52/63/63 207/65/65
f 207/65/65 52/63/63 53/66/66
f 207/65/65 53/66/66 206/67/67
f 206/67/67 53/66/66 54/68/68
f 206/67/67 54/68/68 205/69/69
f 205/69/69 54/68/68 55/70/70
f 205/69/69 55/70/70 204/71/71
f 204/71/71 55/70/70 56/72/72
f 204/71/71 56/72/72 203/73/73
f 203/73/73 56/72/72 57/74/74
f 203/73/73 57/74/74 202/75/75
f 202/75/75 57/74/74 58/76/76
f 202/75/75 58/76/76 201/77/77
f 201/77/77 58/76/76 200/78/78
f 200/78/78 58/76/76 59/79/79
f 200/78/78 59/79/79 199/80/80
f 199/80/80 59/79/79 60/81/81
f 199/80/80 60/81/81 198/82/82
f 198/82/82 60/81/81 61/83/83
f 198/82/82 61/83/83 197/84/84
f 197/84/84 61/83/83 62/85/85
f 197/84/84 62/85/85 196/86/86
f 196/86/86 62/85/85 63/87/87
f 196/86/86 63/87/87 195/88/88
f 195/88/88 63/87/87 64/89/89
f 195/88/88 64/89/89 194/90/90
f 194/90/90 64/89/89 65/91/91
f 194/90/90 65/91/91 193/92/92
f 193/92/92 65/91/91 66/93/93
f 193/92/92 66/93/93 192/94/94
f 192/94/94 66/93/93 67/95/95
f 192/94/94 67/95/95 191/96/96
f 191/96/96 67/95/95 190/97/97
f 190/97/97 67/95/95 68/98/98
f 190/97/97 68/98/98 189/99/99
f 189/99/99 68/98/98 188/100/100
f 188/100/100 68/98/98 69/101/101
f 188/100/100 69/101/101 187/102/102
f 187/102/102 69/101/101 186/103/103
f 186/103/103 69/101/101 70/104/104
f 186/103/103 70/104/104 185/105/105
f 185/105/105 70/104/104 71/106/106
f 185/105/105 71/106/106 184/107/107
f 184/107/107 71/106/106 72/108/108
f 184/107/107 72/108/108 183/109/109
f 183/109/109 72/108/108 73/110/110
f 183/109/109 73/110/110 182/111/111
f 182/111/111 73/110/110 74/112/112
f 182/111/111 74/112/112 181/113/113
f 181/113/113 74/112/112 75/114/114
f 181/113/113 75/114/114 180/115/115
f 180/115/115 75/114/114 76/116/116
f 180/115/115 76/116/116 179/117/117
f 179/117/117 76/116/116 77/118/118
f 179/117/117 77/118/118 178/119/119
f 178/119/119 77/118/118 78/120/120
f 178/119/119 78/120/120 177/121/121
f 177/121/121 78/120/120 176/122/122
f 176/122/122 78/120/120 79/123/123
f 176/122/122 79/123/123 175/124/124
f 175/124/124 79/123/123 80/125/125
f 175/124/124 80/125/125 174/126/126
f 174/126/126 80/125/125 81/127/127
f 174/126/126 81/127/127 173/128/128
f 173/128/128 81/127/127 82/129/129
f 173/128/128 82/129/129 172/130/130
f 172/130/130 82/129/129 83/131/131
f 172/130/130 83/131/131 171/132/132
f 171/132/132 83/131/131 170/133/133
f 170/133/133 83/131/131 84/134/134
f 170/133/133 84/134/134 169/135/135
f 169/135/135 84/134/134 85/136/136
f 169/135/135 85/136/136 168/137/137
f 168/137/137 85/136/136 86/138/138
f 168/137/137 86/138/138 167/139/139
f 167/139/139 86/138/138 166/140/140
f 166/140/140 86/138/138 87/141/141
f 166/140/140 87/141/141 165/142/142
f 165/142/142 87/141/141 88/143/143
f 165/142/142 88/143/143 164/144/144
f 164/144/144 88/143/143 89/145/145
f 164/144/144 89/145/145 163/146/146
f 163/146/146 89/145/145 162/147/147
f 162/147/147 89/145/145 90/148/148
f 162/147/147 90/148/148 161/149/149
f 161/149/149 90/148/148 91/150/150
f 161/149/149 91/150/150 160/151/151
f 160/151/151 91/150/150 92/152/152
f 160/151/151 92/152/152 159/153/153
f 159/153/153 92/152/152 93/154/154
f 159/153/153 93/154/154 158/155/155
f 158/155/155 93/154/154 94/156/156
f 158/155/155 94/156/156 157/157/157
f 157/157/157 94/156/156 95/158/158
f 157/157/157 95/158/158 156/159/159
f 156/159/159 95/158/158 96/160/160
f 156/159/159 96/160/160 97/161/161
f 156/159/159 97/161/161 155/162/162
f 155/162/162 97/161/161 98/163/163
f 155/162/162 98/163/163 154/164/164
f 154/164/164 98/163/163 99/165/165
f 154/164/164 99/165/165 153/166/166
f 153/166/166 99/165/165 100/167/167
f 153/166/166 100/167/167 101/168/168
f 153/166/166 101/168/168 152/169/169
f 152/169/169 101/168/168 102/170/170
f 152/169/169 102/170/170 151/171/171
f 151/171/171 102/170/170 103/172/172
f 151/171/171 103/172/172 104/173/173
f 151/171/171 104/173/173 150/174/174
f 150/174/174 104/173/173 105/175/175
f 150/174/174 105/175/175 149/176/176
f 149/176/176 105/175/175 106/177/177
f 149/176/176 106/177/177 107/178/178
f 149/176/176 107/178/178 148/179/179
f 148/179/179 107/178/178 108/180/180
f 148/179/179 108/180/180 147/181/181
f 147/181/181 108/180/180 109/182/182
f 147/181/181 109/182/182 146/183/183
f 146/183/183 109/182/182 110/184/184
f 146/183/183 110/184/184 145/185/185
f 145/185/185 110/184/184 111/186/186
f 145/185/185 111/186/186 112/187/187
f 145/185/185 112/187/187 144/188/188
f 144/188/188 112/187/187 113/189/189
f 144/188/188 113/189/189 143/190/190
f 143/190/190 113/189/189 114/191/191
f 143/190/190 114/191/191 115/192/192
f 115/192/192 116/193/193 143/190/190
f 143/190/190 116/193/193 117/194/194
f 143/190/190 117/194/194 118/195/195
f 118/195/195 119/196/196 143/190/190
f 143/190/190 119/196/196 120/197/197
f 143/190/190 120/197/197 121/198/198
f 121/198/198 122/199/199 143/190/190
f 143/190/190 122/199/199 123/200/200
f 143/190/190 123/200/200 124/201/201
f 125/202/202 133/203/203 124/201/201
f 124/201/201 133/203/203 134/204/204
f 124/201/201 134/204/204 135/205/205
f 133/203/203 125/202/202 132/206/206
f 132/206/206 125/202/202 126/207/207
f 132/206/206 126/207/207 131/208/208
f 131/208/208 126/207/207 127/209/209
f 131/208/208 127/209/209 130/210/210
f 130/210/210 127/209/209 4/211/211
f 130/210/210 4/211/211 129/212/212
f 129/212/212 4/211/211 128/213/213
f 128/213/213 4/211/211 250/214/214
f 250/214/214 4/211/211 3/13/13
f 250/214/214 3/13/13 249/215/215
f 249/215/215 3/13/13 248/216/216
f 248/216/216 3/13/13 247/217/217
f 247/217/217 3/13/13 246/218/218
f 246/218/218 3/13/13 245/219/219
f 245/219/219 3/13/13 244/220/220
f 244/220/220 3/13/13 243/221/221
f 243/221/221 3/13/13 242/222/222
f 242/222/222 3/13/13 241/223/223
f 241/223/223 3/13/13 240/224/224
f 240/224/224 3/13/13 239/225/225
f 239/225/225 3/13/13 238/226/226
f 238/226/226 3/13/13 237/227/227
f 237/227/227 3/13/13 236/15/15
f 135/205/205 136/228/228 124/201/201
f 124/201/201 136/228/228 137/229/229
f 124/201/201 137/229/229 138/230/230
f 138/230/230 139/231/231 124/201/201
f 124/201/201 139/231/231 140/232/232
f 124/201/201 140/232/232 141/233/233
f 141/233/233 142/234/234 124/201/201
f 124/201/201 142/234/234 143/190/190
f 215/235/235 216/236/236 214/12/12
f 214/12/12 216/236/236 217/237/237
f 214/12/12 217/237/237 218/238/238
f 218/238/238 219/239/239 214/12/12
f 214/12/12 219/239/239 220/240/240
f 214/12/12 220/240/240 221/241/241
f 221/241/241 222/242/242 214/12/12
f 214/12/12 222/242/242 223/243/243
f 214/12/12 223/243/243 224/244/244
f 224/244/244 225/245/245 214/12/12
f 214/12/12 225/245/245 226/246/246
f 214/12/12 226/246/246 227/247/247
f 227/247/247 228/248/248 214/12/12
f 214/12/12 228/248/248 229/249/249
f 214/12/12 229/249/249 230/250/250
f 230/250/250 231/251/251 214/12/12
f 214/12/12 231/251/251 232/252/252
f 214/12/12 232/252/252 233/253/253
f 233/253/253 234/254/254 214/12/12
f 214/12/12 234/254/254 235/14/14
f 251/255/255 252/256/256 1/257/257
f 1/257/257 252/256/256 5/258/258
f 5/258/258 252/256/256 6/259/259
f 7/260/260 253/261/261 8/262/262
f 8/262/262 253/261/261 254/263/263
f 8/262/262 254/263/263 2/264/264
f 496/265/265 252/266/266 495/267/267
f 495/267/267 252/266/266 251/268/268
f 495/267/267 251/268/268 494/269/269
f 494/269/269 251/268/268 255/270/270
f 494/269/269 255/270/270 493/271/271
f 493/271/271 255/270/270 256/272/272
f 493/271/271 256/272/272 492/273/273
f 492/273/273 256/272/272 257/274/274
f 492/273/273 257/274/274 491/275/275
f 491/275/275 257/274/274 258/276/276
f 491/275/275 258/276/276 490/277/277
f 490/277/277 258/276/276 259/278/278
f 490/277/277 259/278/278 489/279/279
f 489/279/279 259/278/278 260/280/280
f 489/279/279 260/280/280 488/281/281
f 488/281/281 260/280/280 261/282/282
f 488/281/281 261/282/282 487/283/283
f 487/283/283 261/282/282 262/284/284
f 487/283/283 262/284/284 486/285/285
f 486/285/285 262/284/284 263/286/286
f 486/285/285 263/286/286 264/287/287
f 486/285/285 264/287/287 485/288/288
f 485/288/288 264/287/287 265/289/289
f 485/288/288 265/289/289 484/290/290
f 484/290/290 265/289/289 266/291/291
f 484/290/290 266/291/291 483/292/292
f 483/292/292 266/291/291 267/293/293
f 483/292/292 267/293/293 482/294/294
f 482/294/294 267/293/293 268/295/295
f 482/294/294 268/295/295 481/296/296
f 481/296/296 268/295/295 269/297/297
f 481/296/296 269/297/297 480/298/298
f 480/298/298 269/297/297 270/299/299
f 480/298/298 270/299/299 479/300/300
f 479/300/300 270/299/299 271/301/301
f 479/300/300 271/301/301 272/302/302
f 479/300/300 272/302/302 478/303/303
f 478/303/303 272/302/302 273/304/304
f 478/303/303 273/304/304 477/305/305
f 477/305/305 273/304/304 274/306/306
f 477/305/305 274/306/306 476/307/307
f 476/307/307 274/306/306 275/308/308
f 476/307/307 275/308/308 475/309/309
f 475/309/309 275/308/308 276/310/310
f 475/309/309 276/310/310 277/311/311
f 475/309/309 277/311/311 474/312/312
f 474/312/312 277/311/311 278/313/313
f 474/312/312 278/313/313 473/314/314
f 473/314/314 278/313/313 279/315/315
f 473/314/314 279/315/315 280/316/316
f 473/314/314 280/316/316 472/317/317
f 472/317/317 280/316/316 281/318/318
f 472/317/317 281/318/318 471/319/319
f 471/319/319 281/318/318 282/320/320
f 471/319/319 282/320/320 283/321/321
f 471/319/319 283/321/321 470/322/322
f 470/322/322 283/321/321 284/323/323
f 470/322/322 284/323/323 469/324/324
f 469/324/324 284/323/323 285/325/325
f 469/324/324 285/325/325 468/326/326
f 468/326/326 285/325/325 286/327/327
f 468/326/326 286/327/327 287/328/328
f 468/326/326 287/328/328 467/329/329
f 467/329/329 287/328/328 288/330/330
f 467/329/329 288/330/330 466/331/331
f 466/331/331 288/330/330 289/332/332
f 466/331/331 289/332/332 465/333/333
f 465/333/333 289/332/332 290/334/334
f 465/333/333 290/334/334 464/335/335
f 464/335/335 290/334/334 291/336/336
f 464/335/335 291/336/336 463/337/337
f 463/337/337 291/336/336 292/338/338
f 463/337/337 292/338/338 462/339/339
f 462/339/339 292/338/338 293/340/340
f 462/339/339 293/340/340 461/341/341
f 461/341/341 293/340/340 460/342/342
f 460/342/342 293/340/340 294/343/343
f 460/342/342 294/343/343 459/344/344
f 459/344/344 294/343/343 295/345/345
f 459/344/344 295/345/345 458/346/346
f 458/346/346 295/345/345 296/347/347
f 458/346/346 296/347/347 457/348/348
f 457/348/348 296/347/347 456/349/349
f 456/349/349 296/347/347 297/350/350
f 456/349/349 297/350/350 455/351/351
f 455/351/351 297/350/350 298/352/352
f 455/351/351 298/352/352 454/353/353
f 454/353/353 298/352/352 299/354/354
f 454/353/353 299/354/354 453/355/355
f 453/355/355 299/354/354 452/356/356
f 452/356/356 299/354/354 300/357/357
f 452/356/356 300/357/357 451/358/358
f 451/358/358 300/357/357 301/359/359
f 451/358/358 301/359/359 450/360/360
f 450/360/360 301/359/359 302/361/361
f 450/360/360 302/361/361 449/362/362
f 449/362/362 302/361/361 303/363/363
f 449/362/362 303/363/363 448/364/364
f 448/364/364 303/363/363 304/365/365
f 448/364/364 304/365/365 447/366/366
f 447/366/366 304/365/365 446/367/367
f 446/367/367 304/365/365 305/368/368
f 446/367/367 305/368/368 445/369/369
f 445/369/369 305/368/368 306/370/370
f 445/369/369 306/370/370 444/371/371
f 444/371/371 306/370/370 307/372/372
f 444/371/371 307/372/372 443/373/373
f 443/373/373 307/372/372 308/374/374
f 443/373/373 308/374/374 442/375/375
f 442/375/375 308/374/374 309/376/376
f 442/375/375 309/376/376 441/377/377
f 441/377/377 309/376/376 310/378/378
f 441/377/377 310/378/378 440/379/379
f 440/379/379 310/378/378 311/380/380
f 440/379/379 311/380/380 439/381/381
f 439/381/381 311/380/380 312/382/382
f 439/381/381 312/382/382 438/383/383
f 438/383/383 312/382/382 313/384/384
f 438/383/383 313/384/384 437/385/385
f 437/385/385 313/384/384 436/386/386
f 436/386/386 313/384/384 314/387/387
f 436/386/386 314/387/387 435/388/388
f 435/388/388 314/387/387 434/389/389
f 434/389/389 314/387/387 315/390/390
f 434/389/389 315/390/390 433/391/391
f 433/391/391 315/390/390 432/392/392
f 432/392/392 315/390/390 316/393/393
f 432/392/392 316/393/393 431/394/394
f 431/394/394 316/393/393 317/395/395
f 431/394/394 317/395/395 430/396/396
f 430/396/396 317/395/395 318/397/397
f 430/396/396 318/397/397 429/398/398
f 429/398/398 318/397/397 319/399/399
f 429/398/398 319/399/399 428/400/400
f 428/400/400 319/399/399 320/401/401
f 428/400/400 320/401/401 427/402/402
f 427/402/402 320/401/401 321/403/403
f 427/402/402 321/403/403 426/404/404
f 426/404/404 321/403/403 322/405/405
f 426/404/404 322/405/405 425/406/406
f 425/406/406 322/405/405 323/407/407
f 425/406/406 323/407/407 424/408/408
f 424/408/408 323/407/407 324/409/409
f 424/408/408 324/409/409 423/410/410
f 423/410/410 324/409/409 422/411/411
f 422/411/411 324/409/409 325/412/412
f 422/411/411 325/412/412 421/413/413
f 421/413/413 325/412/412 326/414/414
f 421/413/413 326/414/414 420/415/415
f 420/415/415 326/414/414 327/416/416
f 420/415/415 327/416/416 419/417/417
f 419/417/417 327/416/416 328/418/418
f 419/417/417 328/418/418 418/419/419
f 418/419/419 328/418/418 329/420/420
f 418/419/419 329/420/420 417/421/421
f 417/421/421 329/420/420 330/422/422
f 417/421/421 330/422/422 416/423/423
f 416/423/423 330/422/422 415/424/424
f 415/424/424 330/422/422 331/425/425
f 415/424/424 331/425/425 414/426/426
f 414/426/426 331/425/425 332/427/427
f 414/426/426 332/427/427 413/428/428
f 413/428/428 332/427/427 333/429/429
f 413/428/428 333/429/429 412/430/430
f 412/430/430 333/429/429 411/431/431
f 411/431/431 333/429/429 334/432/432
f 411/431/431 334/432/432 410/433/433
f 410/433/433 334/432/432 335/434/434
f 410/433/433 335/434/434 409/435/435
f 409/435/435 335/434/434 336/436/436
f 409/435/435 336/436/436 337/437/437
f 337/437/437 338/438/438 409/435/435
f 409/435/435 338/438/438 339/439/439
f 409/435/435 339/439/439 340/440/440
f 340/440/440 341/441/441 409/435/435
f 409/435/435 341/441/441 342/442/442
f 409/435/435 342/442/442 343/443/443
f 343/443/443 344/444/444 409/435/435
f 409/435/435 344/444/444 345/445/445
f 409/435/435 345/445/445 346/446/446
f 346/446/446 347/447/447 409/435/435
f 409/435/435 347/447/447 348/448/448
f 409/435/435 348/448/448 349/449/449
f 349/449/449 350/450/450 409/435/435
f 409/435/435 350/450/450 351/451/451
f 409/435/435 351/451/451 352/452/452
f 352/452/452 353/453/453 409/435/435
f 409/435/435 353/453/453 354/454/454
f 409/435/435 354/454/454 355/455/455
f 355/455/455 356/456/456 409/435/435
f 409/435/435 356/456/456 357/457/457
f 409/435/435 357/457/457 358/458/458
f 358/458/458 359/459/459 409/435/435
f 409/435/435 359/459/459 360/460/460
f 409/435/435 360/460/460 361/461/461
f 361/461/461 362/462/462 409/435/435
f 409/435/435 362/462/462 408/463/463
f 408/463/463 362/462/462 374/464/464
f 408/463/463 374/464/464 407/465/465
f 407/465/465 374/464/464 406/466/466
f 406/466/466 374/464/464 405/467/467
f 405/467/467 374/464/464 404/468/468
f 404/468/468 374/464/464 403/469/469
f 403/469/469 374/464/464 402/470/470
f 402/470/470 374/464/464 401/471/471
f 401/471/471 374/464/464 400/472/472
f 400/472/472 374/464/464 399/473/473
f 399/473/473 374/464/464 398/474/474
f 398/474/474 374/464/464 397/475/475
f 397/475/475 374/464/464 396/476/476
f 396/476/476 374/464/464 395/477/477
f 395/477/477 374/464/464 375/478/478
f 395/477/477 375/478/478 394/479/479
f 394/479/479 375/478/478 393/480/480
f 393/480/480 375/478/478 376/481/481
f 393/480/480 376/481/481 392/482/482
f 392/482/482 376/481/481 391/483/483
f 391/483/483 376/481/481 377/484/484
f 391/483/483 377/484/484 390/485/485
f 390/485/485 377/484/484 389/486/486
f 389/486/486 377/484/484 378/487/487
f 389/486/486 378/487/487 388/488/488
f 388/488/488 378/487/487 387/489/489
f 387/489/489 378/487/487 379/490/490
f 387/489/489 379/490/490 386/491/491
f 386/491/491 379/490/490 385/492/492
f 385/492/492 379/490/490 380/493/493
f 385/492/492 380/493/493 384/494/494
f 384/494/494 380/493/493 383/495/495
f 383/495/495 380/493/493 381/496/496
f 383/495/495 381/496/496 382/497/497
f 362/462/462 363/498/498 374/464/464
f 374/464/464 363/498/498 364/499/499
f 374/464/464 364/499/499 365/500/500
f 365/500/500 366/501/501 374/464/464
f 374/464/464 366/501/501 367/502/502
f 374/464/464 367/502/502 368/503/503
f 368/503/503 369/504/504 374/464/464
f 374/464/464 369/504/504 370/505/505
f 374/464/464 370/505/505 371/506/506
f 371/506/506 372/507/507 374/464/464
f 374/464/464 372/507/507 373/508/508
f 374/464/464 373/508/508 254/509/509
f 254/509/509 253/510/510 374/464/464
f 254/511/263 373/512/511 2/513/264
f 2/513/264 373/512/511 615/514/512
f 2/513/264 615/514/512 3/515/513
f 3/515/513 615/514/512 9/516/514
f 9/516/514 615/514/512 614/517/515
f 9/516/514 614/517/515 10/518/516
f 10/518/516 614/517/515 613/519/517
f 10/518/516 613/519/517 11/520/518
f 11/520/518 613/519/517 612/521/519
f 11/520/518 612/521/519 12/522/520
f 12/522/520 612/521/519 611/523/521
f 12/522/520 611/523/521 13/524/522
f 13/524/522 611/523/521 610/525/523
f 13/524/522 610/525/523 14/526/524
f 14/526/524 610/525/523 609/527/525
f 14/526/524 609/527/525 15/528/526
f 15/528/526 609/527/525 608/529/527
f 15/528/526 608/529/527 16/530/528
f 16/530/528 608/529/527 607/531/529
f 16/530/528 607/531/529 17/532/530
f 17/532/530 607/531/529 606/533/531
f 17/532/530 606/533/531 18/534/532
f 18/534/532 606/533/531 605/535/533
f 18/534/532 605/535/533 19/536/534
f 19/536/534 605/535/533 604/537/535
f 19/536/534 604/537/535 20/538/536
f 20/538/536 604/537/535 603/539/537
f 20/538/536 603/539/537 21/540/538
f 21/540/538 603/539/537 602/541/539
f 21/540/538 602/541/539 22/542/540
f 22/542/540 602/541/539 601/543/541
f 22/542/540 601/543/541 23/544/542
f 23/544/542 601/543/541 600/545/543
f 23/544/542 600/545/543 24/546/544
f 24/546/544 600/545/543 599/547/545
f 24/546/544 599/547/545 25/548/546
f 25/548/546 599/547/545 598/549/547
f 25/548/546 598/549/547 26/550/548
f 26/550/548 598/549/547 597/551/549
f 26/550/548 597/551/549 27/552/550
f 27/552/550 597/551/549 596/553/551
f 27/552/550 596/553/551 28/554/552
f 28/554/552 596/553/551 595/555/553
f 28/554/552 595/555/553 29/556/554
f 29/556/554 595/555/553 594/557/555
f 29/556/554 594/557/555 30/558/556
f 30/558/556 594/557/555 593/559/557
f 30/558/556 593/559/557 31/560/558
f 31/560/558 593/559/557 592/561/559
f 31/560/558 592/561/559 32/562/560
f 32/562/560 592/561/559 591/563/561
f 32/562/560 591/563/561 33/564/562
f 33/564/562 591/563/561 590/565/563
f 33/564/562 590/565/563 34/566/564
f 34/566/564 590/565/563 35/567/565
f 35/567/565 590/565/563 589/568/566
f 35/567/565 589/568/566 36/569/567
f 36/569/567 589/568/566 588/570/568
f 36/569/567 588/570/568 37/571/569
f 37/571/569 588/570/568 587/572/570
f 37/571/569 587/572/570 38/573/571
f 38/573/571 587/572/570 586/574/572
f 38/573/571 586/574/572 39/575/573
f 39/575/573 586/574/572 585/576/574
f 39/575/573 585/576/574 40/577/575
f 40/577/575 585/576/574 584/578/576
f 40/577/575 584/578/576 41/579/577
f 41/579/577 584/578/576 583/580/578
f 41/579/577 583/580/578 42/581/579
f 42/581/579 583/580/578 582/582/580
f 42/581/579 582/582/580 43/583/581
f 43/583/581 582/582/580 581/584/582
f 43/583/581 581/584/582 44/585/583
f 44/585/583 581/584/582 580/586/584
f 44/585/583 580/586/584 45/587/585
f 45/587/585 580/586/584 579/588/586
f 45/587/585 579/588/586 46/589/587
f 46/589/587 579/588/586 578/590/588
f 46/589/587 578/590/588 47/591/589
f 47/591/589 578/590/588 577/592/590
f 47/591/589 577/592/590 48/593/591
f 48/593/591 577/592/590 576/594/592
f 48/593/591 576/594/592 49/595/593
f 49/595/593 576/594/592 575/596/594
f 49/595/593 575/596/594 50/597/595
f 50/597/595 575/596/594 574/598/596
f 50/597/595 574/598/596 51/599/597
f 51/599/597 574/598/596 573/600/598
f 51/599/597 573/600/598 52/601/599
f 52/601/599 573/600/598 572/602/600
f 52/601/599 572/602/600 53/603/601
f 53/603/601 572/602/600 571/604/602
f 53/603/601 571/604/602 54/605/603
f 54/605/603 571/604/602 570/606/604
f 54/605/603 570/606/604 55/607/605
f 55/607/605 570/606/604 569/608/606
f 55/607/605 569/608/606 56/609/607
f 56/609/607 569/608/606 568/610/608
f 56/609/607 568/610/608 57/611/609
f 57/611/609 568/610/608 567/612/610
f 57/611/609 567/612/610 58/613/611
f 58/613/611 567/612/610 566/614/612
f 58/613/611 566/614/612 59/615/613
f 59/615/613 566/614/612 565/616/614
f 59/615/613 565/616/614 60/617/615
f 60/617/615 565/616/614 564/618/616
f 60/617/615 564/618/616 61/619/617
f 61/619/617 564/618/616 563/620/618
f 61/619/617 563/620/618 62/621/619
f 62/621/619 563/620/618 562/622/620
f 62/621/619 562/622/620 63/623/621
f 63/623/621 562/622/620 561/624/622
f 63/623/621 561/624/622 64/625/623
f 64/625/623 561/624/622 560/626/624
f 64/625/623 560/626/624 65/627/625
f 65/627/625 560/626/624 559/628/626
f 65/627/625 559/628/626 66/629/627
f 66/629/627 559/628/626 558/630/628
f 66/629/627 558/630/628 67/631/629
f 67/631/629 558/630/628 557/632/630
f 67/631/629 557/632/630 68/633/631
f 68/633/631 557/632/630 556/634/632
f 68/633/631 556/634/632 69/635/633
f 69/635/633 556/634/632 555/636/634
f 69/635/633 555/636/634 70/637/635
f 70/637/635 555/636/634 554/638/636
f 70/637/635 554/638/636 71/639/637
f 71/639/637 554/638/636 553/640/638
f 71/639/637 553/640/638 72/641/639
f 72/641/639 553/640/638 552/642/640
f 72/641/639 552/642/640 73/643/641
f 73/643/641 552/642/640 551/644/642
f 73/643/641 551/644/642 74/645/643
f 74/645/643 551/644/642 550/646/644
f 74/645/643 550/646/644 75/647/645
f 75/647/645 550/646/644 549/648/646
f 75/647/645 549/648/646 76/649/647
f 76/649/647 549/648/646 548/650/648
f 76/649/647 548/650/648 77/651/649
f 77/651/649 548/650/648 547/652/650
f 77/651/649 547/652/650 78/653/651
f 78/653/651 547/652/650 546/654/652
f 78/653/651 546/654/652 79/655/653
f 79/655/653 546/654/652 545/656/654
f 79/655/653 545/656/654 80/657/655
f 80/657/655 545/656/654 544/658/656
f 80/657/655 544/658/656 81/659/657
f 81/659/657 544/658/656 543/660/658
f 81/659/657 543/660/658 82/661/659
f 82/661/659 543/660/658 542/662/660
f 82/661/659 542/662/660 83/663/661
f 83/663/661 542/662/660 541/664/662
f 83/663/661 541/664/662 84/665/663
f 84/665/663 541/664/662 540/666/664
f 84/665/663 540/666/664 85/667/665
f 85/667/665 540/666/664 539/668/666
f 85/667/665 539/668/666 86/669/667
f 86/669/667 539/668/666 538/670/668
f 86/669/667 538/670/668 87/671/669
f 87/671/669 538/670/668 537/672/670
f 87/671/669 537/672/670 88/673/671
f 88/673/671 537/672/670 536/674/672
f 88/673/671 536/674/672 89/675/673
f 89/675/673 536/674/672 535/676/674
f 89/675/673 535/676/674 90/677/675
f 90/677/675 535/676/674 534/678/676
f 90/677/675 534/678/676 91/679/677
f 91/679/677 534/678/676 533/680/678
f 91/679/677 533/680/678 92/681/679
f 92/681/679 533/680/678 532/682/680
f 92/681/679 532/682/680 93/683/681
f 93/683/681 532/682/680 531/684/682
f 93/683/681 531/684/682 94/685/683
f 94/685/683 531/684/682 530/686/684
f 94/685/683 530/686/684 95/687/685
f 95/687/685 530/686/684 529/688/686
f 95/687/685 529/688/686 96/689/687
f 96/689/687 529/688/686 528/690/688
f 96/689/687 528/690/688 97/691/689
f 97/691/689 528/690/688 527/692/690
f 97/691/689 527/692/690 98/693/691
f 98/693/691 527/692/690 526/694/692
f 98/693/691 526/694/692 99/695/693
f 99/695/693 526/694/692 525/696/694
f 99/695/693 525/696/694 100/697/695
f 100/697/695 525/696/694 524/698/696
f 100/697/695 524/698/696 101/699/697
f 101/699/697 524/698/696 523/700/698
f 101/699/697 523/700/698 102/701/699
f 102/701/699 523/700/698 522/702/700
f 102/701/699 522/702/700 103/703/701
f 103/703/701 522/702/700 521/704/702
f 103/703/701 521/704/702 104/705/703
f 104/705/703 521/704/702 520/706/704
f 104/705/703 520/706/704 105/707/705
f 105/707/705 520/706/704 519/708/706
f 105/707/705 519/708/706 106/709/707
f 106/709/707 519/708/706 518/710/708
f 106/709/707 518/710/708 107/711/709
f 107/711/709 518/710/708 517/712/710
f 107/711/709 517/712/710 108/713/711
f 108/713/711 517/712/710 516/714/712
f 108/713/711 516/714/712 109/715/713
f 109/715/713 516/714/712 515/716/714
f 109/715/713 515/716/714 110/717/715
f 110/717/715 515/716/714 514/718/716
f 110/717/715 514/718/716 111/719/717
f 111/719/717 514/718/716 513/720/718
f 111/719/717 513/720/718 112/721/719
f 112/721/719 513/720/718 512/722/720
f 112/721/719 512/722/720 113/723/721
f 113/723/721 512/722/720 511/724/722
f 113/723/721 511/724/722 114/725/723
f 114/725/723 511/724/722 510/726/724
f 114/725/723 510/726/724 115/727/725
f 115/727/725 510/726/724 509/728/726
f 115/727/725 509/728/726 116/729/727
f 116/729/727 509/728/726 508/730/728
f 116/729/727 508/730/728 117/731/729
f 117/731/729 508/730/728 507/732/730
f 117/731/729 507/732/730 118/733/731
f 118/733/731 507/732/730 506/734/732
f 118/733/731 506/734/732 119/735/733
f 119/735/733 506/734/732 505/736/734
f 119/735/733 505/736/734 120/737/735
f 120/737/735 505/736/734 504/738/736
f 120/737/735 504/738/736 503/739/737
f 503/739/737 504/738/736 261/740/738
f 503/739/737 261/740/738 260/741/739
f 615/514/512 373/512/511 614/517/515
f 614/517/515 373/512/511 372/742/740
f 614/517/515 372/742/740 371/743/741
f 614/517/515 371/743/741 613/519/517
f 613/519/517 371/743/741 370/744/742
f 613/519/517 370/744/742 612/521/519
f 612/521/519 370/744/742 369/745/743
f 612/521/519 369/745/743 611/523/521
f 611/523/521 369/745/743 368/746/744
f 611/523/521 368/746/744 610/525/523
f 610/525/523 368/746/744 367/747/745
f 610/525/523 367/747/745 609/527/525
f 609/527/525 367/747/745 366/748/746
f 609/527/525 366/748/746 608/529/527
f 608/529/527 366/748/746 365/749/747
f 608/529/527 365/749/747 607/531/529
f 607/531/529 365/749/747 364/750/748
f 607/531/529 364/750/748 606/533/531
f 606/533/531 364/750/748 363/751/749
f 606/533/531 363/751/749 605/535/533
f 605/535/533 363/751/749 604/537/535
f 363/751/749 362/752/750 604/537/535
f 604/537/535 362/752/750 603/539/537
f 362/752/750 361/753/751 603/539/537
f 603/539/537 361/753/751 602/541/539
f 361/753/751 360/754/752 602/541/539
f 602/541/539 360/754/752 601/543/541
f 360/754/752 359/755/753 601/543/541
f 601/543/541 359/755/753 600/545/543
f 359/755/753 358/756/754 600/545/543
f 600/545/543 358/756/754 599/547/545
f 358/756/754 357/757/755 599/547/545
f 599/547/545 357/757/755 598/549/547
f 357/757/755 356/758/756 598/549/547
f 598/549/547 356/758/756 597/551/549
f 356/758/756 355/759/757 597/551/549
f 597/551/549 355/759/757 596/553/551
f 355/759/757 354/760/758 596/553/551
f 596/553/551 354/760/758 595/555/553
f 354/760/758 353/761/759 595/555/553
f 595/555/553 353/761/759 594/557/555
f 353/761/759 352/762/760 594/557/555
f 594/557/555 352/762/760 593/559/557
f 352/762/760 351/763/761 593/559/557
f 593/559/557 351/763/761 592/561/559
f 351/763/761 350/764/762 592/561/559
f 592/561/559 350/764/762 591/563/561
f 350/764/762 349/765/763 591/563/561
f 591/563/561 349/765/763 590/565/563
f 349/765/763 348/766/764 590/565/563
f 590/565/563 348/766/764 347/767/765
f 590/565/563 347/767/765 589/568/566
f 589/568/566 347/767/765 346/768/766
f 589/568/566 346/768/766 588/570/568
f 588/570/568 346/768/766 345/769/767
f 588/570/568 345/769/767 587/572/570
f 587/572/570 345/769/767 344/770/768
f 587/572/570 344/770/768 586/574/572
f 586/574/572 344/770/768 343/771/769
f 586/574/572 343/771/769 585/576/574
f 585/576/574 343/771/769 342/772/770
f 585/576/574 342/772/770 584/578/576
f 584/578/576 342/772/770 341/773/771
f 584/578/576 341/773/771 583/580/578
f 583/580/578 341/773/771 340/774/772
f 583/580/578 340/774/772 582/582/580
f 582/582/580 340/774/772 339/775/773
f 582/582/580 339/775/773 581/584/582
f 581/584/582 339/775/773 338/776/774
f 581/584/582 338/776/774 580/586/584
f 580/586/584 338/776/774 337/777/775
f 580/586/584 337/777/775 579/588/586
f 579/588/586 337/777/775 336/778/776
f 579/588/586 336/778/776 578/590/588
f 578/590/588 336/778/776 335/779/777
f 578/590/588 335/779/777 577/592/590
f 577/592/590 335/779/777 334/780/778
f 577/592/590 334/780/778 576/594/592
f 576/594/592 334/780/778 333/781/779
f 576/594/592 333/781/779 575/596/594
f 575/596/594 333/781/779 332/782/780
f 575/596/594 332/782/780 574/598/596
f 574/598/596 332/782/780 331/783/781
f 574/598/596 331/783/781 573/600/598
f 573/600/598 331/783/781 330/784/782
f 573/600/598 330/784/782 572/602/600
f 572/602/600 330/784/782 329/785/783
f 572/602/600 329/785/783 571/604/602
f 571/604/602 329/785/783 328/786/784
f 571/604/602 328/786/784 570/606/604
f 570/606/604 328/786/784 327/787/785
f 570/606/604 327/787/785 569/608/606
f 569/608/606 327/787/785 326/788/786
f 569/608/606 326/788/786 568/610/608
f 568/610/608 326/788/786 325/789/787
f 568/610/608 325/789/787 567/612/610
f 567/612/610 325/789/787 324/790/788
f 567/612/610 324/790/788 566/614/612
f 566/614/612 324/790/788 323/791/789
f 566/614/612 323/791/789 565/616/614
f 565/616/614 323/791/789 322/792/790
f 565/616/614 322/792/790 564/618/616
f 564/618/616 322/792/790 321/793/791
f 564/618/616 321/793/791 563/620/618
f 563/620/618 321/793/791 320/794/792
f 563/620/618 320/794/792 562/622/620
f 562/622/620 320/794/792 319/795/793
f 562/622/620 319/795/793 561/624/622
f 561/624/622 319/795/793 318/796/794
f 561/624/622 318/796/794 560/626/624
f 560/626/624 318/796/794 317/797/795
f 560/626/624 317/797/795 559/628/626
f 559/628/626 317/797/795 316/798/796
f 559/628/626 316/798/796 558/630/628
f 558/630/628 316/798/796 315/799/797
f 558/630/628 315/799/797 557/632/630
f 557/632/630 315/799/797 314/800/798
f 557/632/630 314/800/798 556/634/632
f 556/634/632 314/800/798 313/801/799
f 556/634/632 313/801/799 555/636/634
f 555/636/634 313/801/799 312/802/800
f 555/636/634 312/802/800 554/638/636
f 554/638/636 312/802/800 311/803/801
f 554/638/636 311/803/801 553/640/638
f 553/640/638 311/803/801 310/804/802
f 553/640/638 310/804/802 552/642/640
f 552/642/640 310/804/802 309/805/803
f 552/642/640 309/805/803 551/644/642
f 551/644/642 309/805/803 308/806/804
f 551/644/642 308/806/804 550/646/644
f 550/646/644 308/806/804 307/807/805
f 550/646/644 307/807/805 549/648/646
f 549/648/646 307/807/805 306/808/806
f 549/648/646 306/808/806 548/650/648
f 548/650/648 306/808/806 305/809/807
f 548/650/648 305/809/807 547/652/650
f 547/652/650 305/809/807 304/810/808
f 547/652/650 304/810/808 546/654/652
f 546/654/652 304/810/808 303/811/809
f 546/654/652 303/811/809 545/656/654
f 545/656/654 303/811/809 302/812/810
f 545/656/654 302/812/810 544/658/656
f 544/658/656 302/812/810 301/813/811
f 544/658/656 301/813/811 543/660/658
f 543/660/658 301/813/811 300/814/812
f 543/660/658 300/814/812 542/662/660
f 542/662/660 300/814/812 299/815/813
f 542/662/660 299/815/813 541/664/662
f 541/664/662 299/815/813 298/816/814
f 541/664/662 298/816/814 540/666/664
f 540/666/664 298/816/814 297/817/815
f 540/666/664 297/817/815 539/668/666
f 539/668/666 297/817/815 296/818/816
f 539/668/666 296/818/816 538/670/668
f 538/670/668 296/818/816 295/819/817
f 538/670/668 295/819/817 537/672/670
f 537/672/670 295/819/817 294/820/818
f 537/672/670 294/820/818 536/674/672
f 536/674/672 294/820/818 293/821/819
f 536/674/672 293/821/819 535/676/674
f 535/676/674 293/821/819 292/822/820
f 535/676/674 292/822/820 534/678/676
f 534/678/676 292/822/820 291/823/821
f 534/678/676 291/823/821 533/680/678
f 533/680/678 291/823/821 290/824/822
f 533/680/678 290/824/822 532/682/680
f 532/682/680 290/824/822 289/825/823
f 532/682/680 289/825/823 531/684/682
f 531/684/682 289/825/823 288/826/824
f 531/684/682 288/826/824 530/686/684
f 530/686/684 288/826/824 287/827/825
f 530/686/684 287/827/825 529/688/686
f 529/688/686 287/827/825 286/828/826
f 529/688/686 286/828/826 528/690/688
f 528/690/688 286/828/826 285/829/827
f 528/690/688 285/829/827 527/692/690
f 527/692/690 285/829/827 284/830/828
f 527/692/690 284/830/828 526/694/692
f 526/694/692 284/830/828 283/831/829
f 526/694/692 283/831/829 525/696/694
f 525/696/694 283/831/829 282/832/830
f 525/696/694 282/832/830 524/698/696
f 524/698/696 282/832/830 281/833/831
f 524/698/696 281/833/831 523/700/698
f 523/700/698 281/833/831 280/834/832
f 523/700/698 280/834/832 522/702/700
f 522/702/700 280/834/832 279/835/833
f 522/702/700 279/835/833 521/704/702
f 521/704/702 279/835/833 278/836/834
f 521/704/702 278/836/834 520/706/704
f 520/706/704 278/836/834 277/837/835
f 520/706/704 277/837/835 519/708/706
f 519/708/706 277/837/835 276/838/836
f 519/708/706 276/838/836 518/710/708
f 518/710/708 276/838/836 275/839/837
f 518/710/708 275/839/837 517/712/710
f 517/712/710 275/839/837 274/840/838
f 517/712/710 274/840/838 516/714/712
f 516/714/712 274/840/838 273/841/839
f 516/714/712 273/841/839 515/716/714
f 515/716/714 273/841/839 272/842/840
f 515/716/714 272/842/840 514/718/716
f 514/718/716 272/842/840 271/843/841
f 514/718/716 271/843/841 513/720/718
f 513/720/718 271/843/841 270/844/842
f 513/720/718 270/844/842 512/722/720
f 512/722/720 270/844/842 269/845/843
f 512/722/720 269/845/843 511/724/722
f 511/724/722 269/845/843 268/846/844
f 511/724/722 268/846/844 510/726/724
f 510/726/724 268/846/844 267/847/845
f 510/726/724 267/847/845 509/728/726
f 509/728/726 267/847/845 266/848/846
f 509/728/726 266/848/846 508/730/728
f 508/730/728 266/848/846 265/849/847
f 508/730/728 265/849/847 507/732/730
f 507/732/730 265/849/847 264/850/848
f 507/732/730 264/850/848 506/734/732
f 506/734/732 264/850/848 263/851/849
f 506/734/732 263/851/849 505/736/734
f 505/736/734 263/851/849 262/852/850
f 505/736/734 262/852/850 504/738/736
f 504/738/736 262/852/850 261/740/738
f 503/739/737 260/741/739 502/853/851
f 502/853/851 260/741/739 259/854/852
f 502/853/851 259/854/852 501/855/853
f 501/855/853 259/854/852 258/856/854
f 501/855/853 258/856/854 500/857/855
f 500/857/855 258/856/854 257/858/856
f 500/857/855 257/858/856 499/859/857
f 499/859/857 257/858/856 256/860/858
f 499/859/857 256/860/858 498/861/859
f 498/861/859 256/860/858 255/862/860
f 498/861/859 255/862/860 497/863/861
f 497/863/861 255/862/860 251/864/255
f 497/863/861 251/864/255 1/865/257
f 1/865/257 4/866/862 497/863/861
f 497/863/861 4/866/862 127/867/863
f 497/863/861 127/867/863 126/868/864
f 497/863/861 126/868/864 498/861/859
f 498/861/859 126/868/864 125/869/865
f 498/861/859 125/869/865 499/859/857
f 499/859/857 125/869/865 124/870/866
f 499/859/857 124/870/866 500/857/855
f 500/857/855 124/870/866 123/871/867
f 500/857/855 123/871/867 501/855/853
f 501/855/853 123/871/867 122/872/868
f 501/855/853 122/872/868 502/853/851
f 502/853/851 122/872/868 121/873/869
f 502/853/851 121/873/869 503/739/737
f 503/739/737 121/873/869 120/737/735
f 252/874/870 496/875/871 6/876/872
f 6/876/872 496/875/871 128/877/873
f 6/876/872 128/877/873 250/878/874
f 6/876/872 250/878/874 7/879/875
f 7/879/875 250/878/874 374/880/876
f 7/879/875 374/880/876 253/881/877
f 129/882/878 128/883/879 616/884/880
f 616/884/880 128/883/879 496/885/881
f 616/884/880 496/885/881 495/886/882
f 495/886/882 494/887/883 616/884/880
f 616/884/880 494/887/883 617/888/884
f 616/884/880 617/888/884 129/882/878
f 129/882/878 617/888/884 130/889/885
f 130/889/885 617/888/884 618/890/886
f 130/889/885 618/890/886 131/891/887
f 131/891/887 618/890/886 619/892/888
f 131/891/887 619/892/888 132/893/889
f 132/893/889 619/892/888 620/894/890
f 132/893/889 620/894/890 133/895/891
f 133/895/891 620/894/890 621/896/892
f 133/895/891 621/896/892 134/897/893
f 134/897/893 621/896/892 622/898/894
f 134/897/893 622/898/894 135/899/895
f 135/899/895 622/898/894 623/900/896
f 135/899/895 623/900/896 136/901/897
f 136/901/897 623/900/896 624/902/898
f 136/901/897 624/902/898 137/903/899
f 137/903/899 624/902/898 625/904/900
f 137/903/899 625/904/900 138/905/901
f 138/905/901 625/904/900 626/906/902
f 138/905/901 626/906/902 139/907/903
f 139/907/903 626/906/902 627/908/904
f 139/907/903 627/908/904 140/909/905
f 140/909/905 627/908/904 628/910/906
f 140/909/905 628/910/906 141/911/907
f 141/911/907 628/910/906 629/912/908
f 141/911/907 629/912/908 142/913/909
f 142/913/909 629/912/908 630/914/910
f 142/913/909 630/914/910 143/915/911
f 143/915/911 630/914/910 631/916/912
f 143/915/911 631/916/912 144/917/913
f 144/917/913 631/916/912 632/918/914
f 144/917/913 632/918/914 145/919/915
f 145/919/915 632/918/914 633/920/916
f 145/919/915 633/920/916 146/921/917
f 146/921/917 633/920/916 634/922/918
f 146/921/917 634/922/918 147/923/919
f 147/923/919 634/922/918 635/924/920
f 147/923/919 635/924/920 148/925/921
f 148/925/921 635/924/920 636/926/922
f 148/925/921 636/926/922 149/927/923
f 149/927/923 636/926/922 637/928/924
f 149/927/923 637/928/924 150/929/925
f 150/929/925 637/928/924 638/930/926
f 150/929/925 638/930/926 151/931/927
f 151/931/927 638/930/926 639/932/928
f 151/931/927 639/932/928 152/933/929
f 152/933/929 639/932/928 640/934/930
f 152/933/929 640/934/930 153/935/931
f 153/935/931 640/934/930 641/936/932
f 153/935/931 641/936/932 154/937/933
f 154/937/933 641/936/932 642/938/934
f 154/937/933 642/938/934 155/939/935
f 155/939/935 642/938/934 643/940/936
f 155/939/935 643/940/936 156/941/937
f 156/941/937 643/940/936 644/942/938
f 156/941/937 644/942/938 157/943/939
f 157/943/939 644/942/938 645/944/940
f 157/943/939 645/944/940 158/945/941
f 158/945/941 645/944/940 646/946/942
f 158/945/941 646/946/942 159/947/943
f 159/947/943 646/946/942 647/948/944
f 159/947/943 647/948/944 160/949/945
f 160/949/945 647/948/944 648/950/946
f 160/949/945 648/950/946 161/951/947
f 161/951/947 648/950/946 649/952/948
f 161/951/947 649/952/948 162/953/949
f 162/953/949 649/952/948 650/954/950
f 162/953/949 650/954/950 163/955/951
f 163/955/951 650/954/950 651/956/952
f 163/955/951 651/956/952 164/957/953
f 164/957/953 651/956/952 652/958/954
f 164/957/953 652/958/954 165/959/955
f 165/959/955 652/958/954 653/960/956
f 165/959/955 653/960/956 166/961/957
f 166/961/957 653/960/956 654/962/958
f 166/961/957 654/962/958 167/963/959
f 167/963/959 654/962/958 655/964/960
f 167/963/959 655/964/960 168/965/961
f 168/965/961 655/964/960 656/966/962
f 168/965/961 656/966/962 169/967/963
f 169/967/963 656/966/962 657/968/964
f 169/967/963 657/968/964 170/969/965
f 170/969/965 657/968/964 658/970/966
f 170/969/965 658/970/966 171/971/967
f 171/971/967 658/970/966 659/972/968
f 171/971/967 659/972/968 172/973/969
f 172/973/969 659/972/968 660/974/970
f 172/973/969 660/974/970 173/975/971
f 173/975/971 660/974/970 661/976/972
f 173/975/971 661/976/972 174/977/973
f 174/977/973 661/976/972 662/978/974
f 174/977/973 662/978/974 175/979/975
f 175/979/975 662/978/974 663/980/976
f 175/979/975 663/980/976 176/981/977
f 176/981/977 663/980/976 664/982/978
f 176/981/977 664/982/978 177/983/979
f 177/983/979 664/982/978 665/984/980
f 177/983/979 665/984/980 178/985/981
f 178/985/981 665/984/980 666/986/982
f 178/985/981 666/986/982 179/987/983
f 179/987/983 666/986/982 667/988/984
f 179/987/983 667/988/984 180/989/985
f 180/989/985 667/988/984 668/990/986
f 180/989/985 668/990/986 181/991/987
f 181/991/987 668/990/986 669/992/988
f 181/991/987 669/992/988 182/993/989
f 182/993/989 669/992/988 670/994/990
f 182/993/989 670/994/990 183/995/991
f 183/995/991 670/994/990 671/996/992
f 183/995/991 671/996/992 184/997/993
f 184/997/993 671/996/992 672/998/994
f 184/997/993 672/998/994 185/999/995
f 185/999/995 672/998/994 673/1000/996
f 185/999/995 673/1000/996 186/1001/997
f 186/1001/997 673/1000/996 674/1002/998
f 186/1001/997 674/1002/998 187/1003/999
f 187/1003/999 674/1002/998 675/1004/1000
f 187/1003/999 675/1004/1000 188/1005/1001
f 188/1005/1001 675/1004/1000 676/1006/1002
f 188/1005/1001 676/1006/1002 189/1007/1003
f 189/1007/1003 676/1006/1002 677/1008/1004
f 189/1007/1003 677/1008/1004 190/1009/1005
f 190/1009/1005 677/1008/1004 678/1010/1006
f 190/1009/1005 678/1010/1006 191/1011/1007
f 191/1011/1007 678/1010/1006 679/1012/1008
f 191/1011/1007 679/1012/1008 192/1013/1009
f 192/1013/1009 679/1012/1008 680/1014/1010
f 192/1013/1009 680/1014/1010 193/1015/1011
f 193/1015/1011 680/1014/1010 681/1016/1012
f 193/1015/1011 681/1016/1012 194/1017/1013
f 194/1017/1013 681/1016/1012 682/1018/1014
f 194/1017/1013 682/1018/1014 195/1019/1015
f 195/1019/1015 682/1018/1014 683/1020/1016
f 195/1019/1015 683/1020/1016 196/1021/1017
f 196/1021/1017 683/1020/1016 684/1022/1018
f 196/1021/1017 684/1022/1018 197/1023/1019
f 197/1023/1019 684/1022/1018 685/1024/1020
f 197/1023/1019 685/1024/1020 198/1025/1021
f 198/1025/1021 685/1024/1020 686/1026/1022
f 198/1025/1021 686/1026/1022 199/1027/1023
f 199/1027/1023 686/1026/1022 687/1028/1024
f 199/1027/1023 687/1028/1024 200/1029/1025
f 200/1029/1025 687/1028/1024 688/1030/1026
f 200/1029/1025 688/1030/1026 201/1031/1027
f 201/1031/1027 688/1030/1026 689/1032/1028
f 201/1031/1027 689/1032/1028 202/1033/1029
f 202/1033/1029 689/1032/1028 690/1034/1030
f 202/1033/1029 690/1034/1030 203/1035/1031
f 203/1035/1031 690/1034/1030 691/1036/1032
f 203/1035/1031 691/1036/1032 204/1037/1033
f 204/1037/1033 691/1036/1032 692/1038/1034
f 204/1037/1033 692/1038/1034 205/1039/1035
f 205/1039/1035 692/1038/1034 693/1040/1036
f 205/1039/1035 693/1040/1036 206/1041/1037
f 206/1041/1037 693/1040/1036 694/1042/1038
f 206/1041/1037 694/1042/1038 207/1043/1039
f 207/1043/1039 694/1042/1038 695/1044/1040
f 207/1043/1039 695/1044/1040 208/1045/1041
f 208/1045/1041 695/1044/1040 696/1046/1042
f 208/1045/1041 696/1046/1042 209/1047/1043
f 209/1047/1043 696/1046/1042 697/1048/1044
f 209/1047/1043 697/1048/1044 210/1049/1045
f 210/1049/1045 697/1048/1044 698/1050/1046
f 210/1049/1045 698/1050/1046 211/1051/1047
f 211/1051/1047 698/1050/1046 699/1052/1048
f 211/1051/1047 699/1052/1048 212/1053/1049
f 212/1053/1049 699/1052/1048 700/1054/1050
f 212/1053/1049 700/1054/1050 213/1055/1051
f 213/1055/1051 700/1054/1050 701/1056/1052
f 213/1055/1051 701/1056/1052 214/1057/1053
f 214/1057/1053 701/1056/1052 702/1058/1054
f 214/1057/1053 702/1058/1054 215/1059/1055
f 215/1059/1055 702/1058/1054 703/1060/1056
f 215/1059/1055 703/1060/1056 216/1061/1057
f 216/1061/1057 703/1060/1056 704/1062/1058
f 216/1061/1057 704/1062/1058 217/1063/1059
f 217/1063/1059 704/1062/1058 705/1064/1060
f 217/1063/1059 705/1064/1060 218/1065/1061
f 218/1065/1061 705/1064/1060 706/1066/1062
f 218/1065/1061 706/1066/1062 219/1067/1063
f 219/1067/1063 706/1066/1062 707/1068/1064
f 219/1067/1063 707/1068/1064 220/1069/1065
f 220/1069/1065 707/1068/1064 708/1070/1066
f 220/1069/1065 708/1070/1066 221/1071/1067
f 221/1071/1067 708/1070/1066 709/1072/1068
f 221/1071/1067 709/1072/1068 222/1073/1069
f 222/1073/1069 709/1072/1068 710/1074/1070
f 222/1073/1069 710/1074/1070 223/1075/1071
f 223/1075/1071 710/1074/1070 711/1076/1072
f 223/1075/1071 711/1076/1072 224/1077/1073
f 224/1077/1073 711/1076/1072 712/1078/1074
f 224/1077/1073 712/1078/1074 225/1079/1075
f 225/1079/1075 712/1078/1074 713/1080/1076
f 225/1079/1075 713/1080/1076 226/1081/1077
f 226/1081/1077 713/1080/1076 714/1082/1078
f 226/1081/1077 714/1082/1078 227/1083/1079
f 227/1083/1079 714/1082/1078 715/1084/1080
f 227/1083/1079 715/1084/1080 228/1085/1081
f 228/1085/1081 715/1084/1080 716/1086/1082
f 228/1085/1081 716/1086/1082 229/1087/1083
f 229/1087/1083 716/1086/1082 717/1088/1084
f 229/1087/1083 717/1088/1084 230/1089/1085
f 230/1089/1085 717/1088/1084 718/1090/1086
f 230/1089/1085 718/1090/1086 231/1091/1087
f 231/1091/1087 718/1090/1086 719/1092/1088
f 231/1091/1087 719/1092/1088 232/1093/1089
f 232/1093/1089 719/1092/1088 720/1094/1090
f 232/1093/1089 720/1094/1090 233/1095/1091
f 233/1095/1091 720/1094/1090 721/1096/1092
f 233/1095/1091 721/1096/1092 234/1097/1093
f 234/1097/1093 721/1096/1092 722/1098/1094
f 234/1097/1093 722/1098/1094 235/1099/1095
f 235/1099/1095 722/1098/1094 236/1100/1096
f 236/1100/1096 722/1098/1094 723/1101/1097
f 236/1100/1096 723/1101/1097 237/1102/1098
f 237/1102/1098 723/1101/1097 724/1103/1099
f 237/1102/1098 724/1103/1099 238/1104/1100
f 238/1104/1100 724/1103/1099 725/1105/1101
f 238/1104/1100 725/1105/1101 239/1106/1102
f 239/1106/1102 725/1105/1101 726/1107/1103
f 239/1106/1102 726/1107/1103 240/1108/1104
f 240/1108/1104 726/1107/1103 727/1109/1105
f 240/1108/1104 727/1109/1105 241/1110/1106
f 241/1110/1106 727/1109/1105 728/1111/1107
f 241/1110/1106 728/1111/1107 242/1112/1108
f 242/1112/1108 728/1111/1107 729/1113/1109
f 242/1112/1108 729/1113/1109 243/1114/1110
f 243/1114/1110 729/1113/1109 730/1115/1111
f 243/1114/1110 730/1115/1111 244/1116/1112
f 244/1116/1112 730/1115/1111 731/1117/1113
f 244/1116/1112 731/1117/1113 245/1118/1114
f 245/1118/1114 731/1117/1113 732/1119/1115
f 245/1118/1114 732/1119/1115 246/1120/1116
f 246/1120/1116 732/1119/1115 733/1121/1117
f 246/1120/1116 733/1121/1117 247/1122/1118
f 247/1122/1118 733/1121/1117 734/1123/1119
f 247/1122/1118 734/1123/1119 248/1124/1120
f 248/1124/1120 734/1123/1119 735/1125/1121
f 248/1124/1120 735/1125/1121 249/1126/1122
f 249/1126/1122 735/1125/1121 736/1127/1123
f 249/1126/1122 736/1127/1123 250/1128/1124
f 250/1128/1124 736/1127/1123 374/1129/1125
f 374/1129/1125 736/1127/1123 375/1130/1126
f 375/1130/1126 736/1127/1123 735/1125/1121
f 375/1130/1126 735/1125/1121 376/1131/1127
f 376/1131/1127 735/1125/1121 734/1123/1119
f 376/1131/1127 734/1123/1119 377/1132/1128
f 377/1132/1128 734/1123/1119 733/1121/1117
f 377/1132/1128 733/1121/1117 378/1133/1129
f 378/1133/1129 733/1121/1117 732/1119/1115
f 378/1133/1129 732/1119/1115 379/1134/1130
f 379/1134/1130 732/1119/1115 731/1117/1113
f 379/1134/1130 731/1117/1113 380/1135/1131
f 380/1135/1131 731/1117/1113 730/1115/1111
f 380/1135/1131 730/1115/1111 381/1136/1132
f 381/1136/1132 730/1115/1111 729/1113/1109
f 381/1136/1132 729/1113/1109 382/1137/1133
f 382/1137/1133 729/1113/1109 728/1111/1107
f 382/1137/1133 728/1111/1107 383/1138/1134
f 383/1138/1134 728/1111/1107 727/1109/1105
f 383/1138/1134 727/1109/1105 384/1139/1135
f 384/1139/1135 727/1109/1105 726/1107/1103
f 384/1139/1135 726/1107/1103 385/1140/1136
f 385/1140/1136 726/1107/1103 725/1105/1101
f 385/1140/1136 725/1105/1101 386/1141/1137
f 386/1141/1137 725/1105/1101 724/1103/1099
f 386/1141/1137 724/1103/1099 387/1142/1138
f 387/1142/1138 724/1103/1099 723/1101/1097
f 387/1142/1138 723/1101/1097 388/1143/1139
f 388/1143/1139 723/1101/1097 722/1098/1094
f 388/1143/1139 722/1098/1094 389/1144/1140
f 389/1144/1140 722/1098/1094 390/1145/1141
f 390/1145/1141 722/1098/1094 721/1096/1092
f 390/1145/1141 721/1096/1092 391/1146/1142
f 391/1146/1142 721/1096/1092 720/1094/1090
f 391/1146/1142 720/1094/1090 392/1147/1143
f 392/1147/1143 720/1094/1090 719/1092/1088
f 392/1147/1143 719/1092/1088 393/1148/1144
f 393/1148/1144 719/1092/1088 718/1090/1086
f 393/1148/1144 718/1090/1086 394/1149/1145
f 394/1149/1145 718/1090/1086 717/1088/1084
f 394/1149/1145 717/1088/1084 395/1150/1146
f 395/1150/1146 717/1088/1084 716/1086/1082
f 395/1150/1146 716/1086/1082 396/1151/1147
f 396/1151/1147 716/1086/1082 715/1084/1080
f 396/1151/1147 715/1084/1080 397/1152/1148
f 397/1152/1148 715/1084/1080 714/1082/1078
f 397/1152/1148 714/1082/1078 398/1153/1149
f 398/1153/1149 714/1082/1078 713/1080/1076
f 398/1153/1149 713/1080/1076 399/1154/1150
f 399/1154/1150 713/1080/1076 712/1078/1074
f 399/1154/1150 712/1078/1074 400/1155/1151
f 400/1155/1151 712/1078/1074 711/1076/1072
f 400/1155/1151 711/1076/1072 401/1156/1152
f 401/1156/1152 711/1076/1072 710/1074/1070
f 401/1156/1152 710/1074/1070 402/1157/1153
f 402/1157/1153 710/1074/1070 709/1072/1068
f 402/1157/1153 709/1072/1068 403/1158/1154
f 403/1158/1154 709/1072/1068 708/1070/1066
f 403/1158/1154 708/1070/1066 404/1159/1155
f 404/1159/1155 708/1070/1066 707/1068/1064
f 404/1159/1155 707/1068/1064 405/1160/1156
f 405/1160/1156 707/1068/1064 706/1066/1062
f 405/1160/1156 706/1066/1062 406/1161/1157
f 406/1161/1157 706/1066/1062 705/1064/1060
f 406/1161/1157 705/1064/1060 407/1162/1158
f 407/1162/1158 705/1064/1060 704/1062/1058
f 407/1162/1158 704/1062/1058 408/1163/1159
f 408/1163/1159 704/1062/1058 703/1060/1056
f 408/1163/1159 703/1060/1056 409/1164/1160
f 409/1164/1160 703/1060/1056 702/1058/1054
f 409/1164/1160 702/1058/1054 410/1165/1161
f 410/1165/1161 702/1058/1054 701/1056/1052
f 410/1165/1161 701/1056/1052 411/1166/1162
f 411/1166/1162 701/1056/1052 700/1054/1050
f 411/1166/1162 700/1054/1050 412/1167/1163
f 412/1167/1163 700/1054/1050 699/1052/1048
f 412/1167/1163 699/1052/1048 413/1168/1164
f 413/1168/1164 699/1052/1048 698/1050/1046
f 413/1168/1164 698/1050/1046 414/1169/1165
f 414/1169/1165 698/1050/1046 697/1048/1044
f 414/1169/1165 697/1048/1044 415/1170/1166
f 415/1170/1166 697/1048/1044 696/1046/1042
f 415/1170/1166 696/1046/1042 416/1171/1167
f 416/1171/1167 696/1046/1042 695/1044/1040
f 416/1171/1167 695/1044/1040 417/1172/1168
f 417/1172/1168 695/1044/1040 694/1042/1038
f 417/1172/1168 694/1042/1038 418/1173/1169
f 418/1173/1169 694/1042/1038 693/1040/1036
f 418/1173/1169 693/1040/1036 419/1174/1170
f 419/1174/1170 693/1040/1036 692/1038/1034
f 419/1174/1170 692/1038/1034 420/1175/1171
f 420/1175/1171 692/1038/1034 691/1036/1032
f 420/1175/1171 691/1036/1032 421/1176/1172
f 421/1176/1172 691/1036/1032 690/1034/1030
f 421/1176/1172 690/1034/1030 422/1177/1173
f 422/1177/1173 690/1034/1030 689/1032/1028
f 422/1177/1173 689/1032/1028 423/1178/1174
f 423/1178/1174 689/1032/1028 688/1030/1026
f 423/1178/1174 688/1030/1026 424/1179/1175
f 424/1179/1175 688/1030/1026 687/1028/1024
f 424/1179/1175 687/1028/1024 425/1180/1176
f 425/1180/1176 687/1028/1024 686/1026/1022
f 425/1180/1176 686/1026/1022 426/1181/1177
f 426/1181/1177 686/1026/1022 685/1024/1020
f 426/1181/1177 685/1024/1020 427/1182/1178
f 427/1182/1178 685/1024/1020 684/1022/1018
f 427/1182/1178 684/1022/1018 428/1183/1179
f 428/1183/1179 684/1022/1018 683/1020/1016
f 428/1183/1179 683/1020/1016 429/1184/1180
f 429/1184/1180 683/1020/1016 682/1018/1014
f 429/1184/1180 682/1018/1014 430/1185/1181
f 430/1185/1181 682/1018/1014 681/1016/1012
f 430/1185/1181 681/1016/1012 431/1186/1182
f 431/1186/1182 681/1016/1012 680/1014/1010
f 431/1186/1182 680/1014/1010 432/1187/1183
f 432/1187/1183 680/1014/1010 679/1012/1008
f 432/1187/1183 679/1012/1008 433/1188/1184
f 433/1188/1184 679/1012/1008 678/1010/1006
f 433/1188/1184 678/1010/1006 434/1189/1185
f 434/1189/1185 678/1010/1006 677/1008/1004
f 434/1189/1185 677/1008/1004 435/1190/1186
f 435/1190/1186 677/1008/1004 676/1006/1002
f 435/1190/1186 676/1006/1002 436/1191/1187
f 436/1191/1187 676/1006/1002 675/1004/1000
f 436/1191/1187 675/1004/1000 437/1192/1188
f 437/1192/1188 675/1004/1000 674/1002/998
f 437/1192/1188 674/1002/998 438/1193/1189
f 438/1193/1189 674/1002/998 673/1000/996
f 438/1193/1189 673/1000/996 439/1194/1190
f 439/1194/1190 673/1000/996 672/998/994
f 439/1194/1190 672/998/994 440/1195/1191
f 440/1195/1191 672/998/994 671/996/992
f 440/1195/1191 671/996/992 441/1196/1192
f 441/1196/1192 671/996/992 670/994/990
f 441/1196/1192 670/994/990 442/1197/1193
f 442/1197/1193 670/994/990 669/992/988
f 442/1197/1193 669/992/988 443/1198/1194
f 443/1198/1194 669/992/988 668/990/986
f 443/1198/1194 668/990/986 444/1199/1195
f 444/1199/1195 668/990/986 667/988/984
f 444/1199/1195 667/988/984 445/1200/1196
f 445/1200/1196 667/988/984 666/986/982
f 445/1200/1196 666/986/982 446/1201/1197
f 446/1201/1197 666/986/982 665/984/980
f 446/1201/1197 665/984/980 447/1202/1198
f 447/1202/1198 665/984/980 664/982/978
f 447/1202/1198 664/982/978 448/1203/1199
f 448/1203/1199 664/982/978 663/980/976
f 448/1203/1199 663/980/976 449/1204/1200
f 449/1204/1200 663/980/976 662/978/974
f 449/1204/1200 662/978/974 450/1205/1201
f 450/1205/1201 662/978/974 661/976/972
f 450/1205/1201 661/976/972 451/1206/1202
f 451/1206/1202 661/976/972 660/974/970
f 451/1206/1202 660/974/970 452/1207/1203
f 452/1207/1203 660/974/970 659/972/968
f 452/1207/1203 659/972/968 453/1208/1204
f 453/1208/1204 659/972/968 658/970/966
f 453/1208/1204 658/970/966 454/1209/1205
f 454/1209/1205 658/970/966 657/968/964
f 454/1209/1205 657/968/964 455/1210/1206
f 455/1210/1206 657/968/964 656/966/962
f 455/1210/1206 656/966/962 456/1211/1207
f 456/1211/1207 656/966/962 655/964/960
f 456/1211/1207 655/964/960 457/1212/1208
f 457/1212/1208 655/964/960 654/962/958
f 457/1212/1208 654/962/958 458/1213/1209
f 458/1213/1209 654/962/958 653/960/956
f 458/1213/1209 653/960/956 459/1214/1210
f 459/1214/1210 653/960/956 652/958/954
f 459/1214/1210 652/958/954 460/1215/1211
f 460/1215/1211 652/958/954 651/956/952
f 460/1215/1211 651/956/952 461/1216/1212
f 461/1216/1212 651/956/952 650/954/950
f 461/1216/1212 650/954/950 462/1217/1213
f 462/1217/1213 650/954/950 649/952/948
f 462/1217/1213 649/952/948 463/1218/1214
f 463/1218/1214 649/952/948 648/950/946
f 463/1218/1214 648/950/946 464/1219/1215
f 464/1219/1215 648/950/946 647/948/944
f 464/1219/1215 647/948/944 465/1220/1216
f 465/1220/1216 647/948/944 646/946/942
f 465/1220/1216 646/946/942 466/1221/1217
f 466/1221/1217 646/946/942 645/944/940
f 466/1221/1217 645/944/940 467/1222/1218
f 467/1222/1218 645/944/940 644/942/938
f 467/1222/1218 644/942/938 468/1223/1219
f 468/1223/1219 644/942/938 643/940/936
f 468/1223/1219 643/940/936 469/1224/1220
f 469/1224/1220 643/940/936 642/938/934
f 469/1224/1220 642/938/934 470/1225/1221
f 470/1225/1221 642/938/934 641/936/932
f 470/1225/1221 641/936/932 471/1226/1222
f 471/1226/1222 641/936/932 640/934/930
f 471/1226/1222 640/934/930 472/1227/1223
f 472/1227/1223 640/934/930 639/932/928
f 472/1227/1223 639/932/928 473/1228/1224
f 473/1228/1224 639/932/928 638/930/926
f 473/1228/1224 638/930/926 474/1229/1225
f 474/1229/1225 638/930/926 637/928/924
f 474/1229/1225 637/928/924 475/1230/1226
f 475/1230/1226 637/928/924 636/926/922
f 475/1230/1226 636/926/922 476/1231/1227
f 476/1231/1227 636/926/922 635/924/920
f 476/1231/1227 635/924/920 477/1232/1228
f 477/1232/1228 635/924/920 634/922/918
f 477/1232/1228 634/922/918 478/1233/1229
f 478/1233/1229 634/922/918 633/920/916
f 478/1233/1229 633/920/916 479/1234/1230
f 479/1234/1230 633/920/916 632/918/914
f 479/1234/1230 632/918/914 480/1235/1231
f 480/1235/1231 632/918/914 631/916/912
f 480/1235/1231 631/916/912 481/1236/1232
f 481/1236/1232 631/916/912 630/914/910
f 481/1236/1232 630/914/910 482/1237/1233
f 482/1237/1233 630/914/910 629/912/908
f 482/1237/1233 629/912/908 483/1238/1234
f 483/1238/1234 629/912/908 628/910/906
f 483/1238/1234 628/910/906 484/1239/1235
f 484/1239/1235 628/910/906 627/908/904
f 484/1239/1235 627/908/904 485/1240/1236
f 485/1240/1236 627/908/904 626/906/902
f 485/1240/1236 626/906/902 486/1241/1237
f 486/1241/1237 626/906/902 625/904/900
f 486/1241/1237 625/904/900 487/1242/1238
f 487/1242/1238 625/904/900 624/902/898
f 487/1242/1238 624/902/898 488/1243/1239
f 488/1243/1239 624/902/898 623/900/896
f 488/1243/1239 623/900/896 489/1244/1240
f 489/1244/1240 623/900/896 622/898/894
f 489/1244/1240 622/898/894 621/896/892
f 494/887/883 493/1245/1241 617/888/884
f 617/888/884 493/1245/1241 618/890/886
f 493/1245/1241 492/1246/1242 618/890/886
f 618/890/886 492/1246/1242 619/892/888
f 492/1246/1242 491/1247/1243 619/892/888
f 619/892/888 491/1247/1243 620/894/890
f 491/1247/1243 490/1248/1244 620/894/890
f 620/894/890 490/1248/1244 621/896/892
f 490/1248/1244 489/1244/1240 621/896/892
# 736 vertices
# 1248 texture params
# 1244 normals
# 1472 facets

# 1 groups
