# WaveFront *.obj file (generated by Autodesk ATF)

mtllib PCB TP_4056.mtl

g PCB TP_4056

v -58.599987 -6.921500 10.681934
v -58.599987 -6.789750 10.413431
v -58.599987 -6.790817 10.398318
v -58.599987 -6.792443 10.384145
v -58.599987 -6.789318 10.429280
v -58.599987 -6.794551 10.370759
v -58.599987 -6.889928 10.658058
v -58.599987 -6.879463 10.648685
v -58.599987 -6.869938 10.639415
v -58.599987 -6.797116 10.358084
v -58.599987 -6.861226 10.630169
v -58.599987 -6.800088 10.346019
v -58.599987 -6.853224 10.620923
v -58.599987 -6.803441 10.334488
v -58.599987 -6.845859 10.611652
v -58.599987 -6.923532 10.683255
v -58.599987 -7.551750 10.208884
v -58.599987 -7.561707 10.217952
v -58.599987 -6.807200 10.323413
v -58.599987 -6.839102 10.602331
v -58.599987 -7.570800 10.226944
v -58.599987 -6.811315 10.312771
v -58.599987 -6.832828 10.592907
v -58.599987 -7.579106 10.235935
v -58.599987 -6.815785 10.302484
v -58.599987 -6.827063 10.583382
v -58.599987 -7.586726 10.244902
v -58.599987 -6.820637 10.292501
v -58.599987 -6.821754 10.573705
v -58.599987 -7.593787 10.253944
v -58.599987 -6.922618 10.181808
v -58.599987 -6.933997 10.174722
v -58.599987 -6.789522 10.445181
v -58.599987 -6.816852 10.563850
v -58.599987 -7.647864 10.434081
v -58.599987 -7.011391 10.724708
v -58.599987 -6.993534 10.718383
v -58.599987 -7.600289 10.263088
v -58.599987 -6.946062 10.167889
v -58.599987 -6.825869 10.282798
v -58.599987 -6.812356 10.553791
v -58.599987 -6.977177 10.711779
v -58.599987 -7.617561 10.574492
v -58.599987 -7.613549 10.582112
v -58.599987 -7.609078 10.589808
v -58.599987 -7.617156 10.291434
v -58.599987 -7.621956 10.301290
v -58.599987 -7.606335 10.272334
v -58.599987 -6.958914 10.161259
v -58.599987 -6.831483 10.273324
v -58.599987 -6.808242 10.543453
v -58.599987 -6.962165 10.704947
v -58.599987 -7.529830 10.673679
v -58.599987 -7.520788 10.680029
v -58.599987 -7.604100 10.597632
v -58.599987 -7.560412 10.648279
v -58.599987 -7.647407 10.451201
v -58.599987 -7.646289 10.467888
v -58.599987 -7.626223 10.311069
v -58.599987 -7.611948 10.281783
v -58.599987 -6.972630 10.154884
v -58.599987 -6.837502 10.264053
v -58.599987 -6.804482 10.532811
v -58.599987 -6.900265 10.666542
v -58.599987 -6.948322 10.697911
v -58.599987 -7.510704 10.686481
v -58.599987 -7.598613 10.605556
v -58.599987 -7.621092 10.567101
v -58.599987 -7.644562 10.483281
v -58.599987 -6.987337 10.148737
v -58.599987 -6.843954 10.254985
v -58.599987 -6.935470 10.690697
v -58.599987 -7.538110 10.667380
v -58.599987 -7.642327 10.497606
v -58.599987 -7.541844 10.200604
v -58.599987 -7.003161 10.142870
v -58.599987 -6.850888 10.246045
v -58.599987 -6.801129 10.521838
v -58.599987 -6.798157 10.510459
v -58.599987 -6.910603 10.674390
v -58.599987 -7.028891 10.730092
v -58.599987 -7.500112 10.692678
v -58.599987 -7.592517 10.613659
v -58.599987 -7.639634 10.511017
v -58.599987 -7.629957 10.320772
v -58.599987 -7.485228 10.164460
v -58.599987 -7.498918 10.171750
v -58.599987 -7.020230 10.137282
v -58.599987 -6.858305 10.237231
v -58.599987 -7.047966 10.735147
v -58.599987 -7.549896 10.657677
v -58.599987 -7.585736 10.621939
v -58.599987 -7.636536 10.523642
v -58.599987 -7.633411 10.330906
v -58.599987 -7.511364 10.179065
v -58.599987 -7.038746 10.132024
v -58.599987 -6.866280 10.228519
v -58.599987 -7.068845 10.739821
v -58.599987 -7.364273 10.739668
v -58.599987 -7.337247 10.744520
v -58.599987 -7.488606 10.698825
v -58.599987 -7.578192 10.630448
v -58.599987 -7.636561 10.341498
v -58.599987 -7.522236 10.186101
v -58.599987 -7.058940 10.127147
v -58.599987 -6.790309 10.459608
v -58.599987 -6.795567 10.498597
v -58.599987 -7.091782 10.744037
v -58.599987 -7.308850 10.748406
v -58.599987 -7.476058 10.704896
v -58.599987 -7.569810 10.639211
v -58.599987 -7.625004 10.557982
v -58.599987 -7.633056 10.535605
v -58.599987 -7.639380 10.352623
v -58.599987 -7.532573 10.193416
v -58.599987 -7.081012 10.122728
v -58.599987 -6.874840 10.219883
v -58.599987 -6.793382 10.486227
v -58.599987 -7.117182 10.747669
v -58.599987 -7.278903 10.751276
v -58.599987 -7.462266 10.710890
v -58.599987 -7.629220 10.547035
v -58.599987 -7.641844 10.364358
v -58.599987 -7.471689 10.157983
v -58.599987 -7.105295 10.118842
v -58.599987 -6.884035 10.211323
v -58.599987 -6.791604 10.473273
v -58.599987 -7.145401 10.750590
v -58.599987 -7.213676 10.753511
v -58.599987 -7.176973 10.752622
v -58.599987 -7.247230 10.753003
v -58.599987 -7.430236 10.722650
v -58.599987 -7.411440 10.728365
v -58.599987 -7.447103 10.716834
v -58.599987 -7.643952 10.376778
v -58.599987 -7.456830 10.151582
v -58.599987 -7.364984 10.124277
v -58.599987 -7.385151 10.128671
v -58.599987 -7.132142 10.115616
v -58.599987 -7.387920 10.734487
v -58.599987 -7.645654 10.390012
v -58.599987 -7.440447 10.145258
v -58.599987 -7.342556 10.120315
v -58.599987 -7.162013 10.113203
v -58.599987 -6.893992 10.202814
v -58.599987 -7.646924 10.404134
v -58.599987 -7.422311 10.139060
v -58.599987 -7.317384 10.116886
v -58.599987 -6.913296 10.188107
v -58.599987 -6.903720 10.195092
v -58.599987 -7.403669 10.133446
v -58.599987 -7.256195 10.112212
v -58.599987 -7.288860 10.114117
v -58.599987 -7.647660 10.419298
v -58.599987 -7.218223 10.111501
v -58.599987 -7.195414 10.111780
v -58.589979 -7.256195 10.112212
v -58.589979 -7.288860 10.114117
v -58.589979 -7.342556 10.120315
v -58.589979 -7.364984 10.124277
v -58.589979 -7.385151 10.128671
v -58.589979 -7.403669 10.133446
v -58.589979 -7.422311 10.139060
v -58.589979 -7.440447 10.145258
v -58.589979 -7.471689 10.157983
v -58.589979 -7.498918 10.171750
v -58.589979 -7.511364 10.179065
v -58.589979 -7.522236 10.186101
v -58.589979 -7.532573 10.193416
v -58.589979 -7.541844 10.200604
v -58.589979 -7.551750 10.208884
v -58.589979 -7.561707 10.217952
v -58.589979 -7.579106 10.235935
v -58.589979 -7.586726 10.244902
v -58.589979 -7.600289 10.263088
v -58.589979 -7.611948 10.281783
v -58.589979 -7.617156 10.291434
v -58.589979 -7.621956 10.301290
v -58.589979 -7.626223 10.311069
v -58.589979 -7.629957 10.320772
v -58.589979 -7.633411 10.330906
v -58.589979 -7.636561 10.341498
v -58.589979 -7.639380 10.352623
v -58.589979 -7.641844 10.364358
v -58.589979 -7.643952 10.376778
v -58.589979 -7.645654 10.390012
v -58.589979 -7.646924 10.404134
v -58.589979 -7.647660 10.419298
v -58.589979 -7.647407 10.451201
v -58.589979 -7.646289 10.467888
v -58.589979 -7.644562 10.483281
v -58.589979 -7.642327 10.497606
v -58.589979 -7.639634 10.511017
v -58.589979 -7.636536 10.523642
v -58.589979 -7.629220 10.547035
v -58.589979 -7.625004 10.557982
v -58.589979 -7.621092 10.567101
v -58.589979 -7.613549 10.582112
v -58.589979 -7.609078 10.589808
v -58.589979 -7.604100 10.597632
v -58.589979 -7.598613 10.605556
v -58.589979 -7.592517 10.613659
v -58.589979 -7.585736 10.621939
v -58.589979 -7.578192 10.630448
v -58.589979 -7.569810 10.639211
v -58.589979 -7.560412 10.648279
v -58.589979 -7.549896 10.657677
v -58.589979 -7.538110 10.667380
v -58.589979 -7.529830 10.673679
v -58.589979 -7.520788 10.680029
v -58.589979 -7.510704 10.686481
v -58.589979 -7.500112 10.692678
v -58.589979 -7.488606 10.698825
v -58.589979 -7.476058 10.704896
v -58.589979 -7.447103 10.716834
v -58.589979 -7.430236 10.722650
v -58.589979 -7.411440 10.728365
v -58.589979 -7.364273 10.739668
v -58.589979 -7.337247 10.744520
v -58.589979 -7.308850 10.748406
v -58.589979 -7.278903 10.751276
v -58.589979 -7.247230 10.753003
v -58.589979 -7.213676 10.753511
v -58.589979 -7.145401 10.750590
v -58.589979 -7.117182 10.747669
v -58.589979 -7.091782 10.744037
v -58.589979 -7.068845 10.739821
v -58.589979 -7.047966 10.735147
v -58.589979 -7.011391 10.724708
v -58.589979 -6.993534 10.718383
v -58.589979 -6.977177 10.711779
v -58.589979 -6.962165 10.704947
v -58.589979 -6.948322 10.697911
v -58.589979 -6.935470 10.690697
v -58.589979 -6.923532 10.683255
v -58.589979 -6.921500 10.681934
v -58.589979 -6.900265 10.666542
v -58.589979 -6.889928 10.658058
v -58.589979 -6.879463 10.648685
v -58.589979 -6.869938 10.639415
v -58.589979 -6.861226 10.630169
v -58.589979 -6.853224 10.620923
v -58.589979 -6.845859 10.611652
v -58.589979 -6.832828 10.592907
v -58.589979 -6.827063 10.583382
v -58.589979 -6.821754 10.573705
v -58.589979 -6.812356 10.553791
v -58.589979 -6.808242 10.543453
v -58.589979 -6.801129 10.521838
v -58.589979 -6.798157 10.510459
v -58.589979 -6.795567 10.498597
v -58.589979 -6.793382 10.486227
v -58.589979 -6.791604 10.473273
v -58.589979 -6.790309 10.459608
v -58.589979 -6.789522 10.445181
v -58.589979 -6.789318 10.429280
v -58.589979 -6.789750 10.413431
v -58.589979 -6.790817 10.398318
v -58.589979 -6.792443 10.384145
v -58.589979 -6.794551 10.370759
v -58.589979 -6.797116 10.358084
v -58.589979 -6.800088 10.346019
v -58.589979 -6.803441 10.334488
v -58.589979 -6.807200 10.323413
v -58.589979 -6.811315 10.312771
v -58.589979 -6.815785 10.302484
v -58.589979 -6.820637 10.292501
v -58.589979 -6.825869 10.282798
v -58.589979 -6.831483 10.273324
v -58.589979 -6.837502 10.264053
v -58.589979 -6.843954 10.254985
v -58.589979 -6.850888 10.246045
v -58.589979 -6.858305 10.237231
v -58.589979 -6.866280 10.228519
v -58.589979 -6.874840 10.219883
v -58.589979 -6.884035 10.211323
v -58.589979 -6.893992 10.202814
v -58.589979 -6.903720 10.195092
v -58.589979 -6.913296 10.188107
v -58.589979 -6.933997 10.174722
v -58.589979 -6.946062 10.167889
v -58.589979 -6.958914 10.161259
v -58.589979 -6.972630 10.154884
v -58.589979 -6.987337 10.148737
v -58.589979 -7.003161 10.142870
v -58.589979 -7.020230 10.137282
v -58.589979 -7.058940 10.127147
v -58.589979 -7.105295 10.118842
v -58.589979 -7.162013 10.113203
v -58.589979 -7.195414 10.111780
v -58.589979 -7.218223 10.111501
v -58.589979 -7.132142 10.115616
v -58.589979 -7.081012 10.122728
v -58.589979 -7.038746 10.132024
v -58.589979 -6.922618 10.181808
v -58.589979 -6.804482 10.532811
v -58.589979 -6.816852 10.563850
v -58.589979 -6.839102 10.602331
v -58.589979 -6.910603 10.674390
v -58.589979 -7.028891 10.730092
v -58.589979 -7.176973 10.752622
v -58.589979 -7.387920 10.734487
v -58.589979 -7.462266 10.710890
v -58.589979 -7.617561 10.574492
v -58.589979 -7.633056 10.535605
v -58.589979 -7.647864 10.434081
v -58.589979 -7.606335 10.272334
v -58.589979 -7.593787 10.253944
v -58.589979 -7.570800 10.226944
v -58.589979 -7.485228 10.164460
v -58.589979 -7.456830 10.151582
v -58.589979 -7.317384 10.116886
v -58.589979 -7.219518 9.964842
v -58.589979 -7.258126 9.965629
v -58.589979 -7.178320 9.965629
v -58.589979 -7.143267 9.967686
v -58.589979 -7.111441 9.970836
v -58.589979 -7.082257 9.974849
v -58.589979 -7.293381 9.967712
v -58.589979 -7.325716 9.970912
v -58.589979 -7.355535 9.975052
v -58.589979 -7.455662 9.998979
v -58.589979 -7.478979 10.007158
v -58.589979 -7.383145 9.980005
v -58.589979 -7.433208 9.992095
v -58.589979 -7.500315 10.015565
v -58.589979 -7.519924 10.024201
v -58.589979 -7.031685 9.984806
v -58.589979 -7.055256 9.979675
v -58.589979 -7.408824 9.985669
v -58.589979 -7.538060 10.033091
v -58.589979 -7.005651 9.991562
v -58.589979 -7.554951 10.042184
v -58.589979 -6.980784 9.999208
v -58.589979 -6.955714 10.008072
v -58.589979 -6.821703 10.084425
v -58.589979 -6.834479 10.074163
v -58.589979 -6.848247 10.064028
v -58.589979 -6.916141 10.024811
v -58.589979 -6.935064 10.016352
v -58.589979 -6.670065 10.470098
v -58.589979 -6.669049 10.444571
v -58.589979 -6.809461 10.095169
v -58.589979 -6.863105 10.054021
v -58.589979 -6.896887 10.034412
v -58.589979 -6.796303 10.107589
v -58.589979 -6.879260 10.044166
v -58.589979 -6.674942 10.516987
v -58.589979 -6.672072 10.494406
v -58.589979 -6.783146 10.120950
v -58.589979 -6.678574 10.538068
v -58.589979 -6.669049 10.419730
v -58.589979 -6.772326 10.132811
v -58.589979 -7.647077 10.753334
v -58.589979 -6.760362 10.147010
v -58.589979 -7.657262 10.742818
v -58.589979 -7.636510 10.763417
v -58.589979 -6.682841 10.557880
v -58.589979 -6.749568 10.160980
v -58.589979 -7.626046 10.772612
v -58.589979 -6.687744 10.576575
v -58.589979 -6.739839 10.174798
v -58.589979 -7.676769 10.719958
v -58.589979 -6.693179 10.594330
v -58.589979 -6.731025 10.188488
v -58.589979 -7.686040 10.707664
v -58.589979 -7.667218 10.731591
v -58.589979 -6.723024 10.202154
v -58.589979 -7.695031 10.694660
v -58.589979 -7.476109 10.858515
v -58.589979 -7.455078 10.865983
v -58.589979 -6.705727 10.627451
v -58.589979 -6.699199 10.611246
v -58.589979 -7.570698 10.051531
v -58.589979 -7.768336 10.402128
v -58.589979 -7.768920 10.422499
v -58.589979 -7.611390 10.784474
v -58.589979 -7.500112 10.848914
v -58.589979 -6.669913 10.397860
v -58.589979 -6.715760 10.215895
v -58.589979 -7.768539 10.449677
v -58.589979 -7.703820 10.680816
v -58.589979 -7.522286 10.838932
v -58.589979 -6.712762 10.642996
v -58.589979 -6.709156 10.229763
v -58.589979 -7.766888 10.381020
v -58.589979 -7.595895 10.795955
v -58.589979 -7.433030 10.872866
v -58.589979 -6.720307 10.658007
v -58.589979 -6.703162 10.243809
v -58.589979 -7.764602 10.360573
v -58.589979 -7.740955 10.603677
v -58.589979 -7.735443 10.617977
v -58.589979 -7.561707 10.818027
v -58.589979 -7.542733 10.828645
v -58.589979 -7.412076 10.878479
v -58.589979 -6.728359 10.672434
v -58.589979 -6.696710 10.260853
v -58.589979 -7.761554 10.340761
v -58.589979 -7.728763 10.633395
v -58.589979 -7.712355 10.666110
v -58.589979 -7.579360 10.807131
v -58.589979 -7.388784 10.883763
v -58.589979 -6.736918 10.686354
v -58.589979 -6.690944 10.278277
v -58.589979 -7.728179 10.231999
v -58.589979 -7.735646 10.249550
v -58.589979 -7.720660 10.650337
v -58.589979 -7.363308 10.888512
v -58.589979 -7.268617 10.898317
v -58.589979 -7.227316 10.899460
v -58.589979 -7.152411 10.897250
v -58.589979 -7.119112 10.894278
v -58.589979 -6.841134 10.796082
v -58.589979 -6.827570 10.785795
v -58.589979 -6.814083 10.774669
v -58.589979 -6.800621 10.762579
v -58.589979 -6.755613 10.712973
v -58.589979 -6.745986 10.699841
v -58.589979 -6.685788 10.296235
v -58.589979 -7.720584 10.215997
v -58.589979 -7.757770 10.321533
v -58.589979 -7.303871 10.895954
v -58.589979 -7.188353 10.899053
v -58.589979 -7.088124 10.890240
v -58.589979 -6.855486 10.806039
v -58.589979 -6.788277 10.750514
v -58.589979 -6.765824 10.725749
v -58.589979 -6.681241 10.314853
v -58.589979 -7.711973 10.199639
v -58.589979 -7.753248 10.302839
v -58.589979 -7.335190 10.892627
v -58.589979 -7.059168 10.885312
v -58.589979 -6.776695 10.738246
v -58.589979 -7.625715 10.092146
v -58.589979 -7.629144 10.095194
v -58.589979 -7.693711 10.169641
v -58.589979 -7.703033 10.184221
v -58.589979 -7.031990 10.879546
v -58.589979 -6.870674 10.815716
v -58.589979 -6.677356 10.334183
v -58.589979 -7.612533 10.081072
v -58.589979 -7.641082 10.106345
v -58.589979 -7.684008 10.155799
v -58.589979 -7.742199 10.266873
v -58.589979 -7.748067 10.284627
v -58.589979 -7.746187 10.588310
v -58.589979 -7.006438 10.873069
v -58.589979 -6.886803 10.825089
v -58.589979 -6.674155 10.354401
v -58.589979 -7.652512 10.117927
v -58.589979 -7.673924 10.142616
v -58.589979 -7.750988 10.572130
v -58.589979 -6.984746 10.866643
v -58.589979 -6.671640 10.375559
v -58.589979 -7.599375 10.070937
v -58.589979 -7.663434 10.130017
v -58.589979 -7.767295 10.473502
v -58.589979 -7.755306 10.554985
v -58.589979 -6.962444 10.859124
v -58.589979 -7.585481 10.061107
v -58.589979 -7.759166 10.536748
v -58.589979 -6.903923 10.834131
v -58.589979 -7.762494 10.517266
v -58.589979 -6.941642 10.851174
v -58.589979 -6.922160 10.842843
v -58.589979 -7.765237 10.496260
v -58.599987 -7.612533 10.081072
v -58.599987 -7.625715 10.092146
v -58.599987 -7.599375 10.070937
v -58.599987 -7.585481 10.061107
v -58.599987 -7.570698 10.051531
v -58.599987 -7.554951 10.042184
v -58.599987 -7.538060 10.033091
v -58.599987 -7.519924 10.024201
v -58.599987 -7.500315 10.015565
v -58.599987 -7.478979 10.007158
v -58.599987 -7.455662 9.998979
v -58.599987 -7.433208 9.992095
v -58.599987 -7.408824 9.985669
v -58.599987 -7.383145 9.980005
v -58.599987 -7.355535 9.975052
v -58.599987 -7.325716 9.970912
v -58.599987 -7.293381 9.967712
v -58.599987 -7.258126 9.965629
v -58.599987 -7.219518 9.964842
v -58.599987 -7.178320 9.965629
v -58.599987 -7.143267 9.967686
v -58.599987 -7.111441 9.970836
v -58.599987 -7.082257 9.974849
v -58.599987 -7.055256 9.979675
v -58.599987 -7.031685 9.984806
v -58.599987 -7.005651 9.991562
v -58.599987 -6.980784 9.999208
v -58.599987 -6.955714 10.008072
v -58.599987 -6.935064 10.016352
v -58.599987 -6.916141 10.024811
v -58.599987 -6.896887 10.034412
v -58.599987 -6.879260 10.044166
v -58.599987 -6.863105 10.054021
v -58.599987 -6.848247 10.064028
v -58.599987 -6.834479 10.074163
v -58.599987 -6.821703 10.084425
v -58.599987 -6.809461 10.095169
v -58.599987 -6.796303 10.107589
v -58.599987 -6.783146 10.120950
v -58.599987 -6.772326 10.132811
v -58.599987 -6.760362 10.147010
v -58.599987 -6.749568 10.160980
v -58.599987 -6.739839 10.174798
v -58.599987 -6.731025 10.188488
v -58.599987 -6.723024 10.202154
v -58.599987 -6.715760 10.215895
v -58.599987 -6.709156 10.229763
v -58.599987 -6.703162 10.243809
v -58.599987 -6.696710 10.260853
v -58.599987 -6.690944 10.278277
v -58.599987 -6.685788 10.296235
v -58.599987 -6.681241 10.314853
v -58.599987 -6.677356 10.334183
v -58.599987 -6.674155 10.354401
v -58.599987 -6.671640 10.375559
v -58.599987 -6.669913 10.397860
v -58.599987 -6.669049 10.419730
v -58.599987 -6.669049 10.444571
v -58.599987 -6.670065 10.470098
v -58.599987 -6.672072 10.494406
v -58.599987 -6.674942 10.516987
v -58.599987 -6.678574 10.538068
v -58.599987 -6.682841 10.557880
v -58.599987 -6.687744 10.576575
v -58.599987 -6.693179 10.594330
v -58.599987 -6.699199 10.611246
v -58.599987 -6.705727 10.627451
v -58.599987 -6.712762 10.642996
v -58.599987 -6.720307 10.658007
v -58.599987 -6.728359 10.672434
v -58.599987 -6.736918 10.686354
v -58.599987 -6.745986 10.699841
v -58.599987 -6.755613 10.712973
v -58.599987 -6.765824 10.725749
v -58.599987 -6.776695 10.738246
v -58.599987 -6.788277 10.750514
v -58.599987 -6.800621 10.762579
v -58.599987 -6.814083 10.774669
v -58.599987 -6.827570 10.785795
v -58.599987 -6.841134 10.796082
v -58.599987 -6.855486 10.806039
v -58.599987 -6.870674 10.815716
v -58.599987 -6.886803 10.825089
v -58.599987 -6.903923 10.834131
v -58.599987 -6.922160 10.842843
v -58.599987 -6.941642 10.851174
v -58.599987 -6.962444 10.859124
v -58.599987 -6.984746 10.866643
v -58.599987 -7.006438 10.873069
v -58.599987 -7.031990 10.879546
v -58.599987 -7.059168 10.885312
v -58.599987 -7.088124 10.890240
v -58.599987 -7.119112 10.894278
v -58.599987 -7.152411 10.897250
v -58.599987 -7.188353 10.899053
v -58.599987 -7.227316 10.899460
v -58.599987 -7.268617 10.898317
v -58.599987 -7.303871 10.895954
v -58.599987 -7.335190 10.892627
v -58.599987 -7.363308 10.888512
v -58.599987 -7.388784 10.883763
v -58.599987 -7.412076 10.878479
v -58.599987 -7.433030 10.872866
v -58.599987 -7.455078 10.865983
v -58.599987 -7.476109 10.858515
v -58.599987 -7.500112 10.848914
v -58.599987 -7.522286 10.838932
v -58.599987 -7.542733 10.828645
v -58.599987 -7.561707 10.818027
v -58.599987 -7.579360 10.807131
v -58.599987 -7.595895 10.795955
v -58.599987 -7.611390 10.784474
v -58.599987 -7.626046 10.772612
v -58.599987 -7.636510 10.763417
v -58.599987 -7.647077 10.753334
v -58.599987 -7.657262 10.742818
v -58.599987 -7.667218 10.731591
v -58.599987 -7.676769 10.719958
v -58.599987 -7.686040 10.707664
v -58.599987 -7.695031 10.694660
v -58.599987 -7.703820 10.680816
v -58.599987 -7.712355 10.666110
v -58.599987 -7.720660 10.650337
v -58.599987 -7.728763 10.633395
v -58.599987 -7.735443 10.617977
v -58.599987 -7.740955 10.603677
v -58.599987 -7.746187 10.588310
v -58.599987 -7.750988 10.572130
v -58.599987 -7.755306 10.554985
v -58.599987 -7.759166 10.536748
v -58.599987 -7.762494 10.517266
v -58.599987 -7.765237 10.496260
v -58.599987 -7.767295 10.473502
v -58.599987 -7.768539 10.449677
v -58.599987 -7.768920 10.422499
v -58.599987 -7.768336 10.402128
v -58.599987 -7.766888 10.381020
v -58.599987 -7.764602 10.360573
v -58.599987 -7.761554 10.340761
v -58.599987 -7.757770 10.321533
v -58.599987 -7.753248 10.302839
v -58.599987 -7.748067 10.284627
v -58.599987 -7.742199 10.266873
v -58.599987 -7.735646 10.249550
v -58.599987 -7.728179 10.231999
v -58.599987 -7.720584 10.215997
v -58.599987 -7.711973 10.199639
v -58.599987 -7.703033 10.184221
v -58.599987 -7.693711 10.169641
v -58.599987 -7.684008 10.155799
v -58.599987 -7.673924 10.142616
v -58.599987 -7.663434 10.130017
v -58.599987 -7.652512 10.117927
v -58.599987 -7.641082 10.106345
v -58.599987 -7.629144 10.095194
v -58.599987 -8.534984 2.075017
v -58.599987 -8.799982 2.075017
v -58.599987 -8.799982 5.940186
v -58.599987 -8.799982 8.094258
v -58.599987 -8.799982 8.195300
v -58.599987 -8.799982 9.016430
v -58.599987 -8.799982 9.499996
v -58.599987 -8.799982 10.425013
v -58.599987 -8.799982 11.174999
v -58.599987 -8.799982 15.875015
v -58.599987 -8.799982 16.908312
v -58.599987 -8.799982 18.366653
v -58.599987 -8.799982 19.441658
v -58.599987 -8.799982 20.474980
v -58.599987 -8.799982 30.224973
v -58.599987 -5.242992 8.975003
v -58.599987 -5.242992 8.475004
v -58.599987 -5.639841 8.475004
v -58.599987 -5.639841 8.975003
v -58.599987 -5.242992 10.025014
v -58.599987 -5.242992 9.525015
v -58.599987 -5.639841 9.525015
v -58.599987 -5.639841 10.025014
v -58.599987 -5.242992 11.074999
v -58.599987 -5.242992 10.575000
v -58.599987 -5.639841 10.575000
v -58.599987 -5.639841 11.074999
v -58.599987 -1.394638 5.955756
v -58.599987 -1.386053 5.955680
v -58.599987 -1.409979 5.956391
v -58.599987 -1.935455 6.009401
v -58.599987 -1.923796 6.008334
v -58.599987 -1.369238 5.956010
v -58.599987 -1.424254 5.957534
v -58.599987 -1.911274 6.007699
v -58.599987 -1.897736 6.007522
v -58.599987 -1.946377 6.010848
v -58.599987 -1.852625 6.011611
v -58.599987 -1.462100 5.963554
v -58.599987 -1.450213 5.961141
v -58.599987 -1.484122 5.969396
v -58.599987 -1.473378 5.966297
v -58.599987 -1.956664 6.012627
v -58.599987 -1.437640 5.959135
v -58.599987 -1.966443 6.014735
v -58.599987 -1.047699 6.524310
v -58.599987 -1.047699 6.702211
v -58.599987 -1.494384 5.972800
v -58.599987 -1.975790 6.017148
v -58.599987 -1.047725 6.378310
v -58.599987 -1.504239 5.976533
v -58.599987 -1.984781 6.019841
v -58.599987 -1.048664 6.338941
v -58.599987 -1.513738 5.980572
v -58.599987 -1.993443 6.022837
v -58.599987 -1.050595 6.306861
v -58.599987 -1.522933 5.984915
v -58.599987 -1.573479 6.018672
v -58.599987 -1.565529 6.012094
v -58.599987 -2.001876 6.026165
v -58.599987 -1.053160 6.280292
v -58.599987 -1.140714 6.065510
v -58.599987 -1.132967 6.075263
v -58.599987 -1.531849 5.989614
v -58.599987 -1.581125 6.025581
v -58.599987 -1.353591 5.956924
v -58.599987 -1.056157 6.257940
v -58.599987 -1.064692 6.215065
v -58.599987 -1.062939 6.222304
v -58.599987 -1.124229 6.087074
v -58.599987 -1.540510 5.994644
v -58.599987 -1.588516 6.032820
v -58.599987 -2.010105 6.029797
v -58.599987 -2.024456 6.037163
v -58.599987 -2.018182 6.033759
v -58.599987 -1.059434 6.238966
v -58.599987 -1.068502 6.201145
v -58.599987 -1.148740 6.056188
v -58.599987 -1.548994 6.000028
v -58.599987 -1.595679 6.040415
v -58.599987 -1.885874 6.007852
v -58.599987 -2.030755 6.040897
v -58.599987 -1.157097 6.047221
v -58.599987 -1.557325 6.005845
v -58.599987 -1.602588 6.048441
v -58.599987 -1.073201 6.186261
v -58.599987 -1.165860 6.038586
v -58.599987 -2.036928 6.044935
v -58.599987 -1.078484 6.171707
v -58.599987 -1.174979 6.030305
v -58.599987 -1.609293 6.056874
v -58.599987 -1.842414 6.013642
v -58.599987 -2.043024 6.049304
v -58.599987 -1.084351 6.157381
v -58.599987 -1.184580 6.022304
v -58.599987 -1.615770 6.065814
v -58.599987 -2.049069 6.054003
v -58.599987 -1.090854 6.143233
v -58.599987 -1.194638 6.014608
v -58.599987 -1.863217 6.009934
v -58.599987 -1.832559 6.016081
v -58.599987 -1.622069 6.075289
v -58.599987 -1.822983 6.018850
v -58.599987 -1.813636 6.021999
v -58.599987 -2.055038 6.059109
v -58.599987 -1.098017 6.129213
v -58.599987 -1.205230 6.007191
v -58.599987 -1.250188 5.982096
v -58.599987 -1.240358 5.986770
v -58.599987 -1.628165 6.085372
v -58.599987 -1.337386 5.958550
v -58.599987 -2.113280 6.141760
v -58.599987 -2.107286 6.129314
v -58.599987 -1.105916 6.115192
v -58.599987 -1.216355 6.000054
v -58.599987 -1.228141 5.993221
v -58.599987 -1.874291 6.008690
v -58.599987 -2.060981 6.064620
v -58.599987 -2.078507 6.083899
v -58.599987 -2.072792 6.077067
v -58.599987 -2.101444 6.118291
v -58.599987 -1.650467 6.133531
v -58.599987 -1.684655 6.127130
v -58.599987 -1.678381 6.137443
v -58.599987 -1.114628 6.101171
v -58.599987 -1.804467 6.025504
v -58.599987 -2.066900 6.070589
v -58.599987 -2.084400 6.091570
v -58.599987 -2.118639 6.154155
v -58.599987 -2.147697 6.702211
v -58.599987 -1.691081 6.117452
v -58.599987 -1.634058 6.096142
v -58.599987 -1.795475 6.029366
v -58.599987 -1.786611 6.033633
v -58.599987 -2.123415 6.166551
v -58.599987 -2.143125 6.267033
v -58.599987 -2.141169 6.245850
v -58.599987 -2.147697 6.493957
v -58.599987 -1.697711 6.108309
v -58.599987 -1.260526 5.977727
v -58.599987 -1.639748 6.107699
v -58.599987 -1.777822 6.038331
v -58.599987 -2.096186 6.109223
v -58.599987 -2.145817 6.311636
v -58.599987 -2.147570 6.381333
v -58.599987 -1.704543 6.099672
v -58.599987 -1.655420 6.148059
v -58.599987 -1.666392 6.160125
v -58.599987 -1.665376 6.162284
v -58.599987 -1.271422 5.973638
v -58.599987 -1.769085 6.043437
v -58.599987 -1.645209 6.120120
v -58.599987 -2.127631 6.179022
v -58.599987 -1.711579 6.091443
v -58.599987 -1.672260 6.148466
v -58.599987 -1.282979 5.969853
v -58.599987 -1.751355 6.055375
v -58.599987 -1.742669 6.062030
v -58.599987 -1.760372 6.049050
v -58.599987 -2.131339 6.191671
v -58.599987 -2.139315 6.230762
v -58.599987 -1.718894 6.083620
v -58.599987 -1.295248 5.966424
v -58.599987 -2.090293 6.099977
v -58.599987 -2.134514 6.204524
v -58.599987 -2.137207 6.217707
v -58.599987 -1.659611 6.162284
v -58.599987 -1.308329 5.963351
v -58.599987 -1.726489 6.076127
v -58.599987 -1.734388 6.068938
v -58.599987 -1.322349 5.960709
v -58.599987 -2.060143 8.475004
v -58.599987 -2.456993 8.475004
v -58.599987 -2.456993 8.975003
v -58.599987 -2.060143 8.975003
v -58.599987 -2.060143 9.525015
v -58.599987 -2.060143 10.025014
v -58.599987 -2.456993 9.525015
v -58.599987 -2.456993 10.025014
v -58.599987 -2.060143 10.575000
v -58.599987 -2.456993 10.575000
v -58.599987 -2.456993 11.074999
v -58.599987 -2.060143 11.074999
v -58.599987 -0.142977 8.675004
v -58.599987 -0.539852 8.675004
v -58.599987 -0.142977 8.275004
v -58.599987 -0.539852 8.275004
v -58.599987 -0.142977 9.475002
v -58.599987 -0.539852 9.475002
v -58.599987 -0.142977 9.075003
v -58.599987 -0.539852 9.075003
v -58.599987 -0.142977 10.275001
v -58.599987 -0.539852 10.275001
v -58.599987 -0.142977 9.875001
v -58.599987 -0.539852 9.875001
v -58.599987 -0.142977 11.074999
v -58.599987 -0.539852 11.074999
v -58.599987 -0.142977 10.675000
v -58.599987 -0.539852 10.675000
v -58.599987 3.251174 15.975015
v -58.599987 3.251174 16.574988
v -58.599987 3.720236 15.975015
v -58.599987 3.720236 16.574988
v -58.599987 3.251174 17.241662
v -58.599987 3.251174 17.841661
v -58.599987 3.720236 17.241662
v -58.599987 3.720236 17.841661
v -58.599987 3.251174 18.508309
v -58.599987 3.251174 19.108308
v -58.599987 3.720236 18.508309
v -58.599987 3.720236 19.108308
v -58.599987 3.251174 19.774982
v -58.599987 3.251174 20.374980
v -58.599987 3.720236 19.774982
v -58.599987 3.720236 20.374980
v -58.599987 8.799982 11.174999
v -58.599987 8.799982 15.875015
v -58.599987 8.799982 16.908312
v -58.599987 8.799982 18.366653
v -58.599987 8.799982 19.441658
v -58.599987 -2.620239 15.975015
v -58.599987 -2.620239 16.574988
v -58.599987 -2.493493 16.574988
v -58.599987 -2.620239 17.241662
v -58.599987 -2.620239 17.841661
v -58.599987 -2.493493 17.841661
v -58.599987 -2.620239 18.508309
v -58.599987 -2.620239 19.108308
v -58.599987 -2.493493 19.108308
v -58.599987 -2.529992 6.765000
v -58.599987 -2.529992 5.940186
v -58.599987 -2.835097 6.765000
v -58.599987 -4.859985 6.765000
v -58.599987 -5.069992 6.765000
v -58.599987 -5.729986 6.765000
v -58.599987 -5.729986 5.940186
v -58.599987 -7.095084 8.001447
v -58.599987 -6.737426 7.643764
v -58.599987 -6.199454 6.765000
v -58.599987 -6.737426 7.525476
v -58.599987 -7.566228 7.525476
v -58.599987 -7.209231 7.525476
v -58.599987 -7.209231 7.167793
v -58.599987 -7.566228 7.643764
v -58.599987 -7.095084 7.167793
v -58.599987 -7.095084 7.525476
v -58.599987 -7.784795 6.765000
v -58.599987 -7.209231 8.001447
v -58.599987 -7.209231 7.643764
v -58.599987 -8.269986 6.765000
v -58.599987 -7.784795 2.075017
v -58.599987 -8.269986 4.225000
v -58.599987 -8.269986 5.940186
v -58.599987 6.882613 2.075017
v -58.599987 6.380683 2.075017
v -58.599987 6.380683 4.225000
v -58.599987 8.799982 5.940186
v -58.599987 8.799982 2.075017
v -58.599987 8.269986 4.225000
v -58.599987 6.882613 4.225000
v -58.599987 6.882613 6.765000
v -58.599987 6.380683 6.765000
v -58.599987 -7.784795 29.624975
v -58.599987 -7.784795 30.224973
v -58.599987 -6.399987 30.224973
v -58.599987 -5.684927 29.624975
v -58.599987 -5.729986 27.084975
v -58.599987 -6.199454 27.084975
v -58.599987 -4.859985 29.624975
v -58.599987 -4.456278 28.659267
v -58.599987 -4.469587 28.604504
v -58.599987 -4.379773 28.870976
v -58.599987 -4.402328 28.819338
v -58.599987 -4.499991 28.324977
v -58.599987 -4.499991 24.024986
v -58.599987 -4.480509 28.549234
v -58.599987 -4.489018 28.493557
v -58.599987 -4.440606 28.713394
v -58.599987 -4.422622 28.766785
v -58.599987 -4.299026 29.019338
v -58.599987 -4.328084 28.971077
v -58.599987 -4.083507 29.278595
v -58.599987 -4.124020 29.239402
v -58.599987 -4.498772 28.381315
v -58.599987 -4.495114 28.437525
v -58.599987 -4.355008 28.921572
v -58.599987 -4.234764 29.111895
v -58.599987 -4.267911 29.066302
v -58.599987 -4.041369 29.315984
v -58.599987 -3.857803 29.446260
v -58.599987 -3.905758 29.416720
v -58.599987 -3.758260 29.499015
v -58.599987 -3.808603 29.473717
v -58.599987 -3.557067 29.624975
v -58.599987 -3.601314 29.561500
v -58.599987 -3.654501 29.542932
v -58.599987 -4.199712 29.155989
v -58.599987 -4.162755 29.198508
v -58.599987 -3.952418 29.385098
v -58.599987 -3.997630 29.351518
v -58.599987 -3.706851 29.522105
v -58.599987 -3.557067 29.574987
v -58.599987 -2.835097 24.024986
v -58.599987 2.514981 24.024986
v -58.599987 3.557067 29.624975
v -58.599987 4.285107 29.624975
v -58.599987 3.654501 29.542932
v -58.599987 3.601314 29.561500
v -58.599987 4.083507 29.278595
v -58.599987 4.041369 29.315984
v -58.599987 4.162755 29.198508
v -58.599987 4.124020 29.239402
v -58.599987 3.706851 29.522105
v -58.599987 3.808603 29.473717
v -58.599987 3.758260 29.499015
v -58.599987 3.952418 29.385098
v -58.599987 3.905758 29.416720
v -58.599987 4.234764 29.111895
v -58.599987 4.199712 29.155989
v -58.599987 3.857803 29.446260
v -58.599987 3.997630 29.351518
v -58.599987 4.299026 29.019338
v -58.599987 4.267911 29.066302
v -58.599987 5.729986 29.624975
v -58.599987 4.402328 28.819338
v -58.599987 4.379773 28.870976
v -58.599987 5.729986 27.084975
v -58.599987 4.499991 28.324977
v -58.599987 4.355008 28.921572
v -58.599987 4.489018 28.493557
v -58.599987 4.480509 28.549234
v -58.599987 4.498772 28.381315
v -58.599987 4.495114 28.437525
v -58.599987 4.499991 24.024986
v -58.599987 4.422622 28.766785
v -58.599987 4.456278 28.659267
v -58.599987 4.440606 28.713394
v -58.599987 4.469587 28.604504
v -58.599987 6.380683 27.084975
v -58.599987 4.285107 24.024986
v -58.599987 4.328084 28.971077
v -58.599987 6.882613 30.224973
v -58.599987 8.799982 30.224973
v -58.599987 8.269986 29.624975
v -58.599987 8.799982 20.474980
v -58.599987 8.269986 27.084975
v -58.599987 6.882613 27.084975
v -58.599987 6.882613 29.624975
v -58.599987 6.380683 29.624975
v -58.599987 6.399987 30.224973
v -58.599987 5.069992 4.225000
v -58.599987 5.441315 3.522614
v -58.599987 5.379060 3.559139
v -58.599987 6.067958 2.840344
v -58.599987 6.034100 2.904098
v -58.599987 6.127394 2.708874
v -58.599987 6.099074 2.775244
v -58.599987 6.195136 2.503363
v -58.599987 6.175477 2.572807
v -58.599987 6.225540 2.362316
v -58.599987 6.211824 2.433158
v -58.599987 5.183835 3.652408
v -58.599987 5.116322 3.677910
v -58.599987 5.315331 3.592972
v -58.599987 5.250231 3.624087
v -58.599987 5.501945 3.483473
v -58.599987 5.617972 3.397671
v -58.599987 5.560873 3.441791
v -58.599987 6.236208 2.290942
v -58.599987 4.908144 3.736863
v -58.599987 4.837277 3.750554
v -58.599987 5.916778 3.085887
v -58.599987 5.729986 4.225000
v -58.599987 6.152871 2.641336
v -58.599987 6.250000 2.075017
v -58.599987 6.248451 2.147153
v -58.599987 4.694149 3.768892
v -58.599987 4.622139 3.773465
v -58.599987 4.765929 3.761247
v -58.599987 5.047793 3.700490
v -58.599987 4.978349 3.720150
v -58.599987 5.726278 3.302345
v -58.599987 5.673141 3.351138
v -58.599987 5.872658 3.142986
v -58.599987 5.958459 3.026958
v -58.599987 6.243853 2.219187
v -58.599987 5.777306 3.251291
v -58.599987 5.826125 3.198154
v -58.599987 5.997575 2.966328
v -58.599987 5.069992 5.940186
v -58.599987 5.729986 5.940186
v -58.599987 4.285107 4.225000
v -58.599987 4.549978 3.775014
v -58.599987 4.285107 3.775014
v -58.599987 2.514981 3.775014
v -58.599987 2.529992 4.225000
v -58.599987 2.529992 5.940186
v -58.599987 2.311121 3.775014
v -58.599987 1.701140 5.924717
v -58.599987 1.582344 5.924717
v -58.599987 1.701140 5.094671
v -58.599987 0.761136 3.775014
v -58.599987 1.582344 5.094671
v -58.599987 -0.121488 3.775014
v -58.599987 -0.793775 3.775014
v -58.599987 -1.468831 5.805211
v -58.599987 -1.096645 5.433024
v -58.599987 -1.096645 5.309936
v -58.599987 -1.959102 5.309936
v -58.599987 -1.587627 5.309936
v -58.599987 -1.587627 4.937750
v -58.599987 -1.959102 5.433024
v -58.599987 -1.468831 4.937750
v -58.599987 -2.493493 3.775014
v -58.599987 -1.587627 5.805211
v -58.599987 -1.587627 5.433024
v -58.599987 -1.468831 5.309936
v -58.599987 -2.529992 4.225000
v -58.599987 -2.835097 3.775014
v -58.599987 -2.835097 4.225000
v -58.599987 -4.859985 4.225000
v -58.599987 -4.622139 3.773465
v -58.599987 -4.694149 3.768892
v -58.599987 -4.549978 3.775014
v -58.599987 -4.765929 3.761247
v -58.599987 -5.069992 4.225000
v -58.599987 -5.047793 3.700490
v -58.599987 -5.116322 3.677910
v -58.599987 -4.908144 3.736863
v -58.599987 -4.978349 3.720150
v -58.599987 -5.441315 3.522614
v -58.599987 -5.501945 3.483473
v -58.599987 -5.315331 3.592972
v -58.599987 -5.379060 3.559139
v -58.599987 -4.837277 3.750554
v -58.599987 -5.560873 3.441791
v -58.599987 -5.617972 3.397671
v -58.599987 -5.183835 3.652408
v -58.599987 -5.250231 3.624087
v -58.599987 -5.069992 5.940186
v -58.599987 -5.673141 3.351138
v -58.599987 -6.199454 4.225000
v -58.599987 -6.067958 2.840344
v -58.599987 -6.099074 2.775244
v -58.599987 -6.127394 2.708874
v -58.599987 -5.958459 3.026958
v -58.599987 -5.997575 2.966328
v -58.599987 -6.034100 2.904098
v -58.599987 -5.916778 3.085887
v -58.599987 -6.152871 2.641336
v -58.599987 -6.175477 2.572807
v -58.599987 -5.826125 3.198154
v -58.599987 -5.872658 3.142986
v -58.599987 -5.777306 3.251291
v -58.599987 -5.729986 4.225000
v -58.599987 -5.726278 3.302345
v -58.599987 -6.195136 2.503363
v -58.599987 -6.243853 2.219187
v -58.599987 -6.248451 2.147153
v -58.599987 -6.236208 2.290942
v -58.599987 -6.211824 2.433158
v -58.599987 -6.225540 2.362316
v -58.599987 -7.784795 4.225000
v -58.599987 -4.649978 10.425013
v -58.599987 -4.649978 9.499996
v -58.599987 -4.649978 9.016430
v -58.599987 -3.049981 8.275004
v -58.599987 -4.649978 8.275004
v -58.599987 -3.049981 9.016430
v -58.599987 -3.049981 9.499996
v -58.599987 -3.049981 10.425013
v -58.599987 -3.049981 11.174999
v -58.599987 -3.049981 11.274999
v -58.599987 -4.649978 11.274999
v -58.599987 4.285107 11.274999
v -58.599987 2.514981 11.274999
v -58.599987 0.499999 10.425013
v -58.599987 0.499999 9.499996
v -58.599987 0.499999 9.016430
v -58.599987 0.499999 8.195300
v -58.599987 0.499999 8.094258
v -58.599987 0.499999 8.075005
v -58.599987 1.246175 6.008334
v -58.599987 1.258697 6.007699
v -58.599987 1.234516 6.009401
v -58.599987 1.223620 6.010848
v -58.599987 1.317346 6.011611
v -58.599987 1.707871 5.963554
v -58.599987 1.719758 5.961141
v -58.599987 1.685874 5.969396
v -58.599987 1.696593 5.966297
v -58.599987 1.213307 6.012627
v -58.599987 1.732331 5.959135
v -58.599987 1.203528 6.014735
v -58.599987 2.122272 6.524310
v -58.599987 2.122272 6.702211
v -58.599987 1.675587 5.972800
v -58.599987 1.775333 5.955756
v -58.599987 1.783918 5.955680
v -58.599987 1.759991 5.956391
v -58.599987 1.194181 6.017148
v -58.599987 2.122246 6.378310
v -58.599987 1.665732 5.976533
v -58.599987 1.800733 5.956010
v -58.599987 1.745717 5.957534
v -58.599987 1.272235 6.007522
v -58.599987 1.185189 6.019841
v -58.599987 2.121306 6.338941
v -58.599987 1.656232 5.980572
v -58.599987 1.284097 6.007852
v -58.599987 1.176528 6.022837
v -58.599987 2.119376 6.306861
v -58.599987 1.647038 5.984915
v -58.599987 1.596492 6.018672
v -58.599987 1.604442 6.012094
v -58.599987 1.168095 6.026165
v -58.599987 2.116811 6.280292
v -58.599987 2.029257 6.065510
v -58.599987 2.037004 6.075263
v -58.599987 1.638148 5.989614
v -58.599987 1.588846 6.025581
v -58.599987 2.113813 6.257940
v -58.599987 2.105279 6.215065
v -58.599987 2.107032 6.222304
v -58.599987 2.045741 6.087074
v -58.599987 1.629461 5.994644
v -58.599987 1.581455 6.032820
v -58.599987 1.159866 6.029797
v -58.599987 1.145515 6.037163
v -58.599987 1.151814 6.033759
v -58.599987 2.110562 6.238966
v -58.599987 2.101494 6.201145
v -58.599987 2.021230 6.056188
v -58.599987 1.620977 6.000028
v -58.599987 1.574292 6.040415
v -58.599987 1.816379 5.956924
v -58.599987 1.139241 6.040897
v -58.599987 2.012874 6.047221
v -58.599987 1.612646 6.005845
v -58.599987 1.567383 6.048441
v -58.599987 2.096770 6.186261
v -58.599987 2.004111 6.038586
v -58.599987 1.133043 6.044935
v -58.599987 2.091487 6.171707
v -58.599987 1.994992 6.030305
v -58.599987 1.560703 6.056874
v -58.599987 1.327556 6.013642
v -58.599987 1.126947 6.049304
v -58.599987 2.085619 6.157381
v -58.599987 1.985391 6.022304
v -58.599987 1.554201 6.065814
v -58.599987 1.120902 6.054003
v -58.599987 2.079142 6.143233
v -58.599987 1.975333 6.014608
v -58.599987 1.306754 6.009934
v -58.599987 1.337412 6.016081
v -58.599987 1.547901 6.075289
v -58.599987 1.347013 6.018850
v -58.599987 1.356360 6.021999
v -58.599987 1.114933 6.059109
v -58.599987 2.071954 6.129213
v -58.599987 1.964766 6.007191
v -58.599987 1.919783 5.982096
v -58.599987 1.929613 5.986770
v -58.599987 1.541805 6.085372
v -58.599987 1.832585 5.958550
v -58.599987 1.056691 6.141760
v -58.599987 1.062685 6.129314
v -58.599987 2.064055 6.115192
v -58.599987 1.953616 6.000054
v -58.599987 1.941830 5.993221
v -58.599987 1.295705 6.008690
v -58.599987 1.108989 6.064620
v -58.599987 1.091463 6.083899
v -58.599987 1.097178 6.077067
v -58.599987 1.068527 6.118291
v -58.599987 1.519530 6.133531
v -58.599987 1.485316 6.127130
v -58.599987 1.491590 6.137443
v -58.599987 2.055343 6.101171
v -58.599987 1.365504 6.025504
v -58.599987 1.103071 6.070589
v -58.599987 1.085571 6.091570
v -58.599987 1.051331 6.154155
v -58.599987 0.761136 8.075005
v -58.599987 1.022274 6.702211
v -58.599987 1.478890 6.117452
v -58.599987 1.535913 6.096142
v -58.599987 1.374496 6.029366
v -58.599987 1.383360 6.033633
v -58.599987 1.046556 6.166551
v -58.599987 1.026846 6.267033
v -58.599987 1.028827 6.245850
v -58.599987 1.022274 6.493957
v -58.599987 1.472260 6.108309
v -58.599987 1.909445 5.977727
v -58.599987 1.530223 6.107699
v -58.599987 1.392149 6.038331
v -58.599987 1.073810 6.109223
v -58.599987 1.024153 6.311636
v -58.599987 1.022401 6.381333
v -58.599987 1.465428 6.099672
v -58.599987 1.514551 6.148059
v -58.599987 1.503578 6.160125
v -58.599987 1.504594 6.162284
v -58.599987 1.898548 5.973638
v -58.599987 1.400886 6.043437
v -58.599987 1.524762 6.120120
v -58.599987 1.042340 6.179022
v -58.599987 1.458392 6.091443
v -58.599987 1.497711 6.148466
v -58.599987 1.886991 5.969853
v -58.599987 1.418615 6.055375
v -58.599987 1.427302 6.062030
v -58.599987 1.409598 6.049050
v -58.599987 1.038631 6.191671
v -58.599987 1.030656 6.230762
v -58.599987 1.451077 6.083620
v -58.599987 1.874723 5.966424
v -58.599987 1.079678 6.099977
v -58.599987 1.035456 6.204524
v -58.599987 1.032764 6.217707
v -58.599987 1.510360 6.162284
v -58.599987 1.861642 5.963351
v -58.599987 1.443482 6.076127
v -58.599987 1.435583 6.068938
v -58.599987 1.847621 5.960709
v -58.599987 2.311121 8.075005
v -58.599987 2.514981 8.075005
v -58.599987 2.529992 6.765000
v -58.599987 4.285107 8.075005
v -58.599987 4.285107 6.765000
v -58.599987 5.069992 6.765000
v -58.599987 4.849978 8.075005
v -58.599987 5.729986 6.765000
v -58.599987 4.849978 8.094258
v -58.599987 4.849978 8.195300
v -58.599987 5.492979 8.275004
v -58.599987 4.849978 9.016430
v -58.599987 5.492979 8.675004
v -58.599987 5.889854 8.675004
v -58.599987 5.889854 8.275004
v -58.599987 5.492979 9.075003
v -58.599987 4.849978 9.499996
v -58.599987 5.492979 9.475002
v -58.599987 5.889854 9.475002
v -58.599987 5.889854 9.075003
v -58.599987 5.492979 9.875001
v -58.599987 4.849978 10.425013
v -58.599987 5.492979 10.275001
v -58.599987 5.889854 10.275001
v -58.599987 5.889854 9.875001
v -58.599987 5.492979 10.675000
v -58.599987 4.849978 11.174999
v -58.599987 5.492979 11.074999
v -58.599987 5.889854 11.074999
v -58.599987 5.889854 10.675000
v -58.599987 4.849978 11.274999
v -58.599987 -0.793775 13.575019
v -58.599987 2.311121 20.574980
v -58.599987 0.761136 20.574980
v -58.599987 0.761136 24.024986
v -58.599987 -0.121488 20.574980
v -58.599987 -0.121488 24.024986
v -58.599987 -0.793775 20.574980
v -58.599987 -0.793775 24.024986
v -58.599987 -2.493493 24.024986
v -58.599987 -1.399997 20.574980
v -58.599987 -1.399997 19.441658
v -58.599987 -2.151177 19.108308
v -58.599987 -1.399997 18.366653
v -58.599987 -2.151177 18.508309
v -58.599987 -2.493493 18.508309
v -58.599987 -2.151177 17.841661
v -58.599987 -1.399997 16.908312
v -58.599987 -2.151177 17.241662
v -58.599987 -2.493493 17.241662
v -58.599987 -2.151177 16.574988
v -58.599987 -1.399997 15.875015
v -58.599987 -2.151177 15.975015
v -58.599987 -2.493493 15.975015
v -58.599987 -2.399995 13.575019
v -58.599987 -2.399995 14.975017
v -58.599987 -0.793775 14.975017
v -58.599987 -1.399997 15.775015
v -58.599987 -0.793775 15.775015
v -58.599987 -0.121488 14.975017
v -58.599987 -0.121488 15.775015
v -58.599987 0.761136 15.775015
v -58.599987 -0.100000 14.975017
v -58.599987 0.761136 11.274999
v -58.599987 -0.100000 13.575019
v -58.599987 0.499999 11.274999
v -58.599987 -0.121488 13.575019
v -58.599987 2.311121 11.274999
v -58.599987 2.499995 15.775015
v -58.599987 2.311121 15.775015
v -58.599987 2.499995 15.875015
v -58.599987 2.499995 16.908312
v -58.599987 2.499995 18.366653
v -58.599987 2.499995 19.441658
v -58.599987 2.499995 20.474980
v -58.599987 2.499995 20.574980
v -58.599987 2.311121 24.024986
v -58.599987 -1.399997 20.474980
v -58.599987 -2.151177 20.374980
v -58.599987 -2.151177 19.774982
v -58.599987 -2.493493 19.774982
v -58.599987 -2.620239 19.774982
v -58.599987 -2.620239 20.374980
v -58.599987 -2.493493 20.374980
v -58.599987 -7.622261 8.113511
v -58.599987 -7.747482 8.113511
v -58.599987 -7.747482 8.195300
v -58.599987 -7.747482 8.965148
v -58.599987 -7.622261 8.965148
v -58.599987 -6.690385 8.609548
v -58.599987 -7.622261 8.609548
v -58.599987 -6.690385 8.469111
v -58.599987 -7.622261 8.195300
v -58.599987 -7.622261 8.469111
v -58.599987 8.799982 9.499996
v -58.599987 7.970342 9.385086
v -58.599987 7.971688 9.409801
v -58.599987 7.968412 9.364004
v -58.599987 8.799982 9.016430
v -58.599987 7.939913 9.254276
v -58.599987 7.945806 9.268297
v -58.599987 7.972222 9.440433
v -58.599987 7.966075 9.345716
v -58.599987 7.933715 9.241094
v -58.599987 7.927264 9.228648
v -58.599987 7.816164 9.296974
v -58.599987 7.811440 9.289633
v -58.599987 7.806690 9.282902
v -58.599987 7.963383 9.329689
v -58.599987 7.920533 9.216837
v -58.599987 7.801940 9.276705
v -58.599987 7.960436 9.315439
v -58.599987 7.913497 9.205635
v -58.599987 7.797139 9.271015
v -58.599987 7.957261 9.302638
v -58.599987 7.906182 9.194916
v -58.599987 7.792314 9.265757
v -58.599987 7.953934 9.291081
v -58.599987 7.898562 9.184705
v -58.599987 7.873848 9.156613
v -58.599987 7.882356 9.165529
v -58.599987 7.851800 9.433626
v -58.599987 7.752182 9.235175
v -58.599987 7.743367 9.230350
v -58.599987 7.787436 9.260880
v -58.599987 7.759852 9.239748
v -58.599987 7.844917 9.369872
v -58.599987 7.842275 9.358798
v -58.599987 7.971739 9.466112
v -58.599987 7.890612 9.174901
v -58.599987 7.865110 9.148206
v -58.599987 7.734427 9.225980
v -58.599987 7.782484 9.256334
v -58.599987 7.836205 9.338985
v -58.599987 7.832801 9.330070
v -58.599987 7.839355 9.348536
v -58.599987 7.950403 9.280438
v -58.599987 7.725334 9.221968
v -58.599987 7.772324 9.248130
v -58.599987 7.767066 9.244395
v -58.599987 7.777455 9.252092
v -58.599987 7.716037 9.218336
v -58.599987 7.829144 9.321561
v -58.599987 7.824851 9.312620
v -58.599987 7.847000 9.380616
v -58.599987 7.856119 9.140231
v -58.599987 7.550379 9.057858
v -58.599987 7.572223 9.058011
v -58.599987 7.706563 9.215059
v -58.599987 7.820381 9.304213
v -58.599987 7.846873 9.132687
v -58.599987 6.893687 9.057858
v -58.599987 7.686726 9.209547
v -58.599987 7.676261 9.207312
v -58.599987 7.696809 9.212113
v -58.599987 7.837297 9.125524
v -58.599987 7.848803 9.392199
v -58.599987 7.827391 9.118717
v -58.599987 7.609179 9.059356
v -58.599987 7.640066 9.201902
v -58.599987 7.617231 9.199743
v -58.599987 7.850226 9.404771
v -58.599987 7.817053 9.112265
v -58.599987 7.640524 9.061668
v -58.599987 7.589926 9.198218
v -58.599987 7.659091 9.204391
v -58.599987 7.851267 9.418513
v -58.599987 7.806233 9.106092
v -58.599987 7.710729 9.072209
v -58.599987 7.728712 9.076426
v -58.599987 7.667269 9.064716
v -58.599987 7.557185 9.197609
v -58.599987 7.846974 9.501444
v -58.599987 7.848778 9.489557
v -58.599987 7.794853 9.100251
v -58.599987 7.743495 9.080464
v -58.599987 7.690434 9.068272
v -58.599987 7.850226 9.476653
v -58.599987 7.782865 9.094739
v -58.599987 7.851800 9.446935
v -58.599987 7.851267 9.462505
v -58.599987 7.770114 9.089506
v -58.599987 7.756576 9.084604
v -58.599987 6.893687 9.197609
v -58.599987 7.427849 9.197609
v -58.599987 8.799982 8.094258
v -58.599987 8.269986 6.765000
v -58.599987 7.546061 7.318618
v -58.599987 7.431913 7.318618
v -58.599987 7.431913 8.094258
v -58.599987 8.269986 5.940186
v -58.599987 7.018883 8.113511
v -58.599987 7.018883 8.195300
v -58.599987 7.431913 8.115594
v -58.599987 6.893687 8.113511
v -58.599987 6.893687 8.195300
v -58.599987 8.799982 8.195300
v -58.599987 7.546061 8.115594
v -58.599987 7.546061 8.094258
v -58.599987 6.893687 8.965148
v -58.599987 7.018883 8.965148
v -58.599987 7.950784 8.609548
v -58.599987 7.018883 8.609548
v -58.599987 7.950784 8.469111
v -58.599987 7.018883 8.469111
v -58.599987 -6.866154 9.629892
v -58.599987 -6.860083 9.624939
v -58.599987 -6.854343 9.619859
v -58.599987 -7.097599 9.822322
v -58.599987 -6.848957 9.614651
v -58.599987 -7.089521 9.822322
v -58.599987 -7.747482 9.822322
v -58.599987 -6.843827 9.609292
v -58.599987 -6.856400 9.784171
v -58.599987 -6.868363 9.789251
v -58.599987 -6.989877 9.817293
v -58.599987 -7.018300 9.819909
v -58.599987 -7.051294 9.821687
v -58.599987 -6.872147 9.634362
v -58.599987 -6.810883 9.558137
v -58.599987 -6.807454 9.549882
v -58.599987 -6.838975 9.603755
v -58.599987 -6.794195 9.501444
v -58.599987 -6.919087 9.659736
v -58.599987 -6.910197 9.656028
v -58.599987 -6.949313 9.669312
v -58.599987 -6.938366 9.666341
v -58.599987 -6.804305 9.541322
v -58.599987 -6.834352 9.598014
v -58.599987 -6.901789 9.652091
v -58.599987 -6.928231 9.663090
v -58.599987 -6.844970 9.778786
v -58.599987 -6.965238 9.814092
v -58.599987 -6.801409 9.532279
v -58.599987 -6.825767 9.585873
v -58.599987 -6.821754 9.579397
v -58.599987 -6.829959 9.592071
v -58.599987 -6.833997 9.773046
v -58.599987 -6.814236 9.565401
v -58.599987 -6.893738 9.647926
v -58.599987 -6.823456 9.766975
v -58.599987 -6.894195 9.798370
v -58.599987 -6.908292 9.802434
v -58.599987 -6.798742 9.522678
v -58.599987 -6.817868 9.572538
v -58.599987 -6.886042 9.643506
v -58.599987 -6.813296 9.760549
v -58.599987 -6.880936 9.793976
v -58.599987 -6.749593 9.703475
v -58.599987 -6.758051 9.713127
v -58.599987 -6.734048 9.683333
v -58.599987 -6.741617 9.693544
v -58.599987 -6.796328 9.512442
v -58.599987 -6.959854 9.671725
v -58.599987 -6.697066 9.613864
v -58.599987 -6.803466 9.753767
v -58.599987 -6.766915 9.722449
v -58.599987 -6.878625 9.638832
v -58.599987 -7.011771 9.679219
v -58.599987 -6.989597 9.676704
v -58.599987 -6.692621 9.601520
v -58.599987 -6.720205 9.661972
v -58.599987 -6.726936 9.672818
v -58.599987 -7.038696 9.681250
v -58.599987 -6.687668 9.585746
v -58.599987 -6.793916 9.746579
v -58.599987 -6.775653 9.730932
v -58.599987 -6.713881 9.650720
v -58.599987 -6.971182 9.673884
v -58.599987 -7.071131 9.682419
v -58.599987 -6.702399 9.626920
v -58.599987 -6.784644 9.738959
v -58.599987 -7.747482 9.682571
v -58.599987 -7.195465 9.682571
v -58.599987 -6.670802 9.489709
v -58.599987 -6.672936 9.511426
v -58.599987 -6.707937 9.639061
v -58.599987 -6.943699 9.810460
v -58.599987 -6.924726 9.806498
v -58.599987 -7.092696 9.682571
v -58.599987 -7.165137 9.682571
v -58.599987 -7.138136 9.682571
v -58.599987 -6.679337 9.551786
v -58.599987 -6.683096 9.568576
v -58.599987 -6.675679 9.531390
v -58.599987 -7.114082 9.682571
v -58.599987 -6.670802 9.385086
v -58.599987 -6.669456 9.409801
v -58.599987 -6.672733 9.364004
v -58.599987 -6.701256 9.254276
v -58.599987 -6.695338 9.268297
v -58.599987 -6.825005 9.296974
v -58.599987 -6.829704 9.289633
v -58.599987 -6.834454 9.282902
v -58.599987 -6.668922 9.440433
v -58.599987 -6.675094 9.345716
v -58.599987 -6.707429 9.241094
v -58.599987 -6.839204 9.276705
v -58.599987 -6.713881 9.228648
v -58.599987 -6.844004 9.271015
v -58.599987 -6.677761 9.329689
v -58.599987 -6.720637 9.216837
v -58.599987 -6.848830 9.265757
v -58.599987 -6.680733 9.315439
v -58.599987 -6.727647 9.205635
v -58.599987 -6.789370 9.433626
v -58.599987 -6.888962 9.235175
v -58.599987 -6.897801 9.230350
v -58.599987 -6.853732 9.260880
v -58.599987 -6.881292 9.239748
v -58.599987 -6.796227 9.369872
v -58.599987 -6.798869 9.358798
v -58.599987 -6.683883 9.302638
v -58.599987 -6.734962 9.194916
v -58.599987 -6.906743 9.225980
v -58.599987 -6.858686 9.256334
v -58.599987 -6.804965 9.338985
v -58.599987 -6.808343 9.330070
v -58.599987 -6.801790 9.348536
v -58.599987 -6.687236 9.291081
v -58.599987 -6.742582 9.184705
v -58.599987 -6.767322 9.156613
v -58.599987 -6.758813 9.165529
v -58.599987 -6.915811 9.221968
v -58.599987 -6.868846 9.248130
v -58.599987 -6.874079 9.244395
v -58.599987 -6.863715 9.252092
v -58.599987 -6.669431 9.466112
v -58.599987 -6.750533 9.174901
v -58.599987 -6.776034 9.148206
v -58.599987 -6.925106 9.218336
v -58.599987 -6.812001 9.321561
v -58.599987 -6.816293 9.312620
v -58.599987 -6.794145 9.380616
v -58.599987 -6.690766 9.280438
v -58.599987 -6.934607 9.215059
v -58.599987 -6.820764 9.304213
v -58.599987 -6.954444 9.209547
v -58.599987 -6.964883 9.207312
v -58.599987 -6.944360 9.212113
v -58.599987 -6.785026 9.140231
v -58.599987 -7.090791 9.057858
v -58.599987 -6.792366 9.392199
v -58.599987 -6.794272 9.132687
v -58.599987 -7.747482 9.057858
v -58.599987 -7.001078 9.201902
v -58.599987 -7.023913 9.199743
v -58.599987 -6.790918 9.404771
v -58.599987 -6.803848 9.125524
v -58.599987 -7.068922 9.058011
v -58.599987 -7.051218 9.198218
v -58.599987 -6.982079 9.204391
v -58.599987 -6.789902 9.418513
v -58.599987 -6.813778 9.118717
v -58.599987 -7.031965 9.059356
v -58.599987 -7.083983 9.197609
v -58.599987 -6.792366 9.489557
v -58.599987 -6.824116 9.112265
v -58.599987 -7.000621 9.061668
v -58.599987 -6.790918 9.476653
v -58.599987 -6.834937 9.106092
v -58.599987 -6.930441 9.072209
v -58.599987 -6.912457 9.076426
v -58.599987 -6.973875 9.064716
v -58.599987 -6.789344 9.446935
v -58.599987 -6.789877 9.462505
v -58.599987 -6.846291 9.100251
v -58.599987 -6.897675 9.080464
v -58.599987 -6.950735 9.068272
v -58.599987 -6.858305 9.094739
v -58.599987 -7.213321 9.197609
v -58.599987 -6.871030 9.089506
v -58.599987 -6.884594 9.084604
v -58.599987 -7.747482 9.197609
v -58.599987 7.372553 10.898317
v -58.599987 7.337272 10.895954
v -58.599987 7.305955 10.892627
v -58.599987 7.252361 10.883763
v -58.599987 7.229068 10.878479
v -58.599987 7.277862 10.888512
v -58.599987 7.452792 10.899053
v -58.599987 7.413828 10.899460
v -58.599987 7.488758 10.897250
v -58.599987 7.522058 10.894278
v -58.599987 7.553021 10.890240
v -58.599987 7.678724 10.859124
v -58.599987 7.656424 10.866643
v -58.599987 7.581976 10.885312
v -58.599987 7.634707 10.873069
v -58.599987 7.864449 10.738246
v -58.599987 7.852867 10.750514
v -58.599987 6.920484 10.650337
v -58.599987 6.912382 10.633395
v -58.599987 7.609179 10.879546
v -58.599987 7.699528 10.851174
v -58.599987 7.875321 10.725749
v -58.599987 6.928815 10.666110
v -58.599987 7.840523 10.762579
v -58.599987 6.937350 10.680816
v -58.599987 7.718984 10.842843
v -58.599987 7.885557 10.712973
v -58.599987 6.946113 10.694660
v -58.599987 7.737221 10.834131
v -58.599987 7.895183 10.699841
v -58.599987 6.890182 10.572130
v -58.599987 6.885838 10.554985
v -58.599987 6.955130 10.707664
v -58.599987 7.754366 10.825089
v -58.599987 7.904251 10.686354
v -58.599987 6.894982 10.588310
v -58.599987 6.905726 10.617977
v -58.599987 6.900215 10.603677
v -58.599987 6.964376 10.719958
v -58.599987 7.770470 10.815716
v -58.599987 7.912786 10.672434
v -58.599987 6.973926 10.731591
v -58.599987 7.208114 10.872866
v -58.599987 7.186067 10.865983
v -58.599987 7.785684 10.806039
v -58.599987 7.920837 10.658007
v -58.599987 7.015099 10.772612
v -58.599987 7.004634 10.763417
v -58.599987 7.165035 10.858515
v -58.599987 7.800035 10.796082
v -58.599987 7.928407 10.642996
v -58.599987 6.983908 10.742818
v -58.599987 6.994093 10.753334
v -58.599987 7.935443 10.627451
v -58.599987 7.813598 10.785795
v -58.599987 7.941971 10.611246
v -58.599987 7.029755 10.784474
v -58.599987 7.827086 10.774669
v -58.599987 7.947964 10.594330
v -58.599987 7.045274 10.795955
v -58.599987 7.061784 10.807131
v -58.599987 7.953426 10.576575
v -58.599987 8.799982 10.425013
v -58.599987 7.958303 10.557880
v -58.599987 7.079463 10.818027
v -58.599987 7.098411 10.828645
v -58.599987 7.962595 10.538068
v -58.599987 7.118883 10.838932
v -58.599987 7.966202 10.516987
v -58.599987 7.141032 10.848914
v -58.599987 7.969072 10.494406
v -58.599987 7.972095 10.419730
v -58.599987 7.972120 10.444571
v -58.599987 7.971105 10.470098
v -58.599987 6.875932 10.496260
v -58.599987 6.873850 10.473502
v -58.599987 6.872605 10.449677
v -58.599987 6.881978 10.536748
v -58.599987 6.878650 10.517266
v -58.599987 6.883400 10.321533
v -58.599987 6.879615 10.340761
v -58.599987 6.876542 10.360573
v -58.599987 6.874281 10.381020
v -58.599987 6.872224 10.422499
v -58.599987 6.872808 10.402128
v -58.599987 7.774991 9.629892
v -58.599987 7.781087 9.624939
v -58.599987 7.786802 9.619859
v -58.599987 7.792212 9.614651
v -58.599987 7.797317 9.609292
v -58.599987 7.969504 10.375559
v -58.599987 7.971257 10.397860
v -58.599987 7.769021 9.634362
v -58.599987 7.830287 9.558137
v -58.599987 7.833716 9.549882
v -58.599987 7.802169 9.603755
v -58.599987 7.722057 9.659736
v -58.599987 7.730947 9.656028
v -58.599987 7.691832 9.669312
v -58.599987 7.702778 9.666341
v -58.599987 7.967015 10.354401
v -58.599987 7.543571 9.822322
v -58.599987 7.347763 9.967712
v -58.599987 7.383018 9.965629
v -58.599987 7.836840 9.541322
v -58.599987 7.806792 9.598014
v -58.599987 7.739380 9.652091
v -58.599987 7.712913 9.663090
v -58.599987 7.963789 10.334183
v -58.599987 7.558913 9.974849
v -58.599987 7.551649 9.822322
v -58.599987 7.315428 9.970912
v -58.599987 6.893687 9.822322
v -58.599987 7.162191 10.007158
v -58.599987 7.185507 9.998979
v -58.599987 7.839761 9.532279
v -58.599987 7.815402 9.585873
v -58.599987 7.819415 9.579397
v -58.599987 7.811211 9.592071
v -58.599987 7.959903 10.314853
v -58.599987 7.706081 10.016352
v -58.599987 7.784770 9.784171
v -58.599987 7.772781 9.789251
v -58.599987 7.609484 9.984806
v -58.599987 7.651267 9.817293
v -58.599987 7.622845 9.819909
v -58.599987 7.585888 9.979675
v -58.599987 7.589850 9.821687
v -58.599987 7.462850 9.965629
v -58.599987 7.497902 9.967686
v -58.599987 7.421651 9.964842
v -58.599987 7.285634 9.975052
v -58.599987 7.140855 10.015565
v -58.599987 7.826934 9.565401
v -58.599987 7.747407 9.647926
v -58.599987 7.955381 10.296235
v -58.599987 7.950226 10.278277
v -58.599987 7.685456 10.008072
v -58.599987 7.529728 9.970836
v -58.599987 7.121220 10.024201
v -58.599987 7.842428 9.522678
v -58.599987 7.823276 9.572538
v -58.599987 7.755103 9.643506
v -58.599987 7.725004 10.024811
v -58.599987 7.796200 9.778786
v -58.599987 7.635494 9.991562
v -58.599987 7.675930 9.814092
v -58.599987 7.258024 9.980005
v -58.599987 7.103084 10.033091
v -58.599987 7.000063 10.106345
v -58.599987 7.012000 10.095194
v -58.599987 7.844840 9.512442
v -58.599987 7.681316 9.671725
v -58.599987 7.944434 10.260853
v -58.599987 7.931988 10.229763
v -58.599987 7.937983 10.243809
v -58.599987 7.819441 10.084425
v -58.599987 7.831683 10.095169
v -58.599987 7.807147 9.773046
v -58.599987 7.232345 9.985669
v -58.599987 7.086219 10.042184
v -58.599987 7.015429 10.092146
v -58.599987 7.762545 9.638832
v -58.599987 7.629398 9.679219
v -58.599987 7.651547 9.676704
v -58.599987 7.844866 10.107589
v -58.599987 7.817688 9.766975
v -58.599987 7.746949 9.798370
v -58.599987 7.732852 9.802434
v -58.599987 7.070471 10.051531
v -58.599987 6.988658 10.117927
v -58.599987 7.602474 9.681250
v -58.599987 7.925385 10.215895
v -58.599987 7.857998 10.120950
v -58.599987 7.827874 9.760549
v -58.599987 7.760208 9.793976
v -58.599987 7.891551 9.703475
v -58.599987 7.883119 9.713127
v -58.599987 7.907096 9.683333
v -58.599987 7.899553 9.693544
v -58.599987 7.207936 9.992095
v -58.599987 7.055688 10.061107
v -58.599987 6.977710 10.130017
v -58.599987 7.669987 9.673884
v -58.599987 7.570038 9.682419
v -58.599987 7.918120 10.202154
v -58.599987 7.868819 10.132811
v -58.599987 7.953477 9.585746
v -58.599987 7.837704 9.753767
v -58.599987 7.874254 9.722449
v -58.599987 6.967220 10.142616
v -58.599987 7.910119 10.188488
v -58.599987 7.806665 10.074163
v -58.599987 7.948524 9.601520
v -58.599987 7.660386 9.999208
v -58.599987 7.920940 9.661972
v -58.599987 7.914233 9.672818
v -58.599987 7.041769 10.070937
v -58.599987 6.957137 10.155799
v -58.599987 7.548448 9.682571
v -58.599987 7.901330 10.174798
v -58.599987 7.792923 10.064028
v -58.599987 7.944079 9.613864
v -58.599987 7.847229 9.746579
v -58.599987 7.865517 9.730932
v -58.599987 7.927264 9.650720
v -58.599987 7.028612 10.081072
v -58.599987 6.947459 10.169641
v -58.599987 6.893103 10.284627
v -58.599987 6.898970 10.266873
v -58.599987 7.527061 9.682571
v -58.599987 7.891602 10.160980
v -58.599987 7.778039 10.054021
v -58.599987 7.938770 9.626920
v -58.599987 7.856499 9.738959
v -58.599987 6.905498 10.249550
v -58.599987 6.912991 10.231999
v -58.599987 6.887896 10.302839
v -58.599987 7.503033 9.682571
v -58.599987 7.880808 10.147010
v -58.599987 7.761910 10.044166
v -58.599987 7.970342 9.489709
v -58.599987 7.968234 9.511426
v -58.599987 7.744282 10.034412
v -58.599987 7.933207 9.639061
v -58.599987 7.697470 9.810460
v -58.599987 7.716418 9.806498
v -58.599987 6.938137 10.184221
v -58.599987 6.920560 10.215997
v -58.599987 7.476033 9.682571
v -58.599987 7.961808 9.551786
v -58.599987 7.958049 9.568576
v -58.599987 7.965491 9.531390
v -58.599987 6.929171 10.199639
v -58.599987 7.445680 9.682571
v -58.599987 6.893687 9.682571
v -58.599987 -6.699987 18.224972
v -58.599987 -6.699987 16.908312
v -58.599987 -7.799984 18.224972
v -58.599987 -7.784795 18.224972
v -58.599987 -7.799984 16.025002
v -58.599987 -7.799984 16.908312
v -58.599987 -6.699987 16.025002
v -58.599987 -7.784795 16.025002
v -58.599987 -7.784795 27.084975
v -58.599987 -6.699987 23.224987
v -58.599987 -6.699987 21.024992
v -58.599987 -7.784795 21.024992
v -58.599987 -8.269986 27.084975
v -58.599987 -7.799984 23.224987
v -58.599987 -7.784795 23.224987
v -58.599987 -8.534984 30.224973
v -58.599987 -8.269986 29.624975
v -58.599987 -7.799984 21.024992
v -58.599987 0.499999 11.174999
v -58.599987 -4.649978 11.174999
v -58.599987 -6.250000 2.075017
v -58.599987 -1.468831 5.433024
v -58.599987 5.799989 29.624975
v -58.599987 3.557067 29.574987
v -58.599987 -5.729986 29.624975
v -58.599987 -6.199454 29.624975
v -58.599987 -5.799989 29.624975
v -58.599987 -7.095084 7.643764
v -58.599987 -8.534984 5.940186
v -58.599987 -8.534984 8.094258
v -58.599987 -8.534984 8.195300
v -58.599987 -8.534984 9.016430
v -58.599987 -8.534984 9.499996
v -58.599987 -8.534984 10.425013
v -58.599987 -8.534984 11.174999
v -58.599987 -8.534984 15.875015
v -58.599987 -8.534984 16.908312
v -58.599987 -8.534984 18.366653
v -58.599987 -8.534984 19.441658
v -58.599987 -8.534984 20.474980
v -58.599987 -7.784795 8.094258
v -58.599987 -7.784795 8.195300
v -58.599987 -7.784795 9.016430
v -58.599987 -7.784795 9.499996
v -58.599987 -7.784795 10.425013
v -58.599987 -7.784795 11.174999
v -58.599987 -7.784795 18.366653
v -58.599987 -7.784795 19.441658
v -58.599987 -6.199454 11.174999
v -58.599987 -7.784795 15.875015
v -58.599987 -6.199454 18.366653
v -58.599987 -6.199454 19.441658
v -58.599987 -7.784795 20.474980
v -58.599987 -5.684927 8.094258
v -58.599987 -6.199454 8.094258
v -58.599987 -6.199454 8.195300
v -58.599987 -5.684927 8.195300
v -58.599987 -6.199454 9.016430
v -58.599987 -5.684927 9.016430
v -58.599987 -6.199454 9.499996
v -58.599987 -5.684927 9.499996
v -58.599987 -6.199454 10.425013
v -58.599987 -5.684927 10.425013
v -58.599987 -5.684927 11.174999
v -58.599987 -6.199454 15.875015
v -58.599987 -5.684927 15.875015
v -58.599987 -6.199454 16.908312
v -58.599987 -5.684927 16.908312
v -58.599987 -5.684927 18.366653
v -58.599987 -5.684927 19.441658
v -58.599987 -6.199454 20.474980
v -58.599987 -4.859985 8.094258
v -58.599987 -4.859985 9.016430
v -58.599987 -4.859985 8.195300
v -58.599987 -4.859985 10.425013
v -58.599987 -4.859985 9.499996
v -58.599987 -4.859985 11.174999
v -58.599987 -4.859985 15.875015
v -58.599987 -4.859985 16.908312
v -58.599987 -4.859985 18.366653
v -58.599987 -4.859985 19.441658
v -58.599987 -5.684927 20.474980
v -58.599987 -2.835097 8.094258
v -58.599987 -2.835097 15.875015
v -58.599987 -2.835097 16.908312
v -58.599987 -2.835097 18.366653
v -58.599987 -2.835097 19.441658
v -58.599987 -4.859985 20.474980
v -58.599987 -2.493493 8.094258
v -58.599987 -2.835097 8.195300
v -58.599987 -2.493493 8.195300
v -58.599987 -2.835097 9.016430
v -58.599987 -2.493493 9.016430
v -58.599987 -2.835097 9.499996
v -58.599987 -2.493493 9.499996
v -58.599987 -2.835097 10.425013
v -58.599987 -2.493493 10.425013
v -58.599987 -2.835097 11.174999
v -58.599987 -2.493493 11.174999
v -58.599987 -0.793775 5.940186
v -58.599987 -2.493493 5.940186
v -58.599987 -0.793775 8.094258
v -58.599987 -0.793775 9.016430
v -58.599987 -0.793775 8.195300
v -58.599987 -0.793775 9.499996
v -58.599987 -0.793775 10.425013
v -58.599987 -0.793775 11.174999
v -58.599987 -0.121488 5.940186
v -58.599987 -0.121488 8.094258
v -58.599987 -0.121488 9.016430
v -58.599987 -0.121488 8.195300
v -58.599987 -0.121488 9.499996
v -58.599987 -0.121488 10.425013
v -58.599987 -0.121488 11.174999
v -58.599987 4.285107 15.875015
v -58.599987 2.514981 15.875015
v -58.599987 2.514981 16.908312
v -58.599987 4.285107 16.908312
v -58.599987 2.514981 18.366653
v -58.599987 4.285107 18.366653
v -58.599987 2.514981 19.441658
v -58.599987 4.285107 19.441658
v -58.599987 2.514981 20.474980
v -58.599987 4.285107 20.474980
v -58.599987 6.380683 15.875015
v -58.599987 6.380683 16.908312
v -58.599987 6.380683 18.366653
v -58.599987 6.380683 19.441658
v -58.599987 6.882613 8.094258
v -58.599987 6.380683 8.094258
v -58.599987 6.380683 8.195300
v -58.599987 6.882613 8.195300
v -58.599987 6.380683 9.016430
v -58.599987 6.882613 9.016430
v -58.599987 6.380683 9.499996
v -58.599987 6.882613 11.174999
v -58.599987 6.380683 11.174999
v -58.599987 6.882613 15.875015
v -58.599987 6.882613 16.908312
v -58.599987 6.882613 18.366653
v -58.599987 6.882613 19.441658
v -58.599987 6.380683 20.474980
v -58.599987 6.882613 20.474980
v -58.599987 -2.493493 15.875015
v -58.599987 -2.493493 16.908312
v -58.599987 -2.493493 18.366653
v -58.599987 -2.493493 19.441658
v -58.599987 -5.684927 5.940186
v -58.599987 -2.835097 20.474980
v -58.599987 -2.493493 20.474980
v -58.599987 2.514981 5.940186
v -58.599987 2.311121 5.940186
v -58.599987 0.761136 5.940186
v -58.599987 6.380683 10.425013
v -58.599987 6.882613 9.499996
v -59.794803 4.498823 28.380146
v -59.793660 4.498772 28.381315
v -59.849997 4.499991 28.324977
v -59.739736 4.495292 28.435239
v -59.737450 4.495114 28.437525
v -59.684872 4.489450 28.490103
v -59.681417 4.489018 28.493532
v -59.630287 4.481297 28.544688
v -59.625740 4.480509 28.549234
v -59.576109 4.470806 28.598865
v -59.570470 4.469587 28.604504
v -59.522413 4.458030 28.652561
v -59.515733 4.456278 28.659241
v -59.469327 4.442994 28.705647
v -59.461606 4.440606 28.713369
v -59.416902 4.425722 28.758073
v -59.408215 4.422622 28.766759
v -59.365263 4.406240 28.809685
v -59.355662 4.402328 28.819312
v -59.314514 4.384573 28.860460
v -59.304049 4.379798 28.870924
v -59.264730 4.360799 28.910245
v -59.253427 4.355033 28.921546
v -59.215988 4.334916 28.958987
v -59.203948 4.328109 28.971026
v -59.168388 4.306977 29.006587
v -59.155688 4.299052 29.019286
v -59.122033 4.277055 29.052941
v -59.108723 4.267936 29.066251
v -59.076973 4.245178 29.098001
v -59.063156 4.234815 29.111819
v -59.033311 4.211422 29.141664
v -59.019062 4.199763 29.155913
v -58.991122 4.175862 29.183853
v -58.976516 4.162831 29.198458
v -58.950456 4.138524 29.224493
v -58.935622 4.124071 29.239352
v -58.911442 4.099509 29.263533
v -58.896430 4.083583 29.278518
v -58.874104 4.058869 29.300846
v -58.859041 4.041445 29.315907
v -58.838544 4.016680 29.336430
v -58.823456 3.997630 29.351518
v -58.804787 3.973017 29.370187
v -58.789877 3.952418 29.385098
v -58.772935 3.927958 29.402039
v -58.758254 3.905758 29.416720
v -58.742989 3.881577 29.431961
v -58.728714 3.857803 29.446260
v -58.715074 3.834003 29.459901
v -58.701257 3.808603 29.473717
v -58.689192 3.785261 29.485782
v -58.675958 3.758260 29.499015
v -58.665392 3.735451 29.509583
v -58.652870 3.706851 29.522105
v -58.643726 3.684702 29.531249
v -58.632042 3.654501 29.542932
v -58.624244 3.633064 29.550731
v -58.613474 3.601314 29.561500
v -58.606972 3.580664 29.568002
v -58.606972 -3.580664 29.568002
v -58.613474 -3.601314 29.561500
v -58.624244 -3.633064 29.550731
v -58.632042 -3.654501 29.542932
v -58.643726 -3.684702 29.531249
v -58.652870 -3.706851 29.522105
v -58.665392 -3.735451 29.509583
v -58.675958 -3.758260 29.499015
v -58.689192 -3.785261 29.485782
v -58.701257 -3.808603 29.473717
v -58.715074 -3.834003 29.459901
v -58.728714 -3.857803 29.446260
v -58.742989 -3.881577 29.431961
v -58.758254 -3.905758 29.416720
v -58.772935 -3.927958 29.402039
v -58.789877 -3.952418 29.385098
v -58.804787 -3.973017 29.370187
v -58.823456 -3.997630 29.351518
v -58.838544 -4.016680 29.336430
v -58.858991 -4.041369 29.315984
v -58.874180 -4.058946 29.300794
v -58.896379 -4.083507 29.278595
v -58.911518 -4.099585 29.263457
v -58.935546 -4.124020 29.239402
v -58.950532 -4.138600 29.224443
v -58.976440 -4.162755 29.198508
v -58.991172 -4.175912 29.183802
v -59.018985 -4.199712 29.155989
v -59.033362 -4.211498 29.141612
v -59.063080 -4.234764 29.111895
v -59.077024 -4.245229 29.097950
v -59.108673 -4.267911 29.066302
v -59.122084 -4.277081 29.052890
v -59.155637 -4.299026 29.019338
v -59.168439 -4.307002 29.006536
v -59.203897 -4.328084 28.971077
v -59.216038 -4.334942 28.958935
v -59.253402 -4.355008 28.921572
v -59.264756 -4.360824 28.910193
v -59.303999 -4.379773 28.870976
v -59.314565 -4.384599 28.860410
v -59.355637 -4.402328 28.819338
v -59.365314 -4.406265 28.809660
v -59.408189 -4.422622 28.766785
v -59.416927 -4.425747 28.758047
v -59.461580 -4.440606 28.713394
v -59.469327 -4.443019 28.705622
v -59.515708 -4.456278 28.659267
v -59.522439 -4.458056 28.652536
v -59.570445 -4.469587 28.604504
v -59.576109 -4.470806 28.598865
v -59.625740 -4.480509 28.549234
v -59.630287 -4.481297 28.544688
v -59.681417 -4.489018 28.493557
v -59.684872 -4.489450 28.490103
v -59.737424 -4.495114 28.437525
v -59.739736 -4.495292 28.435239
v -59.793660 -4.498772 28.381315
v -59.849997 -4.499991 28.324977
v -58.600393 -2.079117 8.975003
v -58.601587 -2.098091 8.975003
v -58.600393 -2.079117 8.475004
v -58.603594 -2.116988 8.975003
v -58.601587 -2.098091 8.475004
v -58.606388 -2.135784 8.975003
v -58.603594 -2.116988 8.475004
v -58.609969 -2.154428 8.975003
v -58.606388 -2.135784 8.475004
v -58.614363 -2.172919 8.975003
v -58.609969 -2.154428 8.475004
v -58.619494 -2.191207 8.975003
v -58.614363 -2.172919 8.475004
v -58.625412 -2.209267 8.975003
v -58.619494 -2.191207 8.475004
v -58.632092 -2.227072 8.975003
v -58.625412 -2.209267 8.475004
v -58.639509 -2.244547 8.975003
v -58.632092 -2.227072 8.475004
v -58.647663 -2.261718 8.975003
v -58.639509 -2.244547 8.475004
v -58.656527 -2.278507 8.975003
v -58.647663 -2.261718 8.475004
v -58.666103 -2.294941 8.975003
v -58.656527 -2.278507 8.475004
v -58.676365 -2.310917 8.975003
v -58.666103 -2.294941 8.475004
v -58.687287 -2.326488 8.975003
v -58.676365 -2.310917 8.475004
v -58.698844 -2.341550 8.975003
v -58.687287 -2.326488 8.475004
v -58.711036 -2.356129 8.975003
v -58.698844 -2.341550 8.475004
v -58.723837 -2.370176 8.975003
v -58.711036 -2.356129 8.475004
v -58.737198 -2.383663 8.975003
v -58.723837 -2.370176 8.475004
v -58.751142 -2.396566 8.975003
v -58.737198 -2.383663 8.475004
v -58.765620 -2.408885 8.975003
v -58.751142 -2.396566 8.475004
v -58.780581 -2.420595 8.975003
v -58.765620 -2.408885 8.475004
v -58.796049 -2.431644 8.975003
v -58.780581 -2.420595 8.475004
v -58.811950 -2.442032 8.975003
v -58.796049 -2.431644 8.475004
v -58.828282 -2.451735 8.975003
v -58.811950 -2.442032 8.475004
v -58.845021 -2.460752 8.975003
v -58.828282 -2.451735 8.475004
v -58.862115 -2.469032 8.975003
v -58.845021 -2.460752 8.475004
v -58.879539 -2.476602 8.975003
v -58.862115 -2.469032 8.475004
v -58.897269 -2.483434 8.975003
v -58.879539 -2.476602 8.475004
v -58.915277 -2.489505 8.975003
v -58.897269 -2.483434 8.475004
v -58.933514 -2.494788 8.975003
v -58.915277 -2.489505 8.475004
v -58.933514 -2.494788 8.475004
v -59.177634 -2.560218 8.475004
v -59.177634 -2.560218 8.975003
v -59.189800 -2.563749 8.475004
v -59.189800 -2.563749 8.975003
v -59.201789 -2.567788 8.475004
v -59.201789 -2.567788 8.975003
v -59.213625 -2.572334 8.475004
v -59.213625 -2.572334 8.975003
v -59.225233 -2.577389 8.475004
v -59.225233 -2.577389 8.975003
v -59.236638 -2.582926 8.475004
v -59.236638 -2.582926 8.975003
v -59.247788 -2.588920 8.475004
v -59.247788 -2.588920 8.975003
v -59.258685 -2.595397 8.475004
v -59.258685 -2.595397 8.975003
v -59.269277 -2.602332 8.475004
v -59.269277 -2.602332 8.975003
v -59.279589 -2.609698 8.475004
v -59.279589 -2.609698 8.975003
v -59.289571 -2.617495 8.475004
v -59.289571 -2.617495 8.975003
v -59.299224 -2.625700 8.475004
v -59.299224 -2.625700 8.975003
v -59.308495 -2.634310 8.475004
v -59.308495 -2.634310 8.975003
v -59.317435 -2.643302 8.475004
v -59.317435 -2.643302 8.975003
v -59.325970 -2.652649 8.475004
v -59.325970 -2.652649 8.975003
v -59.334098 -2.662377 8.475004
v -59.334098 -2.662377 8.975003
v -59.341794 -2.672436 8.475004
v -59.341794 -2.672436 8.975003
v -59.349084 -2.682799 8.475004
v -59.349084 -2.682799 8.975003
v -59.355916 -2.693441 8.475004
v -59.355916 -2.693441 8.975003
v -59.362292 -2.704389 8.475004
v -59.362292 -2.704389 8.975003
v -59.368210 -2.715590 8.475004
v -59.368210 -2.715590 8.975003
v -59.373645 -2.727046 8.475004
v -59.373645 -2.727046 8.975003
v -59.378573 -2.738704 8.475004
v -59.378573 -2.738704 8.975003
v -59.383044 -2.750566 8.475004
v -59.383044 -2.750566 8.975003
v -59.386980 -2.762606 8.475004
v -59.386980 -2.762606 8.975003
v -59.390409 -2.774798 8.475004
v -59.390409 -2.774798 8.975003
v -59.393330 -2.787117 8.475004
v -59.393330 -2.787117 8.975003
v -59.395718 -2.799563 8.475004
v -59.395718 -2.799563 8.975003
v -59.397572 -2.812085 8.475004
v -59.397572 -2.812085 8.975003
v -59.398918 -2.824683 8.475004
v -59.398918 -2.824683 8.975003
v -59.399731 -2.837332 8.475004
v -59.399731 -2.837332 8.975003
v -59.399985 -2.849982 8.475004
v -59.399985 -2.849982 8.975003
v -58.894703 -2.639695 8.975003
v -58.894703 -2.639695 8.475004
v -58.870573 -2.632685 8.475004
v -58.870573 -2.632685 8.975003
v -58.846748 -2.624658 8.475004
v -58.846748 -2.624658 8.975003
v -58.823304 -2.615667 8.475004
v -58.823304 -2.615667 8.975003
v -58.800240 -2.605684 8.475004
v -58.800240 -2.605684 8.975003
v -58.777634 -2.594762 8.475004
v -58.777634 -2.594762 8.975003
v -58.755486 -2.582875 8.475004
v -58.755486 -2.582875 8.975003
v -58.733845 -2.570099 8.475004
v -58.733845 -2.570099 8.975003
v -58.712788 -2.556408 8.475004
v -58.712788 -2.556408 8.975003
v -58.692316 -2.541854 8.475004
v -58.692316 -2.541854 8.975003
v -58.672453 -2.526462 8.475004
v -58.672453 -2.526462 8.975003
v -58.653251 -2.510257 8.475004
v -58.653251 -2.510257 8.975003
v -58.634759 -2.493239 8.475004
v -58.634759 -2.493239 8.975003
v -58.617005 -2.475484 8.475004
v -58.617005 -2.475484 8.975003
v -59.138822 -2.705100 8.975003
v -59.138822 -2.705100 8.475004
v -59.249846 -2.843657 8.975003
v -59.249998 -2.849982 8.975003
v -59.249998 -2.849982 8.475004
v -59.249465 -2.837332 8.975003
v -59.249846 -2.843657 8.475004
v -59.248779 -2.831033 8.975003
v -59.249465 -2.837332 8.475004
v -59.247865 -2.824785 8.975003
v -59.248779 -2.831033 8.475004
v -59.246645 -2.818562 8.975003
v -59.247865 -2.824785 8.475004
v -59.245198 -2.812390 8.975003
v -59.246645 -2.818562 8.475004
v -59.243470 -2.806294 8.975003
v -59.245198 -2.812390 8.475004
v -59.241515 -2.800274 8.975003
v -59.243470 -2.806294 8.475004
v -59.239279 -2.794356 8.975003
v -59.241515 -2.800274 8.475004
v -59.236816 -2.788514 8.975003
v -59.239279 -2.794356 8.475004
v -59.234098 -2.782799 8.975003
v -59.236816 -2.788514 8.475004
v -59.231152 -2.777185 8.975003
v -59.234098 -2.782799 8.475004
v -59.227951 -2.771724 8.975003
v -59.231152 -2.777185 8.475004
v -59.224522 -2.766390 8.975003
v -59.227951 -2.771724 8.475004
v -59.220890 -2.761209 8.975003
v -59.224522 -2.766390 8.475004
v -59.217029 -2.756179 8.975003
v -59.220890 -2.761209 8.475004
v -59.212965 -2.751328 8.975003
v -59.217029 -2.756179 8.475004
v -59.208698 -2.746654 8.975003
v -59.212965 -2.751328 8.475004
v -59.204253 -2.742133 8.975003
v -59.208698 -2.746654 8.475004
v -59.199605 -2.737841 8.975003
v -59.204253 -2.742133 8.475004
v -59.194779 -2.733726 8.975003
v -59.199605 -2.737841 8.475004
v -59.189775 -2.729840 8.975003
v -59.194779 -2.733726 8.475004
v -59.184644 -2.726157 8.975003
v -59.189775 -2.729840 8.475004
v -59.179335 -2.722702 8.975003
v -59.184644 -2.726157 8.475004
v -59.173900 -2.719451 8.975003
v -59.179335 -2.722702 8.475004
v -59.168312 -2.716454 8.975003
v -59.173900 -2.719451 8.475004
v -59.162622 -2.713685 8.975003
v -59.168312 -2.716454 8.475004
v -59.156806 -2.711171 8.975003
v -59.162622 -2.713685 8.475004
v -59.150888 -2.708885 8.975003
v -59.156806 -2.711171 8.475004
v -59.144893 -2.706878 8.975003
v -59.150888 -2.708885 8.475004
v -59.144893 -2.706878 8.475004
v -58.600393 -2.079117 10.025014
v -58.601587 -2.098091 10.025014
v -58.600393 -2.079117 9.525015
v -58.603594 -2.116988 10.025014
v -58.601587 -2.098091 9.525015
v -58.606388 -2.135784 10.025014
v -58.603594 -2.116988 9.525015
v -58.609969 -2.154428 10.025014
v -58.606388 -2.135784 9.525015
v -58.614363 -2.172919 10.025014
v -58.609969 -2.154428 9.525015
v -58.619494 -2.191207 10.025014
v -58.614363 -2.172919 9.525015
v -58.625412 -2.209267 10.025014
v -58.619494 -2.191207 9.525015
v -58.632092 -2.227072 10.025014
v -58.625412 -2.209267 9.525015
v -58.639509 -2.244547 10.025014
v -58.632092 -2.227072 9.525015
v -58.647663 -2.261718 10.025014
v -58.639509 -2.244547 9.525015
v -58.656527 -2.278507 10.025014
v -58.647663 -2.261718 9.525015
v -58.666103 -2.294941 10.025014
v -58.656527 -2.278507 9.525015
v -58.676365 -2.310917 10.025014
v -58.666103 -2.294941 9.525015
v -58.687287 -2.326488 10.025014
v -58.676365 -2.310917 9.525015
v -58.698844 -2.341550 10.025014
v -58.687287 -2.326488 9.525015
v -58.711036 -2.356129 10.025014
v -58.698844 -2.341550 9.525015
v -58.723837 -2.370176 10.025014
v -58.711036 -2.356129 9.525015
v -58.737198 -2.383663 10.025014
v -58.723837 -2.370176 9.525015
v -58.751142 -2.396566 10.025014
v -58.737198 -2.383663 9.525015
v -58.765620 -2.408885 10.025014
v -58.751142 -2.396566 9.525015
v -58.780581 -2.420595 10.025014
v -58.765620 -2.408885 9.525015
v -58.796049 -2.431644 10.025014
v -58.780581 -2.420595 9.525015
v -58.811950 -2.442032 10.025014
v -58.796049 -2.431644 9.525015
v -58.828282 -2.451735 10.025014
v -58.811950 -2.442032 9.525015
v -58.845021 -2.460752 10.025014
v -58.828282 -2.451735 9.525015
v -58.862115 -2.469032 10.025014
v -58.845021 -2.460752 9.525015
v -58.879539 -2.476602 10.025014
v -58.862115 -2.469032 9.525015
v -58.897269 -2.483434 10.025014
v -58.879539 -2.476602 9.525015
v -58.915277 -2.489505 10.025014
v -58.897269 -2.483434 9.525015
v -58.933514 -2.494788 10.025014
v -58.915277 -2.489505 9.525015
v -58.933514 -2.494788 9.525015
v -59.177634 -2.560218 9.525015
v -59.177634 -2.560218 10.025014
v -59.189800 -2.563749 9.525015
v -59.189800 -2.563749 10.025014
v -59.201789 -2.567788 9.525015
v -59.201789 -2.567788 10.025014
v -59.213625 -2.572334 9.525015
v -59.213625 -2.572334 10.025014
v -59.225233 -2.577389 9.525015
v -59.225233 -2.577389 10.025014
v -59.236638 -2.582926 9.525015
v -59.236638 -2.582926 10.025014
v -59.247788 -2.588920 9.525015
v -59.247788 -2.588920 10.025014
v -59.258685 -2.595397 9.525015
v -59.258685 -2.595397 10.025014
v -59.269277 -2.602332 9.525015
v -59.269277 -2.602332 10.025014
v -59.279589 -2.609698 9.525015
v -59.279589 -2.609698 10.025014
v -59.289571 -2.617495 9.525015
v -59.289571 -2.617495 10.025014
v -59.299224 -2.625700 9.525015
v -59.299224 -2.625700 10.025014
v -59.308495 -2.634310 9.525015
v -59.308495 -2.634310 10.025014
v -59.317435 -2.643302 9.525015
v -59.317435 -2.643302 10.025014
v -59.325970 -2.652649 9.525015
v -59.325970 -2.652649 10.025014
v -59.334098 -2.662377 9.525015
v -59.334098 -2.662377 10.025014
v -59.341794 -2.672436 9.525015
v -59.341794 -2.672436 10.025014
v -59.349084 -2.682799 9.525015
v -59.349084 -2.682799 10.025014
v -59.355916 -2.693441 9.525015
v -59.355916 -2.693441 10.025014
v -59.362292 -2.704389 9.525015
v -59.362292 -2.704389 10.025014
v -59.368210 -2.715590 9.525015
v -59.368210 -2.715590 10.025014
v -59.373645 -2.727046 9.525015
v -59.373645 -2.727046 10.025014
v -59.378573 -2.738704 9.525015
v -59.378573 -2.738704 10.025014
v -59.383044 -2.750566 9.525015
v -59.383044 -2.750566 10.025014
v -59.386980 -2.762606 9.525015
v -59.386980 -2.762606 10.025014
v -59.390409 -2.774798 9.525015
v -59.390409 -2.774798 10.025014
v -59.393330 -2.787117 9.525015
v -59.393330 -2.787117 10.025014
v -59.395718 -2.799563 9.525015
v -59.395718 -2.799563 10.025014
v -59.397572 -2.812085 9.525015
v -59.397572 -2.812085 10.025014
v -59.398918 -2.824683 9.525015
v -59.398918 -2.824683 10.025014
v -59.399731 -2.837332 9.525015
v -59.399731 -2.837332 10.025014
v -59.399985 -2.849982 9.525015
v -59.399985 -2.849982 10.025014
v -58.894703 -2.639695 10.025014
v -58.894703 -2.639695 9.525015
v -58.870573 -2.632685 9.525015
v -58.870573 -2.632685 10.025014
v -58.846748 -2.624658 9.525015
v -58.846748 -2.624658 10.025014
v -58.823304 -2.615667 9.525015
v -58.823304 -2.615667 10.025014
v -58.800240 -2.605684 9.525015
v -58.800240 -2.605684 10.025014
v -58.777634 -2.594762 9.525015
v -58.777634 -2.594762 10.025014
v -58.755486 -2.582875 9.525015
v -58.755486 -2.582875 10.025014
v -58.733845 -2.570099 9.525015
v -58.733845 -2.570099 10.025014
v -58.712788 -2.556408 9.525015
v -58.712788 -2.556408 10.025014
v -58.692316 -2.541854 9.525015
v -58.692316 -2.541854 10.025014
v -58.672453 -2.526462 9.525015
v -58.672453 -2.526462 10.025014
v -58.653251 -2.510257 9.525015
v -58.653251 -2.510257 10.025014
v -58.634759 -2.493239 9.525015
v -58.634759 -2.493239 10.025014
v -58.617005 -2.475484 9.525015
v -58.617005 -2.475484 10.025014
v -59.138822 -2.705100 10.025014
v -59.138822 -2.705100 9.525015
v -59.249846 -2.843657 10.025014
v -59.249998 -2.849982 10.025014
v -59.249998 -2.849982 9.525015
v -59.249465 -2.837332 10.025014
v -59.249846 -2.843657 9.525015
v -59.248779 -2.831033 10.025014
v -59.249465 -2.837332 9.525015
v -59.247865 -2.824785 10.025014
v -59.248779 -2.831033 9.525015
v -59.246645 -2.818562 10.025014
v -59.247865 -2.824785 9.525015
v -59.245198 -2.812390 10.025014
v -59.246645 -2.818562 9.525015
v -59.243470 -2.806294 10.025014
v -59.245198 -2.812390 9.525015
v -59.241515 -2.800274 10.025014
v -59.243470 -2.806294 9.525015
v -59.239279 -2.794356 10.025014
v -59.241515 -2.800274 9.525015
v -59.236816 -2.788514 10.025014
v -59.239279 -2.794356 9.525015
v -59.234098 -2.782799 10.025014
v -59.236816 -2.788514 9.525015
v -59.231152 -2.777185 10.025014
v -59.234098 -2.782799 9.525015
v -59.227951 -2.771724 10.025014
v -59.231152 -2.777185 9.525015
v -59.224522 -2.766390 10.025014
v -59.227951 -2.771724 9.525015
v -59.220890 -2.761209 10.025014
v -59.224522 -2.766390 9.525015
v -59.217029 -2.756179 10.025014
v -59.220890 -2.761209 9.525015
v -59.212965 -2.751328 10.025014
v -59.217029 -2.756179 9.525015
v -59.208698 -2.746654 10.025014
v -59.212965 -2.751328 9.525015
v -59.204253 -2.742133 10.025014
v -59.208698 -2.746654 9.525015
v -59.199605 -2.737841 10.025014
v -59.204253 -2.742133 9.525015
v -59.194779 -2.733726 10.025014
v -59.199605 -2.737841 9.525015
v -59.189775 -2.729840 10.025014
v -59.194779 -2.733726 9.525015
v -59.184644 -2.726157 10.025014
v -59.189775 -2.729840 9.525015
v -59.179335 -2.722702 10.025014
v -59.184644 -2.726157 9.525015
v -59.173900 -2.719451 10.025014
v -59.179335 -2.722702 9.525015
v -59.168312 -2.716454 10.025014
v -59.173900 -2.719451 9.525015
v -59.162622 -2.713685 10.025014
v -59.168312 -2.716454 9.525015
v -59.156806 -2.711171 10.025014
v -59.162622 -2.713685 9.525015
v -59.150888 -2.708885 10.025014
v -59.156806 -2.711171 9.525015
v -59.144893 -2.706878 10.025014
v -59.150888 -2.708885 9.525015
v -59.144893 -2.706878 9.525015
v -58.600393 -2.079117 11.074999
v -58.601587 -2.098091 11.074999
v -58.600393 -2.079117 10.575000
v -58.603594 -2.116988 11.074999
v -58.601587 -2.098091 10.575000
v -58.606388 -2.135784 11.074999
v -58.603594 -2.116988 10.575000
v -58.609969 -2.154428 11.074999
v -58.606388 -2.135784 10.575000
v -58.614363 -2.172919 11.074999
v -58.609969 -2.154428 10.575000
v -58.619494 -2.191207 11.074999
v -58.614363 -2.172919 10.575000
v -58.625412 -2.209267 11.074999
v -58.619494 -2.191207 10.575000
v -58.632092 -2.227072 11.074999
v -58.625412 -2.209267 10.575000
v -58.639509 -2.244547 11.074999
v -58.632092 -2.227072 10.575000
v -58.647663 -2.261718 11.074999
v -58.639509 -2.244547 10.575000
v -58.656527 -2.278507 11.074999
v -58.647663 -2.261718 10.575000
v -58.666103 -2.294941 11.074999
v -58.656527 -2.278507 10.575000
v -58.676365 -2.310917 11.074999
v -58.666103 -2.294941 10.575000
v -58.687287 -2.326488 11.074999
v -58.676365 -2.310917 10.575000
v -58.698844 -2.341550 11.074999
v -58.687287 -2.326488 10.575000
v -58.711036 -2.356129 11.074999
v -58.698844 -2.341550 10.575000
v -58.723837 -2.370176 11.074999
v -58.711036 -2.356129 10.575000
v -58.737198 -2.383663 11.074999
v -58.723837 -2.370176 10.575000
v -58.751142 -2.396566 11.074999
v -58.737198 -2.383663 10.575000
v -58.765620 -2.408885 11.074999
v -58.751142 -2.396566 10.575000
v -58.780581 -2.420595 11.074999
v -58.765620 -2.408885 10.575000
v -58.796049 -2.431644 11.074999
v -58.780581 -2.420595 10.575000
v -58.811950 -2.442032 11.074999
v -58.796049 -2.431644 10.575000
v -58.828282 -2.451735 11.074999
v -58.811950 -2.442032 10.575000
v -58.845021 -2.460752 11.074999
v -58.828282 -2.451735 10.575000
v -58.862115 -2.469032 11.074999
v -58.845021 -2.460752 10.575000
v -58.879539 -2.476602 11.074999
v -58.862115 -2.469032 10.575000
v -58.897269 -2.483434 11.074999
v -58.879539 -2.476602 10.575000
v -58.915277 -2.489505 11.074999
v -58.897269 -2.483434 10.575000
v -58.933514 -2.494788 11.074999
v -58.915277 -2.489505 10.575000
v -58.933514 -2.494788 10.575000
v -59.177634 -2.560218 10.575000
v -59.177634 -2.560218 11.074999
v -59.189800 -2.563749 10.575000
v -59.189800 -2.563749 11.074999
v -59.201789 -2.567788 10.575000
v -59.201789 -2.567788 11.074999
v -59.213625 -2.572334 10.575000
v -59.213625 -2.572334 11.074999
v -59.225233 -2.577389 10.575000
v -59.225233 -2.577389 11.074999
v -59.236638 -2.582926 10.575000
v -59.236638 -2.582926 11.074999
v -59.247788 -2.588920 10.575000
v -59.247788 -2.588920 11.074999
v -59.258685 -2.595397 10.575000
v -59.258685 -2.595397 11.074999
v -59.269277 -2.602332 10.575000
v -59.269277 -2.602332 11.074999
v -59.279589 -2.609698 10.575000
v -59.279589 -2.609698 11.074999
v -59.289571 -2.617495 10.575000
v -59.289571 -2.617495 11.074999
v -59.299224 -2.625700 10.575000
v -59.299224 -2.625700 11.074999
v -59.308495 -2.634310 10.575000
v -59.308495 -2.634310 11.074999
v -59.317435 -2.643302 10.575000
v -59.317435 -2.643302 11.074999
v -59.325970 -2.652649 10.575000
v -59.325970 -2.652649 11.074999
v -59.334098 -2.662377 10.575000
v -59.334098 -2.662377 11.074999
v -59.341794 -2.672436 10.575000
v -59.341794 -2.672436 11.074999
v -59.349084 -2.682799 10.575000
v -59.349084 -2.682799 11.074999
v -59.355916 -2.693441 10.575000
v -59.355916 -2.693441 11.074999
v -59.362292 -2.704389 10.575000
v -59.362292 -2.704389 11.074999
v -59.368210 -2.715590 10.575000
v -59.368210 -2.715590 11.074999
v -59.373645 -2.727046 10.575000
v -59.373645 -2.727046 11.074999
v -59.378573 -2.738704 10.575000
v -59.378573 -2.738704 11.074999
v -59.383044 -2.750566 10.575000
v -59.383044 -2.750566 11.074999
v -59.386980 -2.762606 10.575000
v -59.386980 -2.762606 11.074999
v -59.390409 -2.774798 10.575000
v -59.390409 -2.774798 11.074999
v -59.393330 -2.787117 10.575000
v -59.393330 -2.787117 11.074999
v -59.395718 -2.799563 10.575000
v -59.395718 -2.799563 11.074999
v -59.397572 -2.812085 10.575000
v -59.397572 -2.812085 11.074999
v -59.398918 -2.824683 10.575000
v -59.398918 -2.824683 11.074999
v -59.399731 -2.837332 10.575000
v -59.399731 -2.837332 11.074999
v -59.399985 -2.849982 10.575000
v -59.399985 -2.849982 11.074999
v -58.894703 -2.639695 11.074999
v -58.894703 -2.639695 10.575000
v -58.870573 -2.632685 10.575000
v -58.870573 -2.632685 11.074999
v -58.846748 -2.624658 10.575000
v -58.846748 -2.624658 11.074999
v -58.823304 -2.615667 10.575000
v -58.823304 -2.615667 11.074999
v -58.800240 -2.605684 10.575000
v -58.800240 -2.605684 11.074999
v -58.777634 -2.594762 10.575000
v -58.777634 -2.594762 11.074999
v -58.755486 -2.582875 10.575000
v -58.755486 -2.582875 11.074999
v -58.733845 -2.570099 10.575000
v -58.733845 -2.570099 11.074999
v -58.712788 -2.556408 10.575000
v -58.712788 -2.556408 11.074999
v -58.692316 -2.541854 10.575000
v -58.692316 -2.541854 11.074999
v -58.672453 -2.526462 10.575000
v -58.672453 -2.526462 11.074999
v -58.653251 -2.510257 10.575000
v -58.653251 -2.510257 11.074999
v -58.634759 -2.493239 10.575000
v -58.634759 -2.493239 11.074999
v -58.617005 -2.475484 10.575000
v -58.617005 -2.475484 11.074999
v -59.138822 -2.705100 11.074999
v -59.138822 -2.705100 10.575000
v -59.249846 -2.843657 11.074999
v -59.249998 -2.849982 11.074999
v -59.249998 -2.849982 10.575000
v -59.249465 -2.837332 11.074999
v -59.249846 -2.843657 10.575000
v -59.248779 -2.831033 11.074999
v -59.249465 -2.837332 10.575000
v -59.247865 -2.824785 11.074999
v -59.248779 -2.831033 10.575000
v -59.246645 -2.818562 11.074999
v -59.247865 -2.824785 10.575000
v -59.245198 -2.812390 11.074999
v -59.246645 -2.818562 10.575000
v -59.243470 -2.806294 11.074999
v -59.245198 -2.812390 10.575000
v -59.241515 -2.800274 11.074999
v -59.243470 -2.806294 10.575000
v -59.239279 -2.794356 11.074999
v -59.241515 -2.800274 10.575000
v -59.236816 -2.788514 11.074999
v -59.239279 -2.794356 10.575000
v -59.234098 -2.782799 11.074999
v -59.236816 -2.788514 10.575000
v -59.231152 -2.777185 11.074999
v -59.234098 -2.782799 10.575000
v -59.227951 -2.771724 11.074999
v -59.231152 -2.777185 10.575000
v -59.224522 -2.766390 11.074999
v -59.227951 -2.771724 10.575000
v -59.220890 -2.761209 11.074999
v -59.224522 -2.766390 10.575000
v -59.217029 -2.756179 11.074999
v -59.220890 -2.761209 10.575000
v -59.212965 -2.751328 11.074999
v -59.217029 -2.756179 10.575000
v -59.208698 -2.746654 11.074999
v -59.212965 -2.751328 10.575000
v -59.204253 -2.742133 11.074999
v -59.208698 -2.746654 10.575000
v -59.199605 -2.737841 11.074999
v -59.204253 -2.742133 10.575000
v -59.194779 -2.733726 11.074999
v -59.199605 -2.737841 10.575000
v -59.189775 -2.729840 11.074999
v -59.194779 -2.733726 10.575000
v -59.184644 -2.726157 11.074999
v -59.189775 -2.729840 10.575000
v -59.179335 -2.722702 11.074999
v -59.184644 -2.726157 10.575000
v -59.173900 -2.719451 11.074999
v -59.179335 -2.722702 10.575000
v -59.168312 -2.716454 11.074999
v -59.173900 -2.719451 10.575000
v -59.162622 -2.713685 11.074999
v -59.168312 -2.716454 10.575000
v -59.156806 -2.711171 11.074999
v -59.162622 -2.713685 10.575000
v -59.150888 -2.708885 11.074999
v -59.156806 -2.711171 10.575000
v -59.144893 -2.706878 11.074999
v -59.150888 -2.708885 10.575000
v -59.144893 -2.706878 10.575000
v -59.399985 -4.849978 8.475004
v -59.399985 -4.849978 8.975003
v -59.399731 -4.862652 8.475004
v -59.399731 -4.862652 8.975003
v -59.398918 -4.875301 8.475004
v -59.398918 -4.875301 8.975003
v -59.397572 -4.887900 8.475004
v -59.397572 -4.887900 8.975003
v -59.395718 -4.900422 8.475004
v -59.395718 -4.900422 8.975003
v -59.393330 -4.912868 8.475004
v -59.393330 -4.912868 8.975003
v -59.390409 -4.925187 8.475004
v -59.390409 -4.925187 8.975003
v -59.386980 -4.937379 8.475004
v -59.386980 -4.937379 8.975003
v -59.383044 -4.949419 8.475004
v -59.383044 -4.949419 8.975003
v -59.378573 -4.961280 8.475004
v -59.378573 -4.961280 8.975003
v -59.373645 -4.972939 8.475004
v -59.373645 -4.972939 8.975003
v -59.368210 -4.984369 8.475004
v -59.368210 -4.984369 8.975003
v -59.362292 -4.995570 8.475004
v -59.362292 -4.995570 8.975003
v -59.355916 -5.006518 8.475004
v -59.355916 -5.006518 8.975003
v -59.349084 -5.017186 8.475004
v -59.349084 -5.017186 8.975003
v -59.341794 -5.027549 8.475004
v -59.341794 -5.027549 8.975003
v -59.334098 -5.037607 8.475004
v -59.334098 -5.037607 8.975003
v -59.325970 -5.047310 8.475004
v -59.325970 -5.047310 8.975003
v -59.317435 -5.056683 8.475004
v -59.317435 -5.056683 8.975003
v -59.308495 -5.065674 8.475004
v -59.308495 -5.065674 8.975003
v -59.299224 -5.074285 8.475004
v -59.299224 -5.074285 8.975003
v -59.289571 -5.082489 8.475004
v -59.289571 -5.082489 8.975003
v -59.279589 -5.090287 8.475004
v -59.279589 -5.090287 8.975003
v -59.269277 -5.097653 8.475004
v -59.269277 -5.097653 8.975003
v -59.258685 -5.104587 8.475004
v -59.258685 -5.104587 8.975003
v -59.247788 -5.111064 8.475004
v -59.247788 -5.111064 8.975003
v -59.236638 -5.117059 8.475004
v -59.236638 -5.117059 8.975003
v -59.225233 -5.122596 8.475004
v -59.225233 -5.122596 8.975003
v -59.213625 -5.127625 8.475004
v -59.213625 -5.127625 8.975003
v -59.201789 -5.132171 8.475004
v -59.201789 -5.132171 8.975003
v -59.189800 -5.136236 8.475004
v -59.189800 -5.136236 8.975003
v -59.177634 -5.139766 8.475004
v -59.177634 -5.139766 8.975003
v -58.933514 -5.205171 8.475004
v -58.933514 -5.205171 8.975003
v -58.915277 -5.210480 8.975003
v -58.897269 -5.216550 8.975003
v -58.915277 -5.210480 8.475004
v -58.879539 -5.223383 8.975003
v -58.897269 -5.216550 8.475004
v -58.862115 -5.230927 8.975003
v -58.879539 -5.223383 8.475004
v -58.845021 -5.239232 8.975003
v -58.862115 -5.230927 8.475004
v -58.828282 -5.248250 8.975003
v -58.845021 -5.239232 8.475004
v -58.811950 -5.257953 8.975003
v -58.828282 -5.248250 8.475004
v -58.796049 -5.268341 8.975003
v -58.811950 -5.257953 8.475004
v -58.780581 -5.279390 8.975003
v -58.796049 -5.268341 8.475004
v -58.765620 -5.291074 8.975003
v -58.780581 -5.279390 8.475004
v -58.751142 -5.303393 8.975003
v -58.765620 -5.291074 8.475004
v -58.737198 -5.316322 8.975003
v -58.751142 -5.303393 8.475004
v -58.723837 -5.329809 8.975003
v -58.737198 -5.316322 8.475004
v -58.711036 -5.343855 8.975003
v -58.723837 -5.329809 8.475004
v -58.698844 -5.358435 8.975003
v -58.711036 -5.343855 8.475004
v -58.687287 -5.373497 8.975003
v -58.698844 -5.358435 8.475004
v -58.676365 -5.389042 8.975003
v -58.687287 -5.373497 8.475004
v -58.666103 -5.405044 8.975003
v -58.676365 -5.389042 8.475004
v -58.656527 -5.421452 8.975003
v -58.666103 -5.405044 8.475004
v -58.647663 -5.438267 8.975003
v -58.656527 -5.421452 8.475004
v -58.639509 -5.455412 8.975003
v -58.647663 -5.438267 8.475004
v -58.632092 -5.472913 8.975003
v -58.639509 -5.455412 8.475004
v -58.625412 -5.490693 8.975003
v -58.632092 -5.472913 8.475004
v -58.619494 -5.508752 8.975003
v -58.625412 -5.490693 8.475004
v -58.614363 -5.527040 8.975003
v -58.619494 -5.508752 8.475004
v -58.609969 -5.545531 8.975003
v -58.614363 -5.527040 8.475004
v -58.606388 -5.564200 8.975003
v -58.609969 -5.545531 8.475004
v -58.603594 -5.582996 8.975003
v -58.606388 -5.564200 8.475004
v -58.601587 -5.601894 8.975003
v -58.603594 -5.582996 8.475004
v -58.600393 -5.620842 8.975003
v -58.601587 -5.601894 8.475004
v -58.600393 -5.620842 8.475004
v -58.617005 -5.224501 8.475004
v -58.617005 -5.224501 8.975003
v -58.634759 -5.206721 8.475004
v -58.634759 -5.206721 8.975003
v -58.653251 -5.189728 8.475004
v -58.653251 -5.189728 8.975003
v -58.672453 -5.173498 8.475004
v -58.672453 -5.173498 8.975003
v -58.692316 -5.158105 8.475004
v -58.692316 -5.158105 8.975003
v -58.712788 -5.143551 8.475004
v -58.712788 -5.143551 8.975003
v -58.733845 -5.129886 8.475004
v -58.733845 -5.129886 8.975003
v -58.755486 -5.117084 8.475004
v -58.755486 -5.117084 8.975003
v -58.777634 -5.105222 8.475004
v -58.777634 -5.105222 8.975003
v -58.800240 -5.094300 8.475004
v -58.800240 -5.094300 8.975003
v -58.823304 -5.084318 8.475004
v -58.823304 -5.084318 8.975003
v -58.846748 -5.075301 8.475004
v -58.846748 -5.075301 8.975003
v -58.870573 -5.067300 8.475004
v -58.870573 -5.067300 8.975003
v -58.894703 -5.060289 8.475004
v -58.894703 -5.060289 8.975003
v -59.249998 -4.849978 8.475004
v -59.249846 -4.856328 8.475004
v -59.199605 -4.962144 8.475004
v -59.194779 -4.966233 8.475004
v -59.204253 -4.957826 8.475004
v -59.236816 -4.911471 8.475004
v -59.234098 -4.917186 8.475004
v -59.239279 -4.905629 8.475004
v -59.243470 -4.893691 8.475004
v -59.241515 -4.899711 8.475004
v -59.245198 -4.887595 8.475004
v -59.208698 -4.953330 8.475004
v -59.212965 -4.948657 8.475004
v -59.217029 -4.943805 8.475004
v -59.231152 -4.922774 8.475004
v -59.246645 -4.881423 8.475004
v -59.247865 -4.875200 8.475004
v -59.249465 -4.862652 8.475004
v -59.138822 -4.994885 8.475004
v -59.144893 -4.993106 8.475004
v -59.173900 -4.980508 8.475004
v -59.168312 -4.983531 8.475004
v -59.179335 -4.977283 8.475004
v -59.220890 -4.938776 8.475004
v -59.224522 -4.933594 8.475004
v -59.227951 -4.928260 8.475004
v -59.248779 -4.868926 8.475004
v -59.184644 -4.973828 8.475004
v -59.156806 -4.988814 8.475004
v -59.150888 -4.991075 8.475004
v -59.162622 -4.986299 8.475004
v -59.189775 -4.970145 8.475004
v -59.249998 -4.849978 8.975003
v -59.249846 -4.856328 8.975003
v -59.249465 -4.862652 8.975003
v -59.246645 -4.881423 8.975003
v -59.245198 -4.887595 8.975003
v -59.243470 -4.893691 8.975003
v -59.241515 -4.899711 8.975003
v -59.236816 -4.911471 8.975003
v -59.234098 -4.917186 8.975003
v -59.199605 -4.962144 8.975003
v -59.204253 -4.957826 8.975003
v -59.194779 -4.966233 8.975003
v -59.247865 -4.875200 8.975003
v -59.248779 -4.868926 8.975003
v -59.239279 -4.905629 8.975003
v -59.231152 -4.922774 8.975003
v -59.212965 -4.948657 8.975003
v -59.217029 -4.943805 8.975003
v -59.208698 -4.953330 8.975003
v -59.173900 -4.980508 8.975003
v -59.179335 -4.977283 8.975003
v -59.168312 -4.983531 8.975003
v -59.138822 -4.994885 8.975003
v -59.144893 -4.993106 8.975003
v -59.227951 -4.928260 8.975003
v -59.224522 -4.933594 8.975003
v -59.220890 -4.938776 8.975003
v -59.184644 -4.973828 8.975003
v -59.189775 -4.970145 8.975003
v -59.162622 -4.986299 8.975003
v -59.156806 -4.988814 8.975003
v -59.150888 -4.991075 8.975003
v -59.399985 -4.849978 9.525015
v -59.399985 -4.849978 10.025014
v -59.399731 -4.862652 9.525015
v -59.399731 -4.862652 10.025014
v -59.398918 -4.875301 9.525015
v -59.398918 -4.875301 10.025014
v -59.397572 -4.887900 9.525015
v -59.397572 -4.887900 10.025014
v -59.395718 -4.900422 9.525015
v -59.395718 -4.900422 10.025014
v -59.393330 -4.912868 9.525015
v -59.393330 -4.912868 10.025014
v -59.390409 -4.925187 9.525015
v -59.390409 -4.925187 10.025014
v -59.386980 -4.937379 9.525015
v -59.386980 -4.937379 10.025014
v -59.383044 -4.949419 9.525015
v -59.383044 -4.949419 10.025014
v -59.378573 -4.961280 9.525015
v -59.378573 -4.961280 10.025014
v -59.373645 -4.972939 9.525015
v -59.373645 -4.972939 10.025014
v -59.368210 -4.984369 9.525015
v -59.368210 -4.984369 10.025014
v -59.362292 -4.995570 9.525015
v -59.362292 -4.995570 10.025014
v -59.355916 -5.006518 9.525015
v -59.355916 -5.006518 10.025014
v -59.349084 -5.017186 9.525015
v -59.349084 -5.017186 10.025014
v -59.341794 -5.027549 9.525015
v -59.341794 -5.027549 10.025014
v -59.334098 -5.037607 9.525015
v -59.334098 -5.037607 10.025014
v -59.325970 -5.047310 9.525015
v -59.325970 -5.047310 10.025014
v -59.317435 -5.056683 9.525015
v -59.317435 -5.056683 10.025014
v -59.308495 -5.065674 9.525015
v -59.308495 -5.065674 10.025014
v -59.299224 -5.074285 9.525015
v -59.299224 -5.074285 10.025014
v -59.289571 -5.082489 9.525015
v -59.289571 -5.082489 10.025014
v -59.279589 -5.090287 9.525015
v -59.279589 -5.090287 10.025014
v -59.269277 -5.097653 9.525015
v -59.269277 -5.097653 10.025014
v -59.258685 -5.104587 9.525015
v -59.258685 -5.104587 10.025014
v -59.247788 -5.111064 9.525015
v -59.247788 -5.111064 10.025014
v -59.236638 -5.117059 9.525015
v -59.236638 -5.117059 10.025014
v -59.225233 -5.122596 9.525015
v -59.225233 -5.122596 10.025014
v -59.213625 -5.127625 9.525015
v -59.213625 -5.127625 10.025014
v -59.201789 -5.132171 9.525015
v -59.201789 -5.132171 10.025014
v -59.189800 -5.136236 9.525015
v -59.189800 -5.136236 10.025014
v -59.177634 -5.139766 9.525015
v -59.177634 -5.139766 10.025014
v -58.933514 -5.205171 9.525015
v -58.933514 -5.205171 10.025014
v -58.915277 -5.210480 10.025014
v -58.897269 -5.216550 10.025014
v -58.915277 -5.210480 9.525015
v -58.879539 -5.223383 10.025014
v -58.897269 -5.216550 9.525015
v -58.862115 -5.230927 10.025014
v -58.879539 -5.223383 9.525015
v -58.845021 -5.239232 10.025014
v -58.862115 -5.230927 9.525015
v -58.828282 -5.248250 10.025014
v -58.845021 -5.239232 9.525015
v -58.811950 -5.257953 10.025014
v -58.828282 -5.248250 9.525015
v -58.796049 -5.268341 10.025014
v -58.811950 -5.257953 9.525015
v -58.780581 -5.279390 10.025014
v -58.796049 -5.268341 9.525015
v -58.765620 -5.291074 10.025014
v -58.780581 -5.279390 9.525015
v -58.751142 -5.303393 10.025014
v -58.765620 -5.291074 9.525015
v -58.737198 -5.316322 10.025014
v -58.751142 -5.303393 9.525015
v -58.723837 -5.329809 10.025014
v -58.737198 -5.316322 9.525015
v -58.711036 -5.343855 10.025014
v -58.723837 -5.329809 9.525015
v -58.698844 -5.358435 10.025014
v -58.711036 -5.343855 9.525015
v -58.687287 -5.373497 10.025014
v -58.698844 -5.358435 9.525015
v -58.676365 -5.389042 10.025014
v -58.687287 -5.373497 9.525015
v -58.666103 -5.405044 10.025014
v -58.676365 -5.389042 9.525015
v -58.656527 -5.421452 10.025014
v -58.666103 -5.405044 9.525015
v -58.647663 -5.438267 10.025014
v -58.656527 -5.421452 9.525015
v -58.639509 -5.455412 10.025014
v -58.647663 -5.438267 9.525015
v -58.632092 -5.472913 10.025014
v -58.639509 -5.455412 9.525015
v -58.625412 -5.490693 10.025014
v -58.632092 -5.472913 9.525015
v -58.619494 -5.508752 10.025014
v -58.625412 -5.490693 9.525015
v -58.614363 -5.527040 10.025014
v -58.619494 -5.508752 9.525015
v -58.609969 -5.545531 10.025014
v -58.614363 -5.527040 9.525015
v -58.606388 -5.564200 10.025014
v -58.609969 -5.545531 9.525015
v -58.603594 -5.582996 10.025014
v -58.606388 -5.564200 9.525015
v -58.601587 -5.601894 10.025014
v -58.603594 -5.582996 9.525015
v -58.600393 -5.620842 10.025014
v -58.601587 -5.601894 9.525015
v -58.600393 -5.620842 9.525015
v -58.617005 -5.224501 9.525015
v -58.617005 -5.224501 10.025014
v -58.634759 -5.206721 9.525015
v -58.634759 -5.206721 10.025014
v -58.653251 -5.189728 9.525015
v -58.653251 -5.189728 10.025014
v -58.672453 -5.173498 9.525015
v -58.672453 -5.173498 10.025014
v -58.692316 -5.158105 9.525015
v -58.692316 -5.158105 10.025014
v -58.712788 -5.143551 9.525015
v -58.712788 -5.143551 10.025014
v -58.733845 -5.129886 9.525015
v -58.733845 -5.129886 10.025014
v -58.755486 -5.117084 9.525015
v -58.755486 -5.117084 10.025014
v -58.777634 -5.105222 9.525015
v -58.777634 -5.105222 10.025014
v -58.800240 -5.094300 9.525015
v -58.800240 -5.094300 10.025014
v -58.823304 -5.084318 9.525015
v -58.823304 -5.084318 10.025014
v -58.846748 -5.075301 9.525015
v -58.846748 -5.075301 10.025014
v -58.870573 -5.067300 9.525015
v -58.870573 -5.067300 10.025014
v -58.894703 -5.060289 9.525015
v -58.894703 -5.060289 10.025014
v -59.249998 -4.849978 9.525015
v -59.249846 -4.856328 9.525015
v -59.199605 -4.962144 9.525015
v -59.194779 -4.966233 9.525015
v -59.204253 -4.957826 9.525015
v -59.236816 -4.911471 9.525015
v -59.234098 -4.917186 9.525015
v -59.239279 -4.905629 9.525015
v -59.243470 -4.893691 9.525015
v -59.241515 -4.899711 9.525015
v -59.245198 -4.887595 9.525015
v -59.208698 -4.953330 9.525015
v -59.212965 -4.948657 9.525015
v -59.217029 -4.943805 9.525015
v -59.231152 -4.922774 9.525015
v -59.246645 -4.881423 9.525015
v -59.247865 -4.875200 9.525015
v -59.249465 -4.862652 9.525015
v -59.138822 -4.994885 9.525015
v -59.144893 -4.993106 9.525015
v -59.173900 -4.980508 9.525015
v -59.168312 -4.983531 9.525015
v -59.179335 -4.977283 9.525015
v -59.220890 -4.938776 9.525015
v -59.224522 -4.933594 9.525015
v -59.227951 -4.928260 9.525015
v -59.248779 -4.868926 9.525015
v -59.184644 -4.973828 9.525015
v -59.156806 -4.988814 9.525015
v -59.150888 -4.991075 9.525015
v -59.162622 -4.986299 9.525015
v -59.189775 -4.970145 9.525015
v -59.249998 -4.849978 10.025014
v -59.249846 -4.856328 10.025014
v -59.249465 -4.862652 10.025014
v -59.246645 -4.881423 10.025014
v -59.245198 -4.887595 10.025014
v -59.243470 -4.893691 10.025014
v -59.241515 -4.899711 10.025014
v -59.236816 -4.911471 10.025014
v -59.234098 -4.917186 10.025014
v -59.199605 -4.962144 10.025014
v -59.204253 -4.957826 10.025014
v -59.194779 -4.966233 10.025014
v -59.247865 -4.875200 10.025014
v -59.248779 -4.868926 10.025014
v -59.239279 -4.905629 10.025014
v -59.231152 -4.922774 10.025014
v -59.212965 -4.948657 10.025014
v -59.217029 -4.943805 10.025014
v -59.208698 -4.953330 10.025014
v -59.173900 -4.980508 10.025014
v -59.179335 -4.977283 10.025014
v -59.168312 -4.983531 10.025014
v -59.138822 -4.994885 10.025014
v -59.144893 -4.993106 10.025014
v -59.227951 -4.928260 10.025014
v -59.224522 -4.933594 10.025014
v -59.220890 -4.938776 10.025014
v -59.184644 -4.973828 10.025014
v -59.189775 -4.970145 10.025014
v -59.162622 -4.986299 10.025014
v -59.156806 -4.988814 10.025014
v -59.150888 -4.991075 10.025014
v -58.600393 5.870854 8.675004
v -58.601587 5.851881 8.675004
v -58.600393 5.870854 8.275004
v -58.603594 5.832983 8.675004
v -58.601587 5.851881 8.275004
v -58.606388 5.814187 8.675004
v -58.603594 5.832983 8.275004
v -58.609969 5.795544 8.675004
v -58.606388 5.814187 8.275004
v -58.614363 5.777052 8.675004
v -58.609969 5.795544 8.275004
v -58.619494 5.758764 8.675004
v -58.614363 5.777052 8.275004
v -58.625412 5.740705 8.675004
v -58.619494 5.758764 8.275004
v -58.632092 5.722925 8.675004
v -58.625412 5.740705 8.275004
v -58.639509 5.705424 8.675004
v -58.632092 5.722925 8.275004
v -58.647663 5.688254 8.675004
v -58.639509 5.705424 8.275004
v -58.656527 5.671464 8.675004
v -58.647663 5.688254 8.275004
v -58.666103 5.655030 8.675004
v -58.656527 5.671464 8.275004
v -58.676365 5.639054 8.675004
v -58.666103 5.655030 8.275004
v -58.687287 5.623509 8.675004
v -58.676365 5.639054 8.275004
v -58.698844 5.608422 8.675004
v -58.687287 5.623509 8.275004
v -58.711036 5.593842 8.675004
v -58.698844 5.608422 8.275004
v -58.723837 5.579796 8.675004
v -58.711036 5.593842 8.275004
v -58.737198 5.566308 8.675004
v -58.723837 5.579796 8.275004
v -58.751142 5.553405 8.675004
v -58.737198 5.566308 8.275004
v -58.765620 5.541086 8.675004
v -58.751142 5.553405 8.275004
v -58.780581 5.529402 8.675004
v -58.765620 5.541086 8.275004
v -58.796049 5.518353 8.675004
v -58.780581 5.529402 8.275004
v -58.811950 5.507965 8.675004
v -58.796049 5.518353 8.275004
v -58.828282 5.498236 8.675004
v -58.811950 5.507965 8.275004
v -58.845021 5.489245 8.675004
v -58.828282 5.498236 8.275004
v -58.862115 5.480939 8.675004
v -58.845021 5.489245 8.275004
v -58.879539 5.473370 8.675004
v -58.862115 5.480939 8.275004
v -58.897269 5.466537 8.675004
v -58.879539 5.473370 8.275004
v -58.915277 5.460466 8.675004
v -58.897269 5.466537 8.275004
v -58.933514 5.455183 8.675004
v -58.915277 5.460466 8.275004
v -58.933514 5.455183 8.275004
v -59.177634 5.389753 8.275004
v -59.177634 5.389753 8.675004
v -59.189800 5.386222 8.275004
v -59.189800 5.386222 8.675004
v -59.201789 5.382184 8.275004
v -59.201789 5.382184 8.675004
v -59.213625 5.377637 8.275004
v -59.213625 5.377637 8.675004
v -59.225233 5.372583 8.275004
v -59.225233 5.372583 8.675004
v -59.236638 5.367071 8.275004
v -59.236638 5.367071 8.675004
v -59.247788 5.361051 8.275004
v -59.247788 5.361051 8.675004
v -59.258685 5.354574 8.275004
v -59.258685 5.354574 8.675004
v -59.269277 5.347665 8.275004
v -59.269277 5.347665 8.675004
v -59.279589 5.340299 8.275004
v -59.279589 5.340299 8.675004
v -59.289571 5.332501 8.275004
v -59.289571 5.332501 8.675004
v -59.299224 5.324272 8.275004
v -59.299224 5.324272 8.675004
v -59.308495 5.315661 8.275004
v -59.308495 5.315661 8.675004
v -59.317435 5.306669 8.275004
v -59.317435 5.306669 8.675004
v -59.325970 5.297322 8.275004
v -59.325970 5.297322 8.675004
v -59.334098 5.287594 8.275004
v -59.334098 5.287594 8.675004
v -59.341794 5.277561 8.275004
v -59.341794 5.277561 8.675004
v -59.349084 5.267173 8.275004
v -59.349084 5.267173 8.675004
v -59.355916 5.256530 8.275004
v -59.355916 5.256530 8.675004
v -59.362292 5.245582 8.275004
v -59.362292 5.245582 8.675004
v -59.368210 5.234381 8.275004
v -59.368210 5.234381 8.675004
v -59.373645 5.222926 8.275004
v -59.373645 5.222926 8.675004
v -59.378573 5.211267 8.275004
v -59.378573 5.211267 8.675004
v -59.383044 5.199406 8.275004
v -59.383044 5.199406 8.675004
v -59.386980 5.187366 8.275004
v -59.386980 5.187366 8.675004
v -59.390409 5.175174 8.275004
v -59.390409 5.175174 8.675004
v -59.393330 5.162855 8.275004
v -59.393330 5.162855 8.675004
v -59.395718 5.150409 8.275004
v -59.395718 5.150409 8.675004
v -59.397572 5.137887 8.275004
v -59.397572 5.137887 8.675004
v -59.398918 5.125288 8.275004
v -59.398918 5.125288 8.675004
v -59.399731 5.112639 8.275004
v -59.399731 5.112639 8.675004
v -59.399985 5.099990 8.275004
v -59.399985 5.099990 8.675004
v -58.894703 5.310276 8.675004
v -58.894703 5.310276 8.275004
v -58.870573 5.317287 8.275004
v -58.870573 5.317287 8.675004
v -58.846748 5.325313 8.275004
v -58.846748 5.325313 8.675004
v -58.823304 5.334305 8.275004
v -58.823304 5.334305 8.675004
v -58.800240 5.344287 8.275004
v -58.800240 5.344287 8.675004
v -58.777634 5.355234 8.275004
v -58.777634 5.355234 8.675004
v -58.755486 5.367096 8.275004
v -58.755486 5.367096 8.675004
v -58.733845 5.379872 8.275004
v -58.733845 5.379872 8.675004
v -58.712788 5.393563 8.275004
v -58.712788 5.393563 8.675004
v -58.692316 5.408117 8.275004
v -58.692316 5.408117 8.675004
v -58.672453 5.423510 8.275004
v -58.672453 5.423510 8.675004
v -58.653251 5.439715 8.275004
v -58.653251 5.439715 8.675004
v -58.634759 5.456733 8.275004
v -58.634759 5.456733 8.675004
v -58.617005 5.474488 8.275004
v -58.617005 5.474488 8.675004
v -59.138822 5.244871 8.675004
v -59.138822 5.244871 8.275004
v -59.249846 5.106315 8.675004
v -59.249998 5.099990 8.675004
v -59.249998 5.099990 8.275004
v -59.249465 5.112639 8.675004
v -59.249846 5.106315 8.275004
v -59.248779 5.118938 8.675004
v -59.249465 5.112639 8.275004
v -59.247865 5.125212 8.675004
v -59.248779 5.118938 8.275004
v -59.246645 5.131410 8.675004
v -59.247865 5.125212 8.275004
v -59.245198 5.137582 8.675004
v -59.246645 5.131410 8.275004
v -59.243470 5.143678 8.675004
v -59.245198 5.137582 8.275004
v -59.241515 5.149698 8.675004
v -59.243470 5.143678 8.275004
v -59.239279 5.155641 8.675004
v -59.241515 5.149698 8.275004
v -59.236816 5.161458 8.675004
v -59.239279 5.155641 8.275004
v -59.234098 5.167173 8.675004
v -59.236816 5.161458 8.275004
v -59.231152 5.172786 8.675004
v -59.234098 5.167173 8.275004
v -59.227951 5.178247 8.675004
v -59.231152 5.172786 8.275004
v -59.224522 5.183581 8.675004
v -59.227951 5.178247 8.275004
v -59.220890 5.188763 8.675004
v -59.224522 5.183581 8.275004
v -59.217029 5.193792 8.675004
v -59.220890 5.188763 8.275004
v -59.212965 5.198643 8.675004
v -59.217029 5.193792 8.275004
v -59.208698 5.203342 8.675004
v -59.212965 5.198643 8.275004
v -59.204253 5.207838 8.675004
v -59.208698 5.203342 8.275004
v -59.199605 5.212131 8.675004
v -59.204253 5.207838 8.275004
v -59.194779 5.216246 8.675004
v -59.199605 5.212131 8.275004
v -59.189775 5.220132 8.675004
v -59.194779 5.216246 8.275004
v -59.184644 5.223815 8.675004
v -59.189775 5.220132 8.275004
v -59.179335 5.227295 8.675004
v -59.184644 5.223815 8.275004
v -59.173900 5.230520 8.675004
v -59.179335 5.227295 8.275004
v -59.168312 5.233518 8.675004
v -59.173900 5.230520 8.275004
v -59.162622 5.236286 8.675004
v -59.168312 5.233518 8.275004
v -59.156806 5.238801 8.675004
v -59.162622 5.236286 8.275004
v -59.150888 5.241087 8.675004
v -59.156806 5.238801 8.275004
v -59.144893 5.243119 8.675004
v -59.150888 5.241087 8.275004
v -59.144893 5.243119 8.275004
v -58.600393 5.870854 9.475002
v -58.601587 5.851881 9.475002
v -58.600393 5.870854 9.075003
v -58.603594 5.832983 9.475002
v -58.601587 5.851881 9.075003
v -58.606388 5.814187 9.475002
v -58.603594 5.832983 9.075003
v -58.609969 5.795544 9.475002
v -58.606388 5.814187 9.075003
v -58.614363 5.777052 9.475002
v -58.609969 5.795544 9.075003
v -58.619494 5.758764 9.475002
v -58.614363 5.777052 9.075003
v -58.625412 5.740705 9.475002
v -58.619494 5.758764 9.075003
v -58.632092 5.722925 9.475002
v -58.625412 5.740705 9.075003
v -58.639509 5.705424 9.475002
v -58.632092 5.722925 9.075003
v -58.647663 5.688254 9.475002
v -58.639509 5.705424 9.075003
v -58.656527 5.671464 9.475002
v -58.647663 5.688254 9.075003
v -58.666103 5.655030 9.475002
v -58.656527 5.671464 9.075003
v -58.676365 5.639054 9.475002
v -58.666103 5.655030 9.075003
v -58.687287 5.623509 9.475002
v -58.676365 5.639054 9.075003
v -58.698844 5.608422 9.475002
v -58.687287 5.623509 9.075003
v -58.711036 5.593842 9.475002
v -58.698844 5.608422 9.075003
v -58.723837 5.579796 9.475002
v -58.711036 5.593842 9.075003
v -58.737198 5.566308 9.475002
v -58.723837 5.579796 9.075003
v -58.751142 5.553405 9.475002
v -58.737198 5.566308 9.075003
v -58.765620 5.541086 9.475002
v -58.751142 5.553405 9.075003
v -58.780581 5.529402 9.475002
v -58.765620 5.541086 9.075003
v -58.796049 5.518353 9.475002
v -58.780581 5.529402 9.075003
v -58.811950 5.507965 9.475002
v -58.796049 5.518353 9.075003
v -58.828282 5.498236 9.475002
v -58.811950 5.507965 9.075003
v -58.845021 5.489245 9.475002
v -58.828282 5.498236 9.075003
v -58.862115 5.480939 9.475002
v -58.845021 5.489245 9.075003
v -58.879539 5.473370 9.475002
v -58.862115 5.480939 9.075003
v -58.897269 5.466537 9.475002
v -58.879539 5.473370 9.075003
v -58.915277 5.460466 9.475002
v -58.897269 5.466537 9.075003
v -58.933514 5.455183 9.475002
v -58.915277 5.460466 9.075003
v -58.933514 5.455183 9.075003
v -59.177634 5.389753 9.475002
v -59.177634 5.389753 9.075003
v -59.189800 5.386222 9.075003
v -59.189800 5.386222 9.475002
v -59.201789 5.382184 9.075003
v -59.201789 5.382184 9.475002
v -59.213625 5.377637 9.075003
v -59.213625 5.377637 9.475002
v -59.225233 5.372583 9.075003
v -59.225233 5.372583 9.475002
v -59.236638 5.367071 9.075003
v -59.236638 5.367071 9.475002
v -59.247788 5.361051 9.075003
v -59.247788 5.361051 9.475002
v -59.258685 5.354574 9.075003
v -59.258685 5.354574 9.475002
v -59.269277 5.347665 9.075003
v -59.269277 5.347665 9.475002
v -59.279589 5.340299 9.075003
v -59.279589 5.340299 9.475002
v -59.289571 5.332501 9.075003
v -59.289571 5.332501 9.475002
v -59.299224 5.324272 9.075003
v -59.299224 5.324272 9.475002
v -59.308495 5.315661 9.075003
v -59.308495 5.315661 9.475002
v -59.317435 5.306669 9.075003
v -59.317435 5.306669 9.475002
v -59.325970 5.297322 9.075003
v -59.325970 5.297322 9.475002
v -59.334098 5.287594 9.075003
v -59.334098 5.287594 9.475002
v -59.341794 5.277561 9.075003
v -59.341794 5.277561 9.475002
v -59.349084 5.267173 9.075003
v -59.349084 5.267173 9.475002
v -59.355916 5.256530 9.075003
v -59.355916 5.256530 9.475002
v -59.362292 5.245582 9.075003
v -59.362292 5.245582 9.475002
v -59.368210 5.234381 9.075003
v -59.368210 5.234381 9.475002
v -59.373645 5.222926 9.075003
v -59.373645 5.222926 9.475002
v -59.378573 5.211267 9.075003
v -59.378573 5.211267 9.475002
v -59.383044 5.199406 9.075003
v -59.383044 5.199406 9.475002
v -59.386980 5.187366 9.075003
v -59.386980 5.187366 9.475002
v -59.390409 5.175174 9.075003
v -59.390409 5.175174 9.475002
v -59.393330 5.162855 9.075003
v -59.393330 5.162855 9.475002
v -59.395718 5.150409 9.075003
v -59.395718 5.150409 9.475002
v -59.397572 5.137887 9.075003
v -59.397572 5.137887 9.475002
v -59.398918 5.125288 9.075003
v -59.398918 5.125288 9.475002
v -59.399731 5.112639 9.075003
v -59.399731 5.112639 9.475002
v -59.399985 5.099990 9.075003
v -59.399985 5.099990 9.475002
v -58.894703 5.310276 9.475002
v -58.894703 5.310276 9.075003
v -58.870573 5.317287 9.075003
v -58.870573 5.317287 9.475002
v -58.846748 5.325313 9.075003
v -58.846748 5.325313 9.475002
v -58.823304 5.334305 9.075003
v -58.823304 5.334305 9.475002
v -58.800240 5.344287 9.075003
v -58.800240 5.344287 9.475002
v -58.777634 5.355234 9.075003
v -58.777634 5.355234 9.475002
v -58.755486 5.367096 9.075003
v -58.755486 5.367096 9.475002
v -58.733845 5.379872 9.075003
v -58.733845 5.379872 9.475002
v -58.712788 5.393563 9.075003
v -58.712788 5.393563 9.475002
v -58.692316 5.408117 9.075003
v -58.692316 5.408117 9.475002
v -58.672453 5.423510 9.075003
v -58.672453 5.423510 9.475002
v -58.653251 5.439715 9.075003
v -58.653251 5.439715 9.475002
v -58.634759 5.456733 9.075003
v -58.634759 5.456733 9.475002
v -58.617005 5.474488 9.075003
v -58.617005 5.474488 9.475002
v -59.138822 5.244871 9.475002
v -59.138822 5.244871 9.075003
v -59.249846 5.106315 9.475002
v -59.249998 5.099990 9.475002
v -59.249998 5.099990 9.075003
v -59.249465 5.112639 9.475002
v -59.249846 5.106315 9.075003
v -59.248779 5.118938 9.475002
v -59.249465 5.112639 9.075003
v -59.247865 5.125212 9.475002
v -59.248779 5.118938 9.075003
v -59.246645 5.131410 9.475002
v -59.247865 5.125212 9.075003
v -59.245198 5.137582 9.475002
v -59.246645 5.131410 9.075003
v -59.243470 5.143678 9.475002
v -59.245198 5.137582 9.075003
v -59.241515 5.149698 9.475002
v -59.243470 5.143678 9.075003
v -59.239279 5.155641 9.475002
v -59.241515 5.149698 9.075003
v -59.236816 5.161458 9.475002
v -59.239279 5.155641 9.075003
v -59.234098 5.167173 9.475002
v -59.236816 5.161458 9.075003
v -59.231152 5.172786 9.475002
v -59.234098 5.167173 9.075003
v -59.227951 5.178247 9.475002
v -59.231152 5.172786 9.075003
v -59.224522 5.183581 9.475002
v -59.227951 5.178247 9.075003
v -59.220890 5.188763 9.475002
v -59.224522 5.183581 9.075003
v -59.217029 5.193792 9.475002
v -59.220890 5.188763 9.075003
v -59.212965 5.198643 9.475002
v -59.217029 5.193792 9.075003
v -59.208698 5.203342 9.475002
v -59.212965 5.198643 9.075003
v -59.204253 5.207838 9.475002
v -59.208698 5.203342 9.075003
v -59.199605 5.212131 9.475002
v -59.204253 5.207838 9.075003
v -59.194779 5.216246 9.475002
v -59.199605 5.212131 9.075003
v -59.189775 5.220132 9.475002
v -59.194779 5.216246 9.075003
v -59.184644 5.223815 9.475002
v -59.189775 5.220132 9.075003
v -59.179335 5.227295 9.475002
v -59.184644 5.223815 9.075003
v -59.173900 5.230520 9.475002
v -59.179335 5.227295 9.075003
v -59.168312 5.233518 9.475002
v -59.173900 5.230520 9.075003
v -59.162622 5.236286 9.475002
v -59.168312 5.233518 9.075003
v -59.156806 5.238801 9.475002
v -59.162622 5.236286 9.075003
v -59.150888 5.241087 9.475002
v -59.156806 5.238801 9.075003
v -59.144893 5.243119 9.475002
v -59.150888 5.241087 9.075003
v -59.144893 5.243119 9.075003
v -58.600393 5.870854 10.275001
v -58.601587 5.851881 10.275001
v -58.600393 5.870854 9.875001
v -58.603594 5.832983 10.275001
v -58.601587 5.851881 9.875001
v -58.606388 5.814187 10.275001
v -58.603594 5.832983 9.875001
v -58.609969 5.795544 10.275001
v -58.606388 5.814187 9.875001
v -58.614363 5.777052 10.275001
v -58.609969 5.795544 9.875001
v -58.619494 5.758764 10.275001
v -58.614363 5.777052 9.875001
v -58.625412 5.740705 10.275001
v -58.619494 5.758764 9.875001
v -58.632092 5.722925 10.275001
v -58.625412 5.740705 9.875001
v -58.639509 5.705424 10.275001
v -58.632092 5.722925 9.875001
v -58.647663 5.688254 10.275001
v -58.639509 5.705424 9.875001
v -58.656527 5.671464 10.275001
v -58.647663 5.688254 9.875001
v -58.666103 5.655030 10.275001
v -58.656527 5.671464 9.875001
v -58.676365 5.639054 10.275001
v -58.666103 5.655030 9.875001
v -58.687287 5.623509 10.275001
v -58.676365 5.639054 9.875001
v -58.698844 5.608422 10.275001
v -58.687287 5.623509 9.875001
v -58.711036 5.593842 10.275001
v -58.698844 5.608422 9.875001
v -58.723837 5.579796 10.275001
v -58.711036 5.593842 9.875001
v -58.737198 5.566308 10.275001
v -58.723837 5.579796 9.875001
v -58.751142 5.553405 10.275001
v -58.737198 5.566308 9.875001
v -58.765620 5.541086 10.275001
v -58.751142 5.553405 9.875001
v -58.780581 5.529402 10.275001
v -58.765620 5.541086 9.875001
v -58.796049 5.518353 10.275001
v -58.780581 5.529402 9.875001
v -58.811950 5.507965 10.275001
v -58.796049 5.518353 9.875001
v -58.828282 5.498236 10.275001
v -58.811950 5.507965 9.875001
v -58.845021 5.489245 10.275001
v -58.828282 5.498236 9.875001
v -58.862115 5.480939 10.275001
v -58.845021 5.489245 9.875001
v -58.879539 5.473370 10.275001
v -58.862115 5.480939 9.875001
v -58.897269 5.466537 10.275001
v -58.879539 5.473370 9.875001
v -58.915277 5.460466 10.275001
v -58.897269 5.466537 9.875001
v -58.933514 5.455183 10.275001
v -58.915277 5.460466 9.875001
v -58.933514 5.455183 9.875001
v -59.177634 5.389753 9.875001
v -59.177634 5.389753 10.275001
v -59.189800 5.386222 9.875001
v -59.189800 5.386222 10.275001
v -59.201789 5.382184 9.875001
v -59.201789 5.382184 10.275001
v -59.213625 5.377637 9.875001
v -59.213625 5.377637 10.275001
v -59.225233 5.372583 9.875001
v -59.225233 5.372583 10.275001
v -59.236638 5.367071 9.875001
v -59.236638 5.367071 10.275001
v -59.247788 5.361051 9.875001
v -59.247788 5.361051 10.275001
v -59.258685 5.354574 9.875001
v -59.258685 5.354574 10.275001
v -59.269277 5.347665 9.875001
v -59.269277 5.347665 10.275001
v -59.279589 5.340299 9.875001
v -59.279589 5.340299 10.275001
v -59.289571 5.332501 9.875001
v -59.289571 5.332501 10.275001
v -59.299224 5.324272 9.875001
v -59.299224 5.324272 10.275001
v -59.308495 5.315661 9.875001
v -59.308495 5.315661 10.275001
v -59.317435 5.306669 9.875001
v -59.317435 5.306669 10.275001
v -59.325970 5.297322 9.875001
v -59.325970 5.297322 10.275001
v -59.334098 5.287594 9.875001
v -59.334098 5.287594 10.275001
v -59.341794 5.277561 9.875001
v -59.341794 5.277561 10.275001
v -59.349084 5.267173 9.875001
v -59.349084 5.267173 10.275001
v -59.355916 5.256530 9.875001
v -59.355916 5.256530 10.275001
v -59.362292 5.245582 9.875001
v -59.362292 5.245582 10.275001
v -59.368210 5.234381 9.875001
v -59.368210 5.234381 10.275001
v -59.373645 5.222926 9.875001
v -59.373645 5.222926 10.275001
v -59.378573 5.211267 9.875001
v -59.378573 5.211267 10.275001
v -59.383044 5.199406 9.875001
v -59.383044 5.199406 10.275001
v -59.386980 5.187366 9.875001
v -59.386980 5.187366 10.275001
v -59.390409 5.175174 9.875001
v -59.390409 5.175174 10.275001
v -59.393330 5.162855 9.875001
v -59.393330 5.162855 10.275001
v -59.395718 5.150409 9.875001
v -59.395718 5.150409 10.275001
v -59.397572 5.137887 9.875001
v -59.397572 5.137887 10.275001
v -59.398918 5.125288 9.875001
v -59.398918 5.125288 10.275001
v -59.399731 5.112639 9.875001
v -59.399731 5.112639 10.275001
v -59.399985 5.099990 9.875001
v -59.399985 5.099990 10.275001
v -58.894703 5.310276 10.275001
v -58.894703 5.310276 9.875001
v -58.870573 5.317287 9.875001
v -58.870573 5.317287 10.275001
v -58.846748 5.325313 9.875001
v -58.846748 5.325313 10.275001
v -58.823304 5.334305 9.875001
v -58.823304 5.334305 10.275001
v -58.800240 5.344287 9.875001
v -58.800240 5.344287 10.275001
v -58.777634 5.355234 9.875001
v -58.777634 5.355234 10.275001
v -58.755486 5.367096 9.875001
v -58.755486 5.367096 10.275001
v -58.733845 5.379872 9.875001
v -58.733845 5.379872 10.275001
v -58.712788 5.393563 9.875001
v -58.712788 5.393563 10.275001
v -58.692316 5.408117 9.875001
v -58.692316 5.408117 10.275001
v -58.672453 5.423510 9.875001
v -58.672453 5.423510 10.275001
v -58.653251 5.439715 9.875001
v -58.653251 5.439715 10.275001
v -58.634759 5.456733 9.875001
v -58.634759 5.456733 10.275001
v -58.617005 5.474488 9.875001
v -58.617005 5.474488 10.275001
v -59.138822 5.244871 10.275001
v -59.138822 5.244871 9.875001
v -59.249846 5.106315 10.275001
v -59.249998 5.099990 10.275001
v -59.249998 5.099990 9.875001
v -59.249465 5.112639 10.275001
v -59.249846 5.106315 9.875001
v -59.248779 5.118938 10.275001
v -59.249465 5.112639 9.875001
v -59.247865 5.125212 10.275001
v -59.248779 5.118938 9.875001
v -59.246645 5.131410 10.275001
v -59.247865 5.125212 9.875001
v -59.245198 5.137582 10.275001
v -59.246645 5.131410 9.875001
v -59.243470 5.143678 10.275001
v -59.245198 5.137582 9.875001
v -59.241515 5.149698 10.275001
v -59.243470 5.143678 9.875001
v -59.239279 5.155641 10.275001
v -59.241515 5.149698 9.875001
v -59.236816 5.161458 10.275001
v -59.239279 5.155641 9.875001
v -59.234098 5.167173 10.275001
v -59.236816 5.161458 9.875001
v -59.231152 5.172786 10.275001
v -59.234098 5.167173 9.875001
v -59.227951 5.178247 10.275001
v -59.231152 5.172786 9.875001
v -59.224522 5.183581 10.275001
v -59.227951 5.178247 9.875001
v -59.220890 5.188763 10.275001
v -59.224522 5.183581 9.875001
v -59.217029 5.193792 10.275001
v -59.220890 5.188763 9.875001
v -59.212965 5.198643 10.275001
v -59.217029 5.193792 9.875001
v -59.208698 5.203342 10.275001
v -59.212965 5.198643 9.875001
v -59.204253 5.207838 10.275001
v -59.208698 5.203342 9.875001
v -59.199605 5.212131 10.275001
v -59.204253 5.207838 9.875001
v -59.194779 5.216246 10.275001
v -59.199605 5.212131 9.875001
v -59.189775 5.220132 10.275001
v -59.194779 5.216246 9.875001
v -59.184644 5.223815 10.275001
v -59.189775 5.220132 9.875001
v -59.179335 5.227295 10.275001
v -59.184644 5.223815 9.875001
v -59.173900 5.230520 10.275001
v -59.179335 5.227295 9.875001
v -59.168312 5.233518 10.275001
v -59.173900 5.230520 9.875001
v -59.162622 5.236286 10.275001
v -59.168312 5.233518 9.875001
v -59.156806 5.238801 10.275001
v -59.162622 5.236286 9.875001
v -59.150888 5.241087 10.275001
v -59.156806 5.238801 9.875001
v -59.144893 5.243119 10.275001
v -59.150888 5.241087 9.875001
v -59.144893 5.243119 9.875001
v -58.600393 5.870854 11.074999
v -58.601587 5.851881 11.074999
v -58.600393 5.870854 10.675000
v -58.603594 5.832983 11.074999
v -58.601587 5.851881 10.675000
v -58.606388 5.814187 11.074999
v -58.603594 5.832983 10.675000
v -58.609969 5.795544 11.074999
v -58.606388 5.814187 10.675000
v -58.614363 5.777052 11.074999
v -58.609969 5.795544 10.675000
v -58.619494 5.758764 11.074999
v -58.614363 5.777052 10.675000
v -58.625412 5.740705 11.074999
v -58.619494 5.758764 10.675000
v -58.632092 5.722925 11.074999
v -58.625412 5.740705 10.675000
v -58.639509 5.705424 11.074999
v -58.632092 5.722925 10.675000
v -58.647663 5.688254 11.074999
v -58.639509 5.705424 10.675000
v -58.656527 5.671464 11.074999
v -58.647663 5.688254 10.675000
v -58.666103 5.655030 11.074999
v -58.656527 5.671464 10.675000
v -58.676365 5.639054 11.074999
v -58.666103 5.655030 10.675000
v -58.687287 5.623509 11.074999
v -58.676365 5.639054 10.675000
v -58.698844 5.608422 11.074999
v -58.687287 5.623509 10.675000
v -58.711036 5.593842 11.074999
v -58.698844 5.608422 10.675000
v -58.723837 5.579796 11.074999
v -58.711036 5.593842 10.675000
v -58.737198 5.566308 11.074999
v -58.723837 5.579796 10.675000
v -58.751142 5.553405 11.074999
v -58.737198 5.566308 10.675000
v -58.765620 5.541086 11.074999
v -58.751142 5.553405 10.675000
v -58.780581 5.529402 11.074999
v -58.765620 5.541086 10.675000
v -58.796049 5.518353 11.074999
v -58.780581 5.529402 10.675000
v -58.811950 5.507965 11.074999
v -58.796049 5.518353 10.675000
v -58.828282 5.498236 11.074999
v -58.811950 5.507965 10.675000
v -58.845021 5.489245 11.074999
v -58.828282 5.498236 10.675000
v -58.862115 5.480939 11.074999
v -58.845021 5.489245 10.675000
v -58.879539 5.473370 11.074999
v -58.862115 5.480939 10.675000
v -58.897269 5.466537 11.074999
v -58.879539 5.473370 10.675000
v -58.915277 5.460466 11.074999
v -58.897269 5.466537 10.675000
v -58.933514 5.455183 11.074999
v -58.915277 5.460466 10.675000
v -58.933514 5.455183 10.675000
v -59.177634 5.389753 11.074999
v -59.177634 5.389753 10.675000
v -59.189800 5.386222 10.675000
v -59.189800 5.386222 11.074999
v -59.201789 5.382184 10.675000
v -59.201789 5.382184 11.074999
v -59.213625 5.377637 10.675000
v -59.213625 5.377637 11.074999
v -59.225233 5.372583 10.675000
v -59.225233 5.372583 11.074999
v -59.236638 5.367071 10.675000
v -59.236638 5.367071 11.074999
v -59.247788 5.361051 10.675000
v -59.247788 5.361051 11.074999
v -59.258685 5.354574 10.675000
v -59.258685 5.354574 11.074999
v -59.269277 5.347665 10.675000
v -59.269277 5.347665 11.074999
v -59.279589 5.340299 10.675000
v -59.279589 5.340299 11.074999
v -59.289571 5.332501 10.675000
v -59.289571 5.332501 11.074999
v -59.299224 5.324272 10.675000
v -59.299224 5.324272 11.074999
v -59.308495 5.315661 10.675000
v -59.308495 5.315661 11.074999
v -59.317435 5.306669 10.675000
v -59.317435 5.306669 11.074999
v -59.325970 5.297322 10.675000
v -59.325970 5.297322 11.074999
v -59.334098 5.287594 10.675000
v -59.334098 5.287594 11.074999
v -59.341794 5.277561 10.675000
v -59.341794 5.277561 11.074999
v -59.349084 5.267173 10.675000
v -59.349084 5.267173 11.074999
v -59.355916 5.256530 10.675000
v -59.355916 5.256530 11.074999
v -59.362292 5.245582 10.675000
v -59.362292 5.245582 11.074999
v -59.368210 5.234381 10.675000
v -59.368210 5.234381 11.074999
v -59.373645 5.222926 10.675000
v -59.373645 5.222926 11.074999
v -59.378573 5.211267 10.675000
v -59.378573 5.211267 11.074999
v -59.383044 5.199406 10.675000
v -59.383044 5.199406 11.074999
v -59.386980 5.187366 10.675000
v -59.386980 5.187366 11.074999
v -59.390409 5.175174 10.675000
v -59.390409 5.175174 11.074999
v -59.393330 5.162855 10.675000
v -59.393330 5.162855 11.074999
v -59.395718 5.150409 10.675000
v -59.395718 5.150409 11.074999
v -59.397572 5.137887 10.675000
v -59.397572 5.137887 11.074999
v -59.398918 5.125288 10.675000
v -59.398918 5.125288 11.074999
v -59.399731 5.112639 10.675000
v -59.399731 5.112639 11.074999
v -59.399985 5.099990 10.675000
v -59.399985 5.099990 11.074999
v -58.894703 5.310276 11.074999
v -58.894703 5.310276 10.675000
v -58.870573 5.317287 10.675000
v -58.870573 5.317287 11.074999
v -58.846748 5.325313 10.675000
v -58.846748 5.325313 11.074999
v -58.823304 5.334305 10.675000
v -58.823304 5.334305 11.074999
v -58.800240 5.344287 10.675000
v -58.800240 5.344287 11.074999
v -58.777634 5.355234 10.675000
v -58.777634 5.355234 11.074999
v -58.755486 5.367096 10.675000
v -58.755486 5.367096 11.074999
v -58.733845 5.379872 10.675000
v -58.733845 5.379872 11.074999
v -58.712788 5.393563 10.675000
v -58.712788 5.393563 11.074999
v -58.692316 5.408117 10.675000
v -58.692316 5.408117 11.074999
v -58.672453 5.423510 10.675000
v -58.672453 5.423510 11.074999
v -58.653251 5.439715 10.675000
v -58.653251 5.439715 11.074999
v -58.634759 5.456733 10.675000
v -58.634759 5.456733 11.074999
v -58.617005 5.474488 10.675000
v -58.617005 5.474488 11.074999
v -59.138822 5.244871 11.074999
v -59.138822 5.244871 10.675000
v -59.249846 5.106315 11.074999
v -59.249998 5.099990 11.074999
v -59.249998 5.099990 10.675000
v -59.249465 5.112639 11.074999
v -59.249846 5.106315 10.675000
v -59.248779 5.118938 11.074999
v -59.249465 5.112639 10.675000
v -59.247865 5.125212 11.074999
v -59.248779 5.118938 10.675000
v -59.246645 5.131410 11.074999
v -59.247865 5.125212 10.675000
v -59.245198 5.137582 11.074999
v -59.246645 5.131410 10.675000
v -59.243470 5.143678 11.074999
v -59.245198 5.137582 10.675000
v -59.241515 5.149698 11.074999
v -59.243470 5.143678 10.675000
v -59.239279 5.155641 11.074999
v -59.241515 5.149698 10.675000
v -59.236816 5.161458 11.074999
v -59.239279 5.155641 10.675000
v -59.234098 5.167173 11.074999
v -59.236816 5.161458 10.675000
v -59.231152 5.172786 11.074999
v -59.234098 5.167173 10.675000
v -59.227951 5.178247 11.074999
v -59.231152 5.172786 10.675000
v -59.224522 5.183581 11.074999
v -59.227951 5.178247 10.675000
v -59.220890 5.188763 11.074999
v -59.224522 5.183581 10.675000
v -59.217029 5.193792 11.074999
v -59.220890 5.188763 10.675000
v -59.212965 5.198643 11.074999
v -59.217029 5.193792 10.675000
v -59.208698 5.203342 11.074999
v -59.212965 5.198643 10.675000
v -59.204253 5.207838 11.074999
v -59.208698 5.203342 10.675000
v -59.199605 5.212131 11.074999
v -59.204253 5.207838 10.675000
v -59.194779 5.216246 11.074999
v -59.199605 5.212131 10.675000
v -59.189775 5.220132 11.074999
v -59.194779 5.216246 10.675000
v -59.184644 5.223815 11.074999
v -59.189775 5.220132 10.675000
v -59.179335 5.227295 11.074999
v -59.184644 5.223815 10.675000
v -59.173900 5.230520 11.074999
v -59.179335 5.227295 10.675000
v -59.168312 5.233518 11.074999
v -59.173900 5.230520 10.675000
v -59.162622 5.236286 11.074999
v -59.168312 5.233518 10.675000
v -59.156806 5.238801 11.074999
v -59.162622 5.236286 10.675000
v -59.150888 5.241087 11.074999
v -59.156806 5.238801 10.675000
v -59.144893 5.243119 11.074999
v -59.150888 5.241087 10.675000
v -59.144893 5.243119 10.675000
v -59.399985 0.249987 8.275004
v -59.399985 0.249987 8.675004
v -59.399731 0.237312 8.275004
v -59.399731 0.237312 8.675004
v -59.398918 0.224688 8.275004
v -59.398918 0.224688 8.675004
v -59.397572 0.212090 8.275004
v -59.397572 0.212090 8.675004
v -59.395718 0.199568 8.275004
v -59.395718 0.199568 8.675004
v -59.393330 0.187122 8.275004
v -59.393330 0.187122 8.675004
v -59.390409 0.174803 8.275004
v -59.390409 0.174803 8.675004
v -59.386980 0.162611 8.275004
v -59.386980 0.162611 8.675004
v -59.383044 0.150571 8.275004
v -59.383044 0.150571 8.675004
v -59.378573 0.138709 8.275004
v -59.378573 0.138709 8.675004
v -59.373645 0.127051 8.275004
v -59.373645 0.127051 8.675004
v -59.368210 0.115595 8.275004
v -59.368210 0.115595 8.675004
v -59.362292 0.104394 8.275004
v -59.362292 0.104394 8.675004
v -59.355916 0.093447 8.275004
v -59.355916 0.093447 8.675004
v -59.349084 0.082779 8.275004
v -59.349084 0.082779 8.675004
v -59.341794 0.072415 8.275004
v -59.341794 0.072415 8.675004
v -59.334098 0.062382 8.275004
v -59.334098 0.062382 8.675004
v -59.325970 0.052654 8.275004
v -59.325970 0.052654 8.675004
v -59.317435 0.043307 8.275004
v -59.317435 0.043307 8.675004
v -59.308495 0.034315 8.275004
v -59.308495 0.034315 8.675004
v -59.299224 0.025705 8.275004
v -59.299224 0.025705 8.675004
v -59.289571 0.017475 8.275004
v -59.289571 0.017475 8.675004
v -59.279589 0.009677 8.275004
v -59.279589 0.009677 8.675004
v -59.269277 0.002311 8.275004
v -59.269277 0.002311 8.675004
v -59.258685 -0.004572 8.275004
v -59.258685 -0.004572 8.675004
v -59.247788 -0.011049 8.275004
v -59.247788 -0.011049 8.675004
v -59.236638 -0.017069 8.275004
v -59.236638 -0.017069 8.675004
v -59.225233 -0.022581 8.275004
v -59.225233 -0.022581 8.675004
v -59.213625 -0.027635 8.275004
v -59.213625 -0.027635 8.675004
v -59.201789 -0.032182 8.275004
v -59.201789 -0.032182 8.675004
v -59.189800 -0.036220 8.275004
v -59.189800 -0.036220 8.675004
v -59.177634 -0.039776 8.275004
v -59.177634 -0.039776 8.675004
v -58.933514 -0.105181 8.275004
v -58.933514 -0.105181 8.675004
v -58.915277 -0.110490 8.675004
v -58.897269 -0.116561 8.675004
v -58.915277 -0.110490 8.275004
v -58.879539 -0.123368 8.675004
v -58.897269 -0.116561 8.275004
v -58.862115 -0.130937 8.675004
v -58.879539 -0.123368 8.275004
v -58.845021 -0.139243 8.675004
v -58.862115 -0.130937 8.275004
v -58.828282 -0.148234 8.675004
v -58.845021 -0.139243 8.275004
v -58.811950 -0.157963 8.675004
v -58.828282 -0.148234 8.275004
v -58.796049 -0.168351 8.675004
v -58.811950 -0.157963 8.275004
v -58.780581 -0.179400 8.675004
v -58.796049 -0.168351 8.275004
v -58.765620 -0.191084 8.675004
v -58.780581 -0.179400 8.275004
v -58.751142 -0.203403 8.675004
v -58.765620 -0.191084 8.275004
v -58.737198 -0.216306 8.675004
v -58.751142 -0.203403 8.275004
v -58.723837 -0.229819 8.675004
v -58.737198 -0.216306 8.275004
v -58.711036 -0.243840 8.675004
v -58.723837 -0.229819 8.275004
v -58.698844 -0.258420 8.675004
v -58.711036 -0.243840 8.275004
v -58.687287 -0.273507 8.675004
v -58.698844 -0.258420 8.275004
v -58.676365 -0.289052 8.675004
v -58.687287 -0.273507 8.275004
v -58.666103 -0.305054 8.675004
v -58.676365 -0.289052 8.275004
v -58.656527 -0.321462 8.675004
v -58.666103 -0.305054 8.275004
v -58.647663 -0.338252 8.675004
v -58.656527 -0.321462 8.275004
v -58.639509 -0.355422 8.675004
v -58.647663 -0.338252 8.275004
v -58.632092 -0.372923 8.675004
v -58.639509 -0.355422 8.275004
v -58.625412 -0.390703 8.675004
v -58.632092 -0.372923 8.275004
v -58.619494 -0.408762 8.675004
v -58.625412 -0.390703 8.275004
v -58.614363 -0.427050 8.675004
v -58.619494 -0.408762 8.275004
v -58.609969 -0.445541 8.675004
v -58.614363 -0.427050 8.275004
v -58.606388 -0.464185 8.675004
v -58.609969 -0.445541 8.275004
v -58.603594 -0.482981 8.675004
v -58.606388 -0.464185 8.275004
v -58.601587 -0.501879 8.675004
v -58.603594 -0.482981 8.275004
v -58.600393 -0.520852 8.675004
v -58.601587 -0.501879 8.275004
v -58.600393 -0.520852 8.275004
v -58.617005 -0.124485 8.275004
v -58.617005 -0.124485 8.675004
v -58.634759 -0.106731 8.275004
v -58.634759 -0.106731 8.675004
v -58.653251 -0.089713 8.275004
v -58.653251 -0.089713 8.675004
v -58.672453 -0.073508 8.275004
v -58.672453 -0.073508 8.675004
v -58.692316 -0.058115 8.275004
v -58.692316 -0.058115 8.675004
v -58.712788 -0.043561 8.275004
v -58.712788 -0.043561 8.675004
v -58.733845 -0.029870 8.275004
v -58.733845 -0.029870 8.675004
v -58.755486 -0.017094 8.275004
v -58.755486 -0.017094 8.675004
v -58.777634 -0.005232 8.275004
v -58.777634 -0.005232 8.675004
v -58.800240 0.005690 8.275004
v -58.800240 0.005690 8.675004
v -58.823304 0.015672 8.275004
v -58.823304 0.015672 8.675004
v -58.846748 0.024663 8.275004
v -58.846748 0.024663 8.675004
v -58.870573 0.032690 8.275004
v -58.870573 0.032690 8.675004
v -58.894703 0.039700 8.275004
v -58.894703 0.039700 8.675004
v -59.247865 0.224765 8.275004
v -59.248779 0.231038 8.275004
v -59.179335 0.122682 8.275004
v -59.173900 0.119456 8.275004
v -59.184644 0.126162 8.275004
v -59.234098 0.182804 8.275004
v -59.231152 0.177190 8.275004
v -59.236816 0.188519 8.275004
v -59.239279 0.194335 8.275004
v -59.241515 0.200279 8.275004
v -59.243470 0.206299 8.275004
v -59.245198 0.212395 8.275004
v -59.246645 0.218542 8.275004
v -59.249998 0.249987 8.275004
v -59.189775 0.129845 8.275004
v -59.194779 0.133731 8.275004
v -59.199605 0.137846 8.275004
v -59.208698 0.146634 8.275004
v -59.212965 0.151333 8.275004
v -59.249846 0.243662 8.275004
v -59.168312 0.116459 8.275004
v -59.162622 0.113690 8.275004
v -59.204253 0.142138 8.275004
v -59.249465 0.237338 8.275004
v -59.156806 0.111176 8.275004
v -59.150888 0.108890 8.275004
v -59.144893 0.106858 8.275004
v -59.217029 0.156185 8.275004
v -59.220890 0.161214 8.275004
v -59.138822 0.105105 8.275004
v -59.224522 0.166395 8.275004
v -59.227951 0.171729 8.275004
v -59.247865 0.224765 8.675004
v -59.248779 0.231038 8.675004
v -59.246645 0.218542 8.675004
v -59.179335 0.122682 8.675004
v -59.173900 0.119456 8.675004
v -59.245198 0.212395 8.675004
v -59.243470 0.206299 8.675004
v -59.241515 0.200279 8.675004
v -59.239279 0.194335 8.675004
v -59.236816 0.188519 8.675004
v -59.234098 0.182804 8.675004
v -59.231152 0.177190 8.675004
v -59.208698 0.146634 8.675004
v -59.212965 0.151333 8.675004
v -59.204253 0.142138 8.675004
v -59.194779 0.133731 8.675004
v -59.199605 0.137846 8.675004
v -59.189775 0.129845 8.675004
v -59.184644 0.126162 8.675004
v -59.249998 0.249987 8.675004
v -59.249846 0.243662 8.675004
v -59.168312 0.116459 8.675004
v -59.162622 0.113690 8.675004
v -59.138822 0.105105 8.675004
v -59.249465 0.237338 8.675004
v -59.156806 0.111176 8.675004
v -59.150888 0.108890 8.675004
v -59.144893 0.106858 8.675004
v -59.217029 0.156185 8.675004
v -59.227951 0.171729 8.675004
v -59.224522 0.166395 8.675004
v -59.220890 0.161214 8.675004
v -59.399985 0.249987 9.075003
v -59.399985 0.249987 9.475002
v -59.399731 0.237312 9.075003
v -59.399731 0.237312 9.475002
v -59.398918 0.224688 9.075003
v -59.398918 0.224688 9.475002
v -59.397572 0.212090 9.075003
v -59.397572 0.212090 9.475002
v -59.395718 0.199568 9.075003
v -59.395718 0.199568 9.475002
v -59.393330 0.187122 9.075003
v -59.393330 0.187122 9.475002
v -59.390409 0.174803 9.075003
v -59.390409 0.174803 9.475002
v -59.386980 0.162611 9.075003
v -59.386980 0.162611 9.475002
v -59.383044 0.150571 9.075003
v -59.383044 0.150571 9.475002
v -59.378573 0.138709 9.075003
v -59.378573 0.138709 9.475002
v -59.373645 0.127051 9.075003
v -59.373645 0.127051 9.475002
v -59.368210 0.115595 9.075003
v -59.368210 0.115595 9.475002
v -59.362292 0.104394 9.075003
v -59.362292 0.104394 9.475002
v -59.355916 0.093447 9.075003
v -59.355916 0.093447 9.475002
v -59.349084 0.082779 9.075003
v -59.349084 0.082779 9.475002
v -59.341794 0.072415 9.075003
v -59.341794 0.072415 9.475002
v -59.334098 0.062382 9.075003
v -59.334098 0.062382 9.475002
v -59.325970 0.052654 9.075003
v -59.325970 0.052654 9.475002
v -59.317435 0.043307 9.075003
v -59.317435 0.043307 9.475002
v -59.308495 0.034315 9.075003
v -59.308495 0.034315 9.475002
v -59.299224 0.025705 9.075003
v -59.299224 0.025705 9.475002
v -59.289571 0.017475 9.075003
v -59.289571 0.017475 9.475002
v -59.279589 0.009677 9.075003
v -59.279589 0.009677 9.475002
v -59.269277 0.002311 9.075003
v -59.269277 0.002311 9.475002
v -59.258685 -0.004572 9.075003
v -59.258685 -0.004572 9.475002
v -59.247788 -0.011049 9.075003
v -59.247788 -0.011049 9.475002
v -59.236638 -0.017069 9.075003
v -59.236638 -0.017069 9.475002
v -59.225233 -0.022581 9.075003
v -59.225233 -0.022581 9.475002
v -59.213625 -0.027635 9.075003
v -59.213625 -0.027635 9.475002
v -59.201789 -0.032182 9.075003
v -59.201789 -0.032182 9.475002
v -59.189800 -0.036220 9.075003
v -59.189800 -0.036220 9.475002
v -59.177634 -0.039776 9.075003
v -59.177634 -0.039776 9.475002
v -58.933514 -0.105181 9.075003
v -58.933514 -0.105181 9.475002
v -58.915277 -0.110490 9.475002
v -58.897269 -0.116561 9.475002
v -58.915277 -0.110490 9.075003
v -58.879539 -0.123368 9.475002
v -58.897269 -0.116561 9.075003
v -58.862115 -0.130937 9.475002
v -58.879539 -0.123368 9.075003
v -58.845021 -0.139243 9.475002
v -58.862115 -0.130937 9.075003
v -58.828282 -0.148234 9.475002
v -58.845021 -0.139243 9.075003
v -58.811950 -0.157963 9.475002
v -58.828282 -0.148234 9.075003
v -58.796049 -0.168351 9.475002
v -58.811950 -0.157963 9.075003
v -58.780581 -0.179400 9.475002
v -58.796049 -0.168351 9.075003
v -58.765620 -0.191084 9.475002
v -58.780581 -0.179400 9.075003
v -58.751142 -0.203403 9.475002
v -58.765620 -0.191084 9.075003
v -58.737198 -0.216306 9.475002
v -58.751142 -0.203403 9.075003
v -58.723837 -0.229819 9.475002
v -58.737198 -0.216306 9.075003
v -58.711036 -0.243840 9.475002
v -58.723837 -0.229819 9.075003
v -58.698844 -0.258420 9.475002
v -58.711036 -0.243840 9.075003
v -58.687287 -0.273507 9.475002
v -58.698844 -0.258420 9.075003
v -58.676365 -0.289052 9.475002
v -58.687287 -0.273507 9.075003
v -58.666103 -0.305054 9.475002
v -58.676365 -0.289052 9.075003
v -58.656527 -0.321462 9.475002
v -58.666103 -0.305054 9.075003
v -58.647663 -0.338252 9.475002
v -58.656527 -0.321462 9.075003
v -58.639509 -0.355422 9.475002
v -58.647663 -0.338252 9.075003
v -58.632092 -0.372923 9.475002
v -58.639509 -0.355422 9.075003
v -58.625412 -0.390703 9.475002
v -58.632092 -0.372923 9.075003
v -58.619494 -0.408762 9.475002
v -58.625412 -0.390703 9.075003
v -58.614363 -0.427050 9.475002
v -58.619494 -0.408762 9.075003
v -58.609969 -0.445541 9.475002
v -58.614363 -0.427050 9.075003
v -58.606388 -0.464185 9.475002
v -58.609969 -0.445541 9.075003
v -58.603594 -0.482981 9.475002
v -58.606388 -0.464185 9.075003
v -58.601587 -0.501879 9.475002
v -58.603594 -0.482981 9.075003
v -58.600393 -0.520852 9.475002
v -58.601587 -0.501879 9.075003
v -58.600393 -0.520852 9.075003
v -58.617005 -0.124485 9.075003
v -58.617005 -0.124485 9.475002
v -58.634759 -0.106731 9.075003
v -58.634759 -0.106731 9.475002
v -58.653251 -0.089713 9.075003
v -58.653251 -0.089713 9.475002
v -58.672453 -0.073508 9.075003
v -58.672453 -0.073508 9.475002
v -58.692316 -0.058115 9.075003
v -58.692316 -0.058115 9.475002
v -58.712788 -0.043561 9.075003
v -58.712788 -0.043561 9.475002
v -58.733845 -0.029870 9.075003
v -58.733845 -0.029870 9.475002
v -58.755486 -0.017094 9.075003
v -58.755486 -0.017094 9.475002
v -58.777634 -0.005232 9.075003
v -58.777634 -0.005232 9.475002
v -58.800240 0.005690 9.075003
v -58.800240 0.005690 9.475002
v -58.823304 0.015672 9.075003
v -58.823304 0.015672 9.475002
v -58.846748 0.024663 9.075003
v -58.846748 0.024663 9.475002
v -58.870573 0.032690 9.075003
v -58.870573 0.032690 9.475002
v -58.894703 0.039700 9.075003
v -58.894703 0.039700 9.475002
v -59.247865 0.224765 9.075003
v -59.248779 0.231038 9.075003
v -59.179335 0.122682 9.075003
v -59.173900 0.119456 9.075003
v -59.184644 0.126162 9.075003
v -59.234098 0.182804 9.075003
v -59.231152 0.177190 9.075003
v -59.236816 0.188519 9.075003
v -59.239279 0.194335 9.075003
v -59.241515 0.200279 9.075003
v -59.243470 0.206299 9.075003
v -59.245198 0.212395 9.075003
v -59.246645 0.218542 9.075003
v -59.249998 0.249987 9.075003
v -59.189775 0.129845 9.075003
v -59.194779 0.133731 9.075003
v -59.199605 0.137846 9.075003
v -59.208698 0.146634 9.075003
v -59.212965 0.151333 9.075003
v -59.249846 0.243662 9.075003
v -59.168312 0.116459 9.075003
v -59.162622 0.113690 9.075003
v -59.204253 0.142138 9.075003
v -59.249465 0.237338 9.075003
v -59.156806 0.111176 9.075003
v -59.150888 0.108890 9.075003
v -59.144893 0.106858 9.075003
v -59.217029 0.156185 9.075003
v -59.220890 0.161214 9.075003
v -59.138822 0.105105 9.075003
v -59.224522 0.166395 9.075003
v -59.227951 0.171729 9.075003
v -59.247865 0.224765 9.475002
v -59.248779 0.231038 9.475002
v -59.246645 0.218542 9.475002
v -59.179335 0.122682 9.475002
v -59.173900 0.119456 9.475002
v -59.245198 0.212395 9.475002
v -59.243470 0.206299 9.475002
v -59.241515 0.200279 9.475002
v -59.239279 0.194335 9.475002
v -59.236816 0.188519 9.475002
v -59.234098 0.182804 9.475002
v -59.231152 0.177190 9.475002
v -59.208698 0.146634 9.475002
v -59.212965 0.151333 9.475002
v -59.204253 0.142138 9.475002
v -59.194779 0.133731 9.475002
v -59.199605 0.137846 9.475002
v -59.189775 0.129845 9.475002
v -59.184644 0.126162 9.475002
v -59.249998 0.249987 9.475002
v -59.249846 0.243662 9.475002
v -59.168312 0.116459 9.475002
v -59.162622 0.113690 9.475002
v -59.138822 0.105105 9.475002
v -59.249465 0.237338 9.475002
v -59.156806 0.111176 9.475002
v -59.150888 0.108890 9.475002
v -59.144893 0.106858 9.475002
v -59.217029 0.156185 9.475002
v -59.227951 0.171729 9.475002
v -59.224522 0.166395 9.475002
v -59.220890 0.161214 9.475002
v -59.399985 0.249987 9.875001
v -59.399985 0.249987 10.275001
v -59.399731 0.237312 9.875001
v -59.399731 0.237312 10.275001
v -59.398918 0.224688 9.875001
v -59.398918 0.224688 10.275001
v -59.397572 0.212090 9.875001
v -59.397572 0.212090 10.275001
v -59.395718 0.199568 9.875001
v -59.395718 0.199568 10.275001
v -59.393330 0.187122 9.875001
v -59.393330 0.187122 10.275001
v -59.390409 0.174803 9.875001
v -59.390409 0.174803 10.275001
v -59.386980 0.162611 9.875001
v -59.386980 0.162611 10.275001
v -59.383044 0.150571 9.875001
v -59.383044 0.150571 10.275001
v -59.378573 0.138709 9.875001
v -59.378573 0.138709 10.275001
v -59.373645 0.127051 9.875001
v -59.373645 0.127051 10.275001
v -59.368210 0.115595 9.875001
v -59.368210 0.115595 10.275001
v -59.362292 0.104394 9.875001
v -59.362292 0.104394 10.275001
v -59.355916 0.093447 9.875001
v -59.355916 0.093447 10.275001
v -59.349084 0.082779 9.875001
v -59.349084 0.082779 10.275001
v -59.341794 0.072415 9.875001
v -59.341794 0.072415 10.275001
v -59.334098 0.062382 9.875001
v -59.334098 0.062382 10.275001
v -59.325970 0.052654 9.875001
v -59.325970 0.052654 10.275001
v -59.317435 0.043307 9.875001
v -59.317435 0.043307 10.275001
v -59.308495 0.034315 9.875001
v -59.308495 0.034315 10.275001
v -59.299224 0.025705 9.875001
v -59.299224 0.025705 10.275001
v -59.289571 0.017475 9.875001
v -59.289571 0.017475 10.275001
v -59.279589 0.009677 9.875001
v -59.279589 0.009677 10.275001
v -59.269277 0.002311 9.875001
v -59.269277 0.002311 10.275001
v -59.258685 -0.004572 9.875001
v -59.258685 -0.004572 10.275001
v -59.247788 -0.011049 9.875001
v -59.247788 -0.011049 10.275001
v -59.236638 -0.017069 9.875001
v -59.236638 -0.017069 10.275001
v -59.225233 -0.022581 9.875001
v -59.225233 -0.022581 10.275001
v -59.213625 -0.027635 9.875001
v -59.213625 -0.027635 10.275001
v -59.201789 -0.032182 9.875001
v -59.201789 -0.032182 10.275001
v -59.189800 -0.036220 9.875001
v -59.189800 -0.036220 10.275001
v -59.177634 -0.039776 9.875001
v -59.177634 -0.039776 10.275001
v -58.933514 -0.105181 9.875001
v -58.933514 -0.105181 10.275001
v -58.915277 -0.110490 10.275001
v -58.897269 -0.116561 10.275001
v -58.915277 -0.110490 9.875001
v -58.879539 -0.123368 10.275001
v -58.897269 -0.116561 9.875001
v -58.862115 -0.130937 10.275001
v -58.879539 -0.123368 9.875001
v -58.845021 -0.139243 10.275001
v -58.862115 -0.130937 9.875001
v -58.828282 -0.148234 10.275001
v -58.845021 -0.139243 9.875001
v -58.811950 -0.157963 10.275001
v -58.828282 -0.148234 9.875001
v -58.796049 -0.168351 10.275001
v -58.811950 -0.157963 9.875001
v -58.780581 -0.179400 10.275001
v -58.796049 -0.168351 9.875001
v -58.765620 -0.191084 10.275001
v -58.780581 -0.179400 9.875001
v -58.751142 -0.203403 10.275001
v -58.765620 -0.191084 9.875001
v -58.737198 -0.216306 10.275001
v -58.751142 -0.203403 9.875001
v -58.723837 -0.229819 10.275001
v -58.737198 -0.216306 9.875001
v -58.711036 -0.243840 10.275001
v -58.723837 -0.229819 9.875001
v -58.698844 -0.258420 10.275001
v -58.711036 -0.243840 9.875001
v -58.687287 -0.273507 10.275001
v -58.698844 -0.258420 9.875001
v -58.676365 -0.289052 10.275001
v -58.687287 -0.273507 9.875001
v -58.666103 -0.305054 10.275001
v -58.676365 -0.289052 9.875001
v -58.656527 -0.321462 10.275001
v -58.666103 -0.305054 9.875001
v -58.647663 -0.338252 10.275001
v -58.656527 -0.321462 9.875001
v -58.639509 -0.355422 10.275001
v -58.647663 -0.338252 9.875001
v -58.632092 -0.372923 10.275001
v -58.639509 -0.355422 9.875001
v -58.625412 -0.390703 10.275001
v -58.632092 -0.372923 9.875001
v -58.619494 -0.408762 10.275001
v -58.625412 -0.390703 9.875001
v -58.614363 -0.427050 10.275001
v -58.619494 -0.408762 9.875001
v -58.609969 -0.445541 10.275001
v -58.614363 -0.427050 9.875001
v -58.606388 -0.464185 10.275001
v -58.609969 -0.445541 9.875001
v -58.603594 -0.482981 10.275001
v -58.606388 -0.464185 9.875001
v -58.601587 -0.501879 10.275001
v -58.603594 -0.482981 9.875001
v -58.600393 -0.520852 10.275001
v -58.601587 -0.501879 9.875001
v -58.600393 -0.520852 9.875001
v -58.617005 -0.124485 9.875001
v -58.617005 -0.124485 10.275001
v -58.634759 -0.106731 9.875001
v -58.634759 -0.106731 10.275001
v -58.653251 -0.089713 9.875001
v -58.653251 -0.089713 10.275001
v -58.672453 -0.073508 9.875001
v -58.672453 -0.073508 10.275001
v -58.692316 -0.058115 9.875001
v -58.692316 -0.058115 10.275001
v -58.712788 -0.043561 9.875001
v -58.712788 -0.043561 10.275001
v -58.733845 -0.029870 9.875001
v -58.733845 -0.029870 10.275001
v -58.755486 -0.017094 9.875001
v -58.755486 -0.017094 10.275001
v -58.777634 -0.005232 9.875001
v -58.777634 -0.005232 10.275001
v -58.800240 0.005690 9.875001
v -58.800240 0.005690 10.275001
v -58.823304 0.015672 9.875001
v -58.823304 0.015672 10.275001
v -58.846748 0.024663 9.875001
v -58.846748 0.024663 10.275001
v -58.870573 0.032690 9.875001
v -58.870573 0.032690 10.275001
v -58.894703 0.039700 9.875001
v -58.894703 0.039700 10.275001
v -59.179335 0.122682 9.875001
v -59.173900 0.119456 9.875001
v -59.184644 0.126162 9.875001
v -59.156806 0.111176 9.875001
v -59.150888 0.108890 9.875001
v -59.162622 0.113690 9.875001
v -59.189775 0.129845 9.875001
v -59.194779 0.133731 9.875001
v -59.199605 0.137846 9.875001
v -59.168312 0.116459 9.875001
v -59.204253 0.142138 9.875001
v -59.208698 0.146634 9.875001
v -59.249998 0.249987 9.875001
v -59.138822 0.105105 9.875001
v -59.144893 0.106858 9.875001
v -59.212965 0.151333 9.875001
v -59.217029 0.156185 9.875001
v -59.220890 0.161214 9.875001
v -59.224522 0.166395 9.875001
v -59.245198 0.212395 9.875001
v -59.243470 0.206299 9.875001
v -59.246645 0.218542 9.875001
v -59.247865 0.224765 9.875001
v -59.248779 0.231038 9.875001
v -59.249846 0.243662 9.875001
v -59.249465 0.237338 9.875001
v -59.227951 0.171729 9.875001
v -59.231152 0.177190 9.875001
v -59.234098 0.182804 9.875001
v -59.236816 0.188519 9.875001
v -59.239279 0.194335 9.875001
v -59.241515 0.200279 9.875001
v -59.138822 0.105105 10.275001
v -59.179335 0.122682 10.275001
v -59.184644 0.126162 10.275001
v -59.173900 0.119456 10.275001
v -59.144893 0.106858 10.275001
v -59.194779 0.133731 10.275001
v -59.199605 0.137846 10.275001
v -59.189775 0.129845 10.275001
v -59.156806 0.111176 10.275001
v -59.150888 0.108890 10.275001
v -59.204253 0.142138 10.275001
v -59.208698 0.146634 10.275001
v -59.168312 0.116459 10.275001
v -59.162622 0.113690 10.275001
v -59.249998 0.249987 10.275001
v -59.249846 0.243662 10.275001
v -59.247865 0.224765 10.275001
v -59.248779 0.231038 10.275001
v -59.246645 0.218542 10.275001
v -59.245198 0.212395 10.275001
v -59.243470 0.206299 10.275001
v -59.220890 0.161214 10.275001
v -59.224522 0.166395 10.275001
v -59.217029 0.156185 10.275001
v -59.212965 0.151333 10.275001
v -59.249465 0.237338 10.275001
v -59.227951 0.171729 10.275001
v -59.231152 0.177190 10.275001
v -59.241515 0.200279 10.275001
v -59.239279 0.194335 10.275001
v -59.236816 0.188519 10.275001
v -59.234098 0.182804 10.275001
v -58.600393 3.701237 16.574988
v -58.601587 3.682263 16.574988
v -58.600393 3.701237 15.975015
v -58.603594 3.663366 16.574988
v -58.601587 3.682263 15.975015
v -58.606388 3.644570 16.574988
v -58.603594 3.663366 15.975015
v -58.609969 3.625926 16.574988
v -58.606388 3.644570 15.975015
v -58.614363 3.607435 16.574988
v -58.609969 3.625926 15.975015
v -58.619494 3.589147 16.574988
v -58.614363 3.607435 15.975015
v -58.625412 3.571088 16.574988
v -58.619494 3.589147 15.975015
v -58.632092 3.553307 16.574988
v -58.625412 3.571088 15.975015
v -58.639509 3.535807 16.574988
v -58.632092 3.553307 15.975015
v -58.647663 3.518637 16.574988
v -58.639509 3.535807 15.975015
v -58.656527 3.501847 16.574988
v -58.647663 3.518637 15.975015
v -58.666103 3.485439 16.574988
v -58.656527 3.501847 15.975015
v -58.676365 3.469437 16.574988
v -58.666103 3.485439 15.975015
v -58.687287 3.453892 16.574988
v -58.676365 3.469437 15.975015
v -58.698844 3.438805 16.574988
v -58.687287 3.453892 15.975015
v -58.711036 3.424225 16.574988
v -58.698844 3.438805 15.975015
v -58.723837 3.410204 16.574988
v -58.711036 3.424225 15.975015
v -58.737198 3.396691 16.574988
v -58.723837 3.410204 15.975015
v -58.751142 3.383788 16.574988
v -58.737198 3.396691 15.975015
v -58.765620 3.371469 16.574988
v -58.751142 3.383788 15.975015
v -58.780581 3.359785 16.574988
v -58.765620 3.371469 15.975015
v -58.796049 3.348736 16.574988
v -58.780581 3.359785 15.975015
v -58.811950 3.338347 16.574988
v -58.796049 3.348736 15.975015
v -58.828282 3.328619 16.574988
v -58.811950 3.338347 15.975015
v -58.845021 3.319628 16.574988
v -58.828282 3.328619 15.975015
v -58.862115 3.311322 16.574988
v -58.845021 3.319628 15.975015
v -58.879539 3.303753 16.574988
v -58.862115 3.311322 15.975015
v -58.897269 3.296946 16.574988
v -58.879539 3.303753 15.975015
v -58.915277 3.290875 16.574988
v -58.897269 3.296946 15.975015
v -58.933514 3.285566 16.574988
v -58.915277 3.290875 15.975015
v -58.933514 3.285566 15.975015
v -59.477633 3.139770 15.975015
v -59.477633 3.139770 16.574988
v -59.489800 3.136240 15.975015
v -59.489800 3.136240 16.574988
v -59.501788 3.132176 15.975015
v -59.501788 3.132176 16.574988
v -59.513625 3.127629 15.975015
v -59.513625 3.127629 16.574988
v -59.525233 3.122600 15.975015
v -59.525233 3.122600 16.574988
v -59.536637 3.117063 15.975015
v -59.536637 3.117063 16.574988
v -59.547788 3.111043 15.975015
v -59.547788 3.111043 16.574988
v -59.558684 3.104591 15.975015
v -59.558684 3.104591 16.574988
v -59.569276 3.097657 15.975015
v -59.569276 3.097657 16.574988
v -59.579589 3.090291 15.975015
v -59.579589 3.090291 16.574988
v -59.589571 3.082493 15.975015
v -59.589571 3.082493 16.574988
v -59.599223 3.074289 15.975015
v -59.599223 3.074289 16.574988
v -59.608519 3.065678 15.975015
v -59.608519 3.065678 16.574988
v -59.617435 3.056687 15.975015
v -59.617435 3.056687 16.574988
v -59.625969 3.047314 15.975015
v -59.625969 3.047314 16.574988
v -59.634097 3.037611 15.975015
v -59.634097 3.037611 16.574988
v -59.641793 3.027553 15.975015
v -59.641793 3.027553 16.574988
v -59.649083 3.017190 15.975015
v -59.649083 3.017190 16.574988
v -59.655916 3.006522 15.975015
v -59.655916 3.006522 16.574988
v -59.662291 2.995574 15.975015
v -59.662291 2.995574 16.574988
v -59.668209 2.984373 15.975015
v -59.668209 2.984373 16.574988
v -59.673645 2.972943 15.975015
v -59.673645 2.972943 16.574988
v -59.678572 2.961284 15.975015
v -59.678572 2.961284 16.574988
v -59.683043 2.949423 15.975015
v -59.683043 2.949423 16.574988
v -59.686980 2.937383 15.975015
v -59.686980 2.937383 16.574988
v -59.690409 2.925191 15.975015
v -59.690409 2.925191 16.574988
v -59.693330 2.912847 15.975015
v -59.693330 2.912847 16.574988
v -59.695717 2.900426 15.975015
v -59.695717 2.900426 16.574988
v -59.697572 2.887878 15.975015
v -59.697572 2.887878 16.574988
v -59.698918 2.875305 15.975015
v -59.698918 2.875305 16.574988
v -59.699731 2.862656 15.975015
v -59.699731 2.862656 16.574988
v -59.699985 2.849982 15.975015
v -59.699985 2.849982 16.574988
v -58.881749 3.092374 16.574988
v -58.881749 3.092374 15.975015
v -58.855587 3.099968 15.975015
v -58.855587 3.099968 16.574988
v -58.829781 3.108655 15.975015
v -58.829781 3.108655 16.574988
v -58.804355 3.118434 15.975015
v -58.804355 3.118434 16.574988
v -58.779362 3.129255 15.975015
v -58.779362 3.129255 16.574988
v -58.754851 3.141091 15.975015
v -58.754851 3.141091 16.574988
v -58.730848 3.153969 15.975015
v -58.730848 3.153969 16.574988
v -58.707403 3.167837 15.975015
v -58.707403 3.167837 16.574988
v -58.684543 3.182671 15.975015
v -58.684543 3.182671 16.574988
v -58.662344 3.198470 15.975015
v -58.662344 3.198470 16.574988
v -58.640830 3.215157 15.975015
v -58.640830 3.215157 16.574988
v -58.620027 3.232734 15.975015
v -58.620027 3.232734 16.574988
v -59.425868 2.946578 16.574988
v -59.425868 2.946578 15.975015
v -59.499909 2.854198 16.574988
v -59.499985 2.849982 16.574988
v -59.499985 2.849982 15.975015
v -59.499629 2.858414 16.574988
v -59.499909 2.854198 15.975015
v -59.499198 2.862631 16.574988
v -59.499629 2.858414 15.975015
v -59.498563 2.866796 16.574988
v -59.499198 2.862631 15.975015
v -59.497775 2.870937 16.574988
v -59.498563 2.866796 15.975015
v -59.496785 2.875051 16.574988
v -59.497775 2.870937 15.975015
v -59.495642 2.879115 16.574988
v -59.496785 2.875051 15.975015
v -59.494346 2.883129 16.574988
v -59.495642 2.879115 15.975015
v -59.492848 2.887091 16.574988
v -59.494346 2.883129 15.975015
v -59.491197 2.890977 16.574988
v -59.492848 2.887091 15.975015
v -59.489393 2.894787 16.574988
v -59.491197 2.890977 15.975015
v -59.487412 2.898521 16.574988
v -59.489393 2.894787 15.975015
v -59.485304 2.902153 16.574988
v -59.487412 2.898521 15.975015
v -59.483018 2.905709 16.574988
v -59.485304 2.902153 15.975015
v -59.480579 2.909164 16.574988
v -59.483018 2.905709 15.975015
v -59.478014 2.912516 16.574988
v -59.480579 2.909164 15.975015
v -59.475322 2.915768 16.574988
v -59.478014 2.912516 15.975015
v -59.472477 2.918892 16.574988
v -59.475322 2.915768 15.975015
v -59.469505 2.921889 16.574988
v -59.472477 2.918892 15.975015
v -59.466406 2.924759 16.574988
v -59.469505 2.921889 15.975015
v -59.463180 2.927477 16.574988
v -59.466406 2.924759 15.975015
v -59.459853 2.930093 16.574988
v -59.463180 2.927477 15.975015
v -59.456424 2.932532 16.574988
v -59.459853 2.930093 15.975015
v -59.452893 2.934843 16.574988
v -59.456424 2.932532 15.975015
v -59.449261 2.937002 16.574988
v -59.452893 2.934843 15.975015
v -59.445527 2.939009 16.574988
v -59.449261 2.937002 15.975015
v -59.441743 2.940863 16.574988
v -59.445527 2.939009 15.975015
v -59.437857 2.942539 16.574988
v -59.441743 2.940863 15.975015
v -59.433920 2.944063 16.574988
v -59.437857 2.942539 15.975015
v -59.429932 2.945409 16.574988
v -59.433920 2.944063 15.975015
v -59.429932 2.945409 15.975015
v -58.600393 3.701237 17.841661
v -58.601587 3.682263 17.841661
v -58.600393 3.701237 17.241662
v -58.603594 3.663366 17.841661
v -58.601587 3.682263 17.241662
v -58.606388 3.644570 17.841661
v -58.603594 3.663366 17.241662
v -58.609969 3.625926 17.841661
v -58.606388 3.644570 17.241662
v -58.614363 3.607435 17.841661
v -58.609969 3.625926 17.241662
v -58.619494 3.589147 17.841661
v -58.614363 3.607435 17.241662
v -58.625412 3.571088 17.841661
v -58.619494 3.589147 17.241662
v -58.632092 3.553307 17.841661
v -58.625412 3.571088 17.241662
v -58.639509 3.535807 17.841661
v -58.632092 3.553307 17.241662
v -58.647663 3.518637 17.841661
v -58.639509 3.535807 17.241662
v -58.656527 3.501847 17.841661
v -58.647663 3.518637 17.241662
v -58.666103 3.485439 17.841661
v -58.656527 3.501847 17.241662
v -58.676365 3.469437 17.841661
v -58.666103 3.485439 17.241662
v -58.687287 3.453892 17.841661
v -58.676365 3.469437 17.241662
v -58.698844 3.438805 17.841661
v -58.687287 3.453892 17.241662
v -58.711036 3.424225 17.841661
v -58.698844 3.438805 17.241662
v -58.723837 3.410204 17.841661
v -58.711036 3.424225 17.241662
v -58.737198 3.396691 17.841661
v -58.723837 3.410204 17.241662
v -58.751142 3.383788 17.841661
v -58.737198 3.396691 17.241662
v -58.765620 3.371469 17.841661
v -58.751142 3.383788 17.241662
v -58.780581 3.359785 17.841661
v -58.765620 3.371469 17.241662
v -58.796049 3.348736 17.841661
v -58.780581 3.359785 17.241662
v -58.811950 3.338347 17.841661
v -58.796049 3.348736 17.241662
v -58.828282 3.328619 17.841661
v -58.811950 3.338347 17.241662
v -58.845021 3.319628 17.841661
v -58.828282 3.328619 17.241662
v -58.862115 3.311322 17.841661
v -58.845021 3.319628 17.241662
v -58.879539 3.303753 17.841661
v -58.862115 3.311322 17.241662
v -58.897269 3.296946 17.841661
v -58.879539 3.303753 17.241662
v -58.915277 3.290875 17.841661
v -58.897269 3.296946 17.241662
v -58.933514 3.285566 17.841661
v -58.915277 3.290875 17.241662
v -58.933514 3.285566 17.241662
v -59.477633 3.139770 17.241662
v -59.477633 3.139770 17.841661
v -59.489800 3.136240 17.241662
v -59.489800 3.136240 17.841661
v -59.501788 3.132176 17.241662
v -59.501788 3.132176 17.841661
v -59.513625 3.127629 17.241662
v -59.513625 3.127629 17.841661
v -59.525233 3.122600 17.241662
v -59.525233 3.122600 17.841661
v -59.536637 3.117063 17.241662
v -59.536637 3.117063 17.841661
v -59.547788 3.111043 17.241662
v -59.547788 3.111043 17.841661
v -59.558684 3.104591 17.241662
v -59.558684 3.104591 17.841661
v -59.569276 3.097657 17.241662
v -59.569276 3.097657 17.841661
v -59.579589 3.090291 17.241662
v -59.579589 3.090291 17.841661
v -59.589571 3.082493 17.241662
v -59.589571 3.082493 17.841661
v -59.599223 3.074289 17.241662
v -59.599223 3.074289 17.841661
v -59.608519 3.065678 17.241662
v -59.608519 3.065678 17.841661
v -59.617435 3.056687 17.241662
v -59.617435 3.056687 17.841661
v -59.625969 3.047314 17.241662
v -59.625969 3.047314 17.841661
v -59.634097 3.037611 17.241662
v -59.634097 3.037611 17.841661
v -59.641793 3.027553 17.241662
v -59.641793 3.027553 17.841661
v -59.649083 3.017190 17.241662
v -59.649083 3.017190 17.841661
v -59.655916 3.006522 17.241662
v -59.655916 3.006522 17.841661
v -59.662291 2.995574 17.241662
v -59.662291 2.995574 17.841661
v -59.668209 2.984373 17.241662
v -59.668209 2.984373 17.841661
v -59.673645 2.972943 17.241662
v -59.673645 2.972943 17.841661
v -59.678572 2.961284 17.241662
v -59.678572 2.961284 17.841661
v -59.683043 2.949423 17.241662
v -59.683043 2.949423 17.841661
v -59.686980 2.937383 17.241662
v -59.686980 2.937383 17.841661
v -59.690409 2.925191 17.241662
v -59.690409 2.925191 17.841661
v -59.693330 2.912847 17.241662
v -59.693330 2.912847 17.841661
v -59.695717 2.900426 17.241662
v -59.695717 2.900426 17.841661
v -59.697572 2.887878 17.241662
v -59.697572 2.887878 17.841661
v -59.698918 2.875305 17.241662
v -59.698918 2.875305 17.841661
v -59.699731 2.862656 17.241662
v -59.699731 2.862656 17.841661
v -59.699985 2.849982 17.241662
v -59.699985 2.849982 17.841661
v -58.881749 3.092374 17.841661
v -58.881749 3.092374 17.241662
v -58.855587 3.099968 17.241662
v -58.855587 3.099968 17.841661
v -58.829781 3.108655 17.241662
v -58.829781 3.108655 17.841661
v -58.804355 3.118434 17.241662
v -58.804355 3.118434 17.841661
v -58.779362 3.129255 17.241662
v -58.779362 3.129255 17.841661
v -58.754851 3.141091 17.241662
v -58.754851 3.141091 17.841661
v -58.730848 3.153969 17.241662
v -58.730848 3.153969 17.841661
v -58.707403 3.167837 17.241662
v -58.707403 3.167837 17.841661
v -58.684543 3.182671 17.241662
v -58.684543 3.182671 17.841661
v -58.662344 3.198470 17.241662
v -58.662344 3.198470 17.841661
v -58.640830 3.215157 17.241662
v -58.640830 3.215157 17.841661
v -58.620027 3.232734 17.241662
v -58.620027 3.232734 17.841661
v -59.425868 2.946578 17.841661
v -59.425868 2.946578 17.241662
v -59.499909 2.854198 17.841661
v -59.499985 2.849982 17.841661
v -59.499985 2.849982 17.241662
v -59.499629 2.858414 17.841661
v -59.499909 2.854198 17.241662
v -59.499198 2.862631 17.841661
v -59.499629 2.858414 17.241662
v -59.498563 2.866796 17.841661
v -59.499198 2.862631 17.241662
v -59.497775 2.870937 17.841661
v -59.498563 2.866796 17.241662
v -59.496785 2.875051 17.841661
v -59.497775 2.870937 17.241662
v -59.495642 2.879115 17.841661
v -59.496785 2.875051 17.241662
v -59.494346 2.883129 17.841661
v -59.495642 2.879115 17.241662
v -59.492848 2.887091 17.841661
v -59.494346 2.883129 17.241662
v -59.491197 2.890977 17.841661
v -59.492848 2.887091 17.241662
v -59.489393 2.894787 17.841661
v -59.491197 2.890977 17.241662
v -59.487412 2.898521 17.841661
v -59.489393 2.894787 17.241662
v -59.485304 2.902153 17.841661
v -59.487412 2.898521 17.241662
v -59.483018 2.905709 17.841661
v -59.485304 2.902153 17.241662
v -59.480579 2.909164 17.841661
v -59.483018 2.905709 17.241662
v -59.478014 2.912516 17.841661
v -59.480579 2.909164 17.241662
v -59.475322 2.915768 17.841661
v -59.478014 2.912516 17.241662
v -59.472477 2.918892 17.841661
v -59.475322 2.915768 17.241662
v -59.469505 2.921889 17.841661
v -59.472477 2.918892 17.241662
v -59.466406 2.924759 17.841661
v -59.469505 2.921889 17.241662
v -59.463180 2.927477 17.841661
v -59.466406 2.924759 17.241662
v -59.459853 2.930093 17.841661
v -59.463180 2.927477 17.241662
v -59.456424 2.932532 17.841661
v -59.459853 2.930093 17.241662
v -59.452893 2.934843 17.841661
v -59.456424 2.932532 17.241662
v -59.449261 2.937002 17.841661
v -59.452893 2.934843 17.241662
v -59.445527 2.939009 17.841661
v -59.449261 2.937002 17.241662
v -59.441743 2.940863 17.841661
v -59.445527 2.939009 17.241662
v -59.437857 2.942539 17.841661
v -59.441743 2.940863 17.241662
v -59.433920 2.944063 17.841661
v -59.437857 2.942539 17.241662
v -59.429932 2.945409 17.841661
v -59.433920 2.944063 17.241662
v -59.429932 2.945409 17.241662
v -58.600393 3.701237 19.108308
v -58.601587 3.682263 19.108308
v -58.600393 3.701237 18.508309
v -58.603594 3.663366 19.108308
v -58.601587 3.682263 18.508309
v -58.606388 3.644570 19.108308
v -58.603594 3.663366 18.508309
v -58.609969 3.625926 19.108308
v -58.606388 3.644570 18.508309
v -58.614363 3.607435 19.108308
v -58.609969 3.625926 18.508309
v -58.619494 3.589147 19.108308
v -58.614363 3.607435 18.508309
v -58.625412 3.571088 19.108308
v -58.619494 3.589147 18.508309
v -58.632092 3.553307 19.108308
v -58.625412 3.571088 18.508309
v -58.639509 3.535807 19.108308
v -58.632092 3.553307 18.508309
v -58.647663 3.518637 19.108308
v -58.639509 3.535807 18.508309
v -58.656527 3.501847 19.108308
v -58.647663 3.518637 18.508309
v -58.666103 3.485439 19.108308
v -58.656527 3.501847 18.508309
v -58.676365 3.469437 19.108308
v -58.666103 3.485439 18.508309
v -58.687287 3.453892 19.108308
v -58.676365 3.469437 18.508309
v -58.698844 3.438805 19.108308
v -58.687287 3.453892 18.508309
v -58.711036 3.424225 19.108308
v -58.698844 3.438805 18.508309
v -58.723837 3.410204 19.108308
v -58.711036 3.424225 18.508309
v -58.737198 3.396691 19.108308
v -58.723837 3.410204 18.508309
v -58.751142 3.383788 19.108308
v -58.737198 3.396691 18.508309
v -58.765620 3.371469 19.108308
v -58.751142 3.383788 18.508309
v -58.780581 3.359785 19.108308
v -58.765620 3.371469 18.508309
v -58.796049 3.348736 19.108308
v -58.780581 3.359785 18.508309
v -58.811950 3.338347 19.108308
v -58.796049 3.348736 18.508309
v -58.828282 3.328619 19.108308
v -58.811950 3.338347 18.508309
v -58.845021 3.319628 19.108308
v -58.828282 3.328619 18.508309
v -58.862115 3.311322 19.108308
v -58.845021 3.319628 18.508309
v -58.879539 3.303753 19.108308
v -58.862115 3.311322 18.508309
v -58.897269 3.296946 19.108308
v -58.879539 3.303753 18.508309
v -58.915277 3.290875 19.108308
v -58.897269 3.296946 18.508309
v -58.933514 3.285566 19.108308
v -58.915277 3.290875 18.508309
v -58.933514 3.285566 18.508309
v -59.477633 3.139770 18.508309
v -59.477633 3.139770 19.108308
v -59.489800 3.136240 18.508309
v -59.489800 3.136240 19.108308
v -59.501788 3.132176 18.508309
v -59.501788 3.132176 19.108308
v -59.513625 3.127629 18.508309
v -59.513625 3.127629 19.108308
v -59.525233 3.122600 18.508309
v -59.525233 3.122600 19.108308
v -59.536637 3.117063 18.508309
v -59.536637 3.117063 19.108308
v -59.547788 3.111043 18.508309
v -59.547788 3.111043 19.108308
v -59.558684 3.104591 18.508309
v -59.558684 3.104591 19.108308
v -59.569276 3.097657 18.508309
v -59.569276 3.097657 19.108308
v -59.579589 3.090291 18.508309
v -59.579589 3.090291 19.108308
v -59.589571 3.082493 18.508309
v -59.589571 3.082493 19.108308
v -59.599223 3.074289 18.508309
v -59.599223 3.074289 19.108308
v -59.608519 3.065678 18.508309
v -59.608519 3.065678 19.108308
v -59.617435 3.056687 18.508309
v -59.617435 3.056687 19.108308
v -59.625969 3.047314 18.508309
v -59.625969 3.047314 19.108308
v -59.634097 3.037611 18.508309
v -59.634097 3.037611 19.108308
v -59.641793 3.027553 18.508309
v -59.641793 3.027553 19.108308
v -59.649083 3.017190 18.508309
v -59.649083 3.017190 19.108308
v -59.655916 3.006522 18.508309
v -59.655916 3.006522 19.108308
v -59.662291 2.995574 18.508309
v -59.662291 2.995574 19.108308
v -59.668209 2.984373 18.508309
v -59.668209 2.984373 19.108308
v -59.673645 2.972943 18.508309
v -59.673645 2.972943 19.108308
v -59.678572 2.961284 18.508309
v -59.678572 2.961284 19.108308
v -59.683043 2.949423 18.508309
v -59.683043 2.949423 19.108308
v -59.686980 2.937383 18.508309
v -59.686980 2.937383 19.108308
v -59.690409 2.925191 18.508309
v -59.690409 2.925191 19.108308
v -59.693330 2.912847 18.508309
v -59.693330 2.912847 19.108308
v -59.695717 2.900426 18.508309
v -59.695717 2.900426 19.108308
v -59.697572 2.887878 18.508309
v -59.697572 2.887878 19.108308
v -59.698918 2.875305 18.508309
v -59.698918 2.875305 19.108308
v -59.699731 2.862656 18.508309
v -59.699731 2.862656 19.108308
v -59.699985 2.849982 18.508309
v -59.699985 2.849982 19.108308
v -58.881749 3.092374 19.108308
v -58.881749 3.092374 18.508309
v -58.855587 3.099968 18.508309
v -58.855587 3.099968 19.108308
v -58.829781 3.108655 18.508309
v -58.829781 3.108655 19.108308
v -58.804355 3.118434 18.508309
v -58.804355 3.118434 19.108308
v -58.779362 3.129255 18.508309
v -58.779362 3.129255 19.108308
v -58.754851 3.141091 18.508309
v -58.754851 3.141091 19.108308
v -58.730848 3.153969 18.508309
v -58.730848 3.153969 19.108308
v -58.707403 3.167837 18.508309
v -58.707403 3.167837 19.108308
v -58.684543 3.182671 18.508309
v -58.684543 3.182671 19.108308
v -58.662344 3.198470 18.508309
v -58.662344 3.198470 19.108308
v -58.640830 3.215157 18.508309
v -58.640830 3.215157 19.108308
v -58.620027 3.232734 18.508309
v -58.620027 3.232734 19.108308
v -59.425868 2.946578 19.108308
v -59.425868 2.946578 18.508309
v -59.499909 2.854198 19.108308
v -59.499985 2.849982 19.108308
v -59.499985 2.849982 18.508309
v -59.499629 2.858414 19.108308
v -59.499909 2.854198 18.508309
v -59.499198 2.862631 19.108308
v -59.499629 2.858414 18.508309
v -59.498563 2.866796 19.108308
v -59.499198 2.862631 18.508309
v -59.497775 2.870937 19.108308
v -59.498563 2.866796 18.508309
v -59.496785 2.875051 19.108308
v -59.497775 2.870937 18.508309
v -59.495642 2.879115 19.108308
v -59.496785 2.875051 18.508309
v -59.494346 2.883129 19.108308
v -59.495642 2.879115 18.508309
v -59.492848 2.887091 19.108308
v -59.494346 2.883129 18.508309
v -59.491197 2.890977 19.108308
v -59.492848 2.887091 18.508309
v -59.489393 2.894787 19.108308
v -59.491197 2.890977 18.508309
v -59.487412 2.898521 19.108308
v -59.489393 2.894787 18.508309
v -59.485304 2.902153 19.108308
v -59.487412 2.898521 18.508309
v -59.483018 2.905709 19.108308
v -59.485304 2.902153 18.508309
v -59.480579 2.909164 19.108308
v -59.483018 2.905709 18.508309
v -59.478014 2.912516 19.108308
v -59.480579 2.909164 18.508309
v -59.475322 2.915768 19.108308
v -59.478014 2.912516 18.508309
v -59.472477 2.918892 19.108308
v -59.475322 2.915768 18.508309
v -59.469505 2.921889 19.108308
v -59.472477 2.918892 18.508309
v -59.466406 2.924759 19.108308
v -59.469505 2.921889 18.508309
v -59.463180 2.927477 19.108308
v -59.466406 2.924759 18.508309
v -59.459853 2.930093 19.108308
v -59.463180 2.927477 18.508309
v -59.456424 2.932532 19.108308
v -59.459853 2.930093 18.508309
v -59.452893 2.934843 19.108308
v -59.456424 2.932532 18.508309
v -59.449261 2.937002 19.108308
v -59.452893 2.934843 18.508309
v -59.445527 2.939009 19.108308
v -59.449261 2.937002 18.508309
v -59.441743 2.940863 19.108308
v -59.445527 2.939009 18.508309
v -59.437857 2.942539 19.108308
v -59.441743 2.940863 18.508309
v -59.433920 2.944063 19.108308
v -59.437857 2.942539 18.508309
v -59.429932 2.945409 19.108308
v -59.433920 2.944063 18.508309
v -59.429932 2.945409 18.508309
v -58.600393 3.701237 20.374980
v -58.601587 3.682263 20.374980
v -58.600393 3.701237 19.774982
v -58.603594 3.663366 20.374980
v -58.601587 3.682263 19.774982
v -58.606388 3.644570 20.374980
v -58.603594 3.663366 19.774982
v -58.609969 3.625926 20.374980
v -58.606388 3.644570 19.774982
v -58.614363 3.607435 20.374980
v -58.609969 3.625926 19.774982
v -58.619494 3.589147 20.374980
v -58.614363 3.607435 19.774982
v -58.625412 3.571088 20.374980
v -58.619494 3.589147 19.774982
v -58.632092 3.553307 20.374980
v -58.625412 3.571088 19.774982
v -58.639509 3.535807 20.374980
v -58.632092 3.553307 19.774982
v -58.647663 3.518637 20.374980
v -58.639509 3.535807 19.774982
v -58.656527 3.501847 20.374980
v -58.647663 3.518637 19.774982
v -58.666103 3.485439 20.374980
v -58.656527 3.501847 19.774982
v -58.676365 3.469437 20.374980
v -58.666103 3.485439 19.774982
v -58.687287 3.453892 20.374980
v -58.676365 3.469437 19.774982
v -58.698844 3.438805 20.374980
v -58.687287 3.453892 19.774982
v -58.711036 3.424225 20.374980
v -58.698844 3.438805 19.774982
v -58.723837 3.410204 20.374980
v -58.711036 3.424225 19.774982
v -58.737198 3.396691 20.374980
v -58.723837 3.410204 19.774982
v -58.751142 3.383788 20.374980
v -58.737198 3.396691 19.774982
v -58.765620 3.371469 20.374980
v -58.751142 3.383788 19.774982
v -58.780581 3.359785 20.374980
v -58.765620 3.371469 19.774982
v -58.796049 3.348736 20.374980
v -58.780581 3.359785 19.774982
v -58.811950 3.338347 20.374980
v -58.796049 3.348736 19.774982
v -58.828282 3.328619 20.374980
v -58.811950 3.338347 19.774982
v -58.845021 3.319628 20.374980
v -58.828282 3.328619 19.774982
v -58.862115 3.311322 20.374980
v -58.845021 3.319628 19.774982
v -58.879539 3.303753 20.374980
v -58.862115 3.311322 19.774982
v -58.897269 3.296946 20.374980
v -58.879539 3.303753 19.774982
v -58.915277 3.290875 20.374980
v -58.897269 3.296946 19.774982
v -58.933514 3.285566 20.374980
v -58.915277 3.290875 19.774982
v -58.933514 3.285566 19.774982
v -59.477633 3.139770 19.774982
v -59.477633 3.139770 20.374980
v -59.489800 3.136240 19.774982
v -59.489800 3.136240 20.374980
v -59.501788 3.132176 19.774982
v -59.501788 3.132176 20.374980
v -59.513625 3.127629 19.774982
v -59.513625 3.127629 20.374980
v -59.525233 3.122600 19.774982
v -59.525233 3.122600 20.374980
v -59.536637 3.117063 19.774982
v -59.536637 3.117063 20.374980
v -59.547788 3.111043 19.774982
v -59.547788 3.111043 20.374980
v -59.558684 3.104591 19.774982
v -59.558684 3.104591 20.374980
v -59.569276 3.097657 19.774982
v -59.569276 3.097657 20.374980
v -59.579589 3.090291 19.774982
v -59.579589 3.090291 20.374980
v -59.589571 3.082493 19.774982
v -59.589571 3.082493 20.374980
v -59.599223 3.074289 19.774982
v -59.599223 3.074289 20.374980
v -59.608519 3.065678 19.774982
v -59.608519 3.065678 20.374980
v -59.617435 3.056687 19.774982
v -59.617435 3.056687 20.374980
v -59.625969 3.047314 19.774982
v -59.625969 3.047314 20.374980
v -59.634097 3.037611 19.774982
v -59.634097 3.037611 20.374980
v -59.641793 3.027553 19.774982
v -59.641793 3.027553 20.374980
v -59.649083 3.017190 19.774982
v -59.649083 3.017190 20.374980
v -59.655916 3.006522 19.774982
v -59.655916 3.006522 20.374980
v -59.662291 2.995574 19.774982
v -59.662291 2.995574 20.374980
v -59.668209 2.984373 19.774982
v -59.668209 2.984373 20.374980
v -59.673645 2.972943 19.774982
v -59.673645 2.972943 20.374980
v -59.678572 2.961284 19.774982
v -59.678572 2.961284 20.374980
v -59.683043 2.949423 19.774982
v -59.683043 2.949423 20.374980
v -59.686980 2.937383 19.774982
v -59.686980 2.937383 20.374980
v -59.690409 2.925191 19.774982
v -59.690409 2.925191 20.374980
v -59.693330 2.912847 19.774982
v -59.693330 2.912847 20.374980
v -59.695717 2.900426 19.774982
v -59.695717 2.900426 20.374980
v -59.697572 2.887878 19.774982
v -59.697572 2.887878 20.374980
v -59.698918 2.875305 19.774982
v -59.698918 2.875305 20.374980
v -59.699731 2.862656 19.774982
v -59.699731 2.862656 20.374980
v -59.699985 2.849982 19.774982
v -59.699985 2.849982 20.374980
v -58.881749 3.092374 20.374980
v -58.881749 3.092374 19.774982
v -58.855587 3.099968 19.774982
v -58.855587 3.099968 20.374980
v -58.829781 3.108655 19.774982
v -58.829781 3.108655 20.374980
v -58.804355 3.118434 19.774982
v -58.804355 3.118434 20.374980
v -58.779362 3.129255 19.774982
v -58.779362 3.129255 20.374980
v -58.754851 3.141091 19.774982
v -58.754851 3.141091 20.374980
v -58.730848 3.153969 19.774982
v -58.730848 3.153969 20.374980
v -58.707403 3.167837 19.774982
v -58.707403 3.167837 20.374980
v -58.684543 3.182671 19.774982
v -58.684543 3.182671 20.374980
v -58.662344 3.198470 19.774982
v -58.662344 3.198470 20.374980
v -58.640830 3.215157 19.774982
v -58.640830 3.215157 20.374980
v -58.620027 3.232734 19.774982
v -58.620027 3.232734 20.374980
v -59.425868 2.946578 20.374980
v -59.425868 2.946578 19.774982
v -59.499909 2.854198 20.374980
v -59.499985 2.849982 20.374980
v -59.499985 2.849982 19.774982
v -59.499629 2.858414 20.374980
v -59.499909 2.854198 19.774982
v -59.499198 2.862631 20.374980
v -59.499629 2.858414 19.774982
v -59.498563 2.866796 20.374980
v -59.499198 2.862631 19.774982
v -59.497775 2.870937 20.374980
v -59.498563 2.866796 19.774982
v -59.496785 2.875051 20.374980
v -59.497775 2.870937 19.774982
v -59.495642 2.879115 20.374980
v -59.496785 2.875051 19.774982
v -59.494346 2.883129 20.374980
v -59.495642 2.879115 19.774982
v -59.492848 2.887091 20.374980
v -59.494346 2.883129 19.774982
v -59.491197 2.890977 20.374980
v -59.492848 2.887091 19.774982
v -59.489393 2.894787 20.374980
v -59.491197 2.890977 19.774982
v -59.487412 2.898521 20.374980
v -59.489393 2.894787 19.774982
v -59.485304 2.902153 20.374980
v -59.487412 2.898521 19.774982
v -59.483018 2.905709 20.374980
v -59.485304 2.902153 19.774982
v -59.480579 2.909164 20.374980
v -59.483018 2.905709 19.774982
v -59.478014 2.912516 20.374980
v -59.480579 2.909164 19.774982
v -59.475322 2.915768 20.374980
v -59.478014 2.912516 19.774982
v -59.472477 2.918892 20.374980
v -59.475322 2.915768 19.774982
v -59.469505 2.921889 20.374980
v -59.472477 2.918892 19.774982
v -59.466406 2.924759 20.374980
v -59.469505 2.921889 19.774982
v -59.463180 2.927477 20.374980
v -59.466406 2.924759 19.774982
v -59.459853 2.930093 20.374980
v -59.463180 2.927477 19.774982
v -59.456424 2.932532 20.374980
v -59.459853 2.930093 19.774982
v -59.452893 2.934843 20.374980
v -59.456424 2.932532 19.774982
v -59.449261 2.937002 20.374980
v -59.452893 2.934843 19.774982
v -59.445527 2.939009 20.374980
v -59.449261 2.937002 19.774982
v -59.441743 2.940863 20.374980
v -59.445527 2.939009 19.774982
v -59.437857 2.942539 20.374980
v -59.441743 2.940863 19.774982
v -59.433920 2.944063 20.374980
v -59.437857 2.942539 19.774982
v -59.429932 2.945409 20.374980
v -59.433920 2.944063 19.774982
v -59.429932 2.945409 19.774982
v -59.699985 -1.749984 15.975015
v -59.699985 -1.749984 16.574988
v -59.699731 -1.762658 15.975015
v -59.699731 -1.762658 16.574988
v -59.698918 -1.775282 15.975015
v -59.698918 -1.775282 16.574988
v -59.697572 -1.787881 15.975015
v -59.697572 -1.787881 16.574988
v -59.695717 -1.800428 15.975015
v -59.695717 -1.800428 16.574988
v -59.693330 -1.812849 15.975015
v -59.693330 -1.812849 16.574988
v -59.690409 -1.825193 15.975015
v -59.690409 -1.825193 16.574988
v -59.686980 -1.837385 15.975015
v -59.686980 -1.837385 16.574988
v -59.683043 -1.849425 15.975015
v -59.683043 -1.849425 16.574988
v -59.678572 -1.861261 15.975015
v -59.678572 -1.861261 16.574988
v -59.673645 -1.872945 15.975015
v -59.673645 -1.872945 16.574988
v -59.668209 -1.884375 15.975015
v -59.668209 -1.884375 16.574988
v -59.662291 -1.895577 15.975015
v -59.662291 -1.895577 16.574988
v -59.655916 -1.906524 15.975015
v -59.655916 -1.906524 16.574988
v -59.649083 -1.917192 15.975015
v -59.649083 -1.917192 16.574988
v -59.641793 -1.927555 15.975015
v -59.641793 -1.927555 16.574988
v -59.634097 -1.937588 15.975015
v -59.634097 -1.937588 16.574988
v -59.625969 -1.947316 15.975015
v -59.625969 -1.947316 16.574988
v -59.617435 -1.956689 15.975015
v -59.617435 -1.956689 16.574988
v -59.608519 -1.965681 15.975015
v -59.608519 -1.965681 16.574988
v -59.599223 -1.974291 15.975015
v -59.599223 -1.974291 16.574988
v -59.589571 -1.982495 15.975015
v -59.589571 -1.982495 16.574988
v -59.579589 -1.990293 15.975015
v -59.579589 -1.990293 16.574988
v -59.569276 -1.997659 15.975015
v -59.569276 -1.997659 16.574988
v -59.558684 -2.004593 15.975015
v -59.558684 -2.004593 16.574988
v -59.547788 -2.011045 15.975015
v -59.547788 -2.011045 16.574988
v -59.536637 -2.017065 15.975015
v -59.536637 -2.017065 16.574988
v -59.525233 -2.022577 15.975015
v -59.525233 -2.022577 16.574988
v -59.513625 -2.027631 15.975015
v -59.513625 -2.027631 16.574988
v -59.501788 -2.032178 15.975015
v -59.501788 -2.032178 16.574988
v -59.489800 -2.036216 15.975015
v -59.489800 -2.036216 16.574988
v -59.477633 -2.039772 15.975015
v -59.477633 -2.039772 16.574988
v -58.933514 -2.185568 15.975015
v -58.933514 -2.185568 16.574988
v -58.915277 -2.190852 16.574988
v -58.897269 -2.196922 16.574988
v -58.915277 -2.190852 15.975015
v -58.879539 -2.203755 16.574988
v -58.897269 -2.196922 15.975015
v -58.862115 -2.211324 16.574988
v -58.879539 -2.203755 15.975015
v -58.845021 -2.219630 16.574988
v -58.862115 -2.211324 15.975015
v -58.828282 -2.228621 16.574988
v -58.845021 -2.219630 15.975015
v -58.811950 -2.238324 16.574988
v -58.828282 -2.228621 15.975015
v -58.796049 -2.248713 16.574988
v -58.811950 -2.238324 15.975015
v -58.780581 -2.259787 16.574988
v -58.796049 -2.248713 15.975015
v -58.765620 -2.271471 16.574988
v -58.780581 -2.259787 15.975015
v -58.751142 -2.283790 16.574988
v -58.765620 -2.271471 15.975015
v -58.737198 -2.296693 16.574988
v -58.751142 -2.283790 15.975015
v -58.723837 -2.310181 16.574988
v -58.737198 -2.296693 15.975015
v -58.711036 -2.324227 16.574988
v -58.723837 -2.310181 15.975015
v -58.698844 -2.338807 16.574988
v -58.711036 -2.324227 15.975015
v -58.687287 -2.353894 16.574988
v -58.698844 -2.338807 15.975015
v -58.676365 -2.369439 16.574988
v -58.687287 -2.353894 15.975015
v -58.666103 -2.385416 16.574988
v -58.676365 -2.369439 15.975015
v -58.656527 -2.401849 16.574988
v -58.666103 -2.385416 15.975015
v -58.647663 -2.418639 16.574988
v -58.656527 -2.401849 15.975015
v -58.639509 -2.435809 16.574988
v -58.647663 -2.418639 15.975015
v -58.632092 -2.453310 16.574988
v -58.639509 -2.435809 15.975015
v -58.625412 -2.471090 16.574988
v -58.632092 -2.453310 15.975015
v -58.619494 -2.489149 16.574988
v -58.625412 -2.471090 15.975015
v -58.614363 -2.507437 16.574988
v -58.619494 -2.489149 15.975015
v -58.609969 -2.525928 16.574988
v -58.614363 -2.507437 15.975015
v -58.606388 -2.544572 16.574988
v -58.609969 -2.525928 15.975015
v -58.603594 -2.563368 16.574988
v -58.606388 -2.544572 15.975015
v -58.601587 -2.582266 16.574988
v -58.603594 -2.563368 15.975015
v -58.600393 -2.601239 16.574988
v -58.601587 -2.582266 15.975015
v -58.600393 -2.601239 15.975015
v -58.620027 -2.132736 15.975015
v -58.620027 -2.132736 16.574988
v -58.640830 -2.115160 15.975015
v -58.640830 -2.115160 16.574988
v -58.662344 -2.098472 15.975015
v -58.662344 -2.098472 16.574988
v -58.684543 -2.082673 15.975015
v -58.684543 -2.082673 16.574988
v -58.707403 -2.067839 15.975015
v -58.707403 -2.067839 16.574988
v -58.730848 -2.053971 15.975015
v -58.730848 -2.053971 16.574988
v -58.754851 -2.041093 15.975015
v -58.754851 -2.041093 16.574988
v -58.779362 -2.029231 15.975015
v -58.779362 -2.029231 16.574988
v -58.804355 -2.018436 15.975015
v -58.804355 -2.018436 16.574988
v -58.829781 -2.008657 15.975015
v -58.829781 -2.008657 16.574988
v -58.855587 -1.999971 15.975015
v -58.855587 -1.999971 16.574988
v -58.881749 -1.992376 15.975015
v -58.881749 -1.992376 16.574988
v -59.425868 -1.846580 15.975015
v -59.429932 -1.845412 15.975015
v -59.487412 -1.798523 15.975015
v -59.485304 -1.802155 15.975015
v -59.489393 -1.794789 15.975015
v -59.475322 -1.815770 15.975015
v -59.472477 -1.818894 15.975015
v -59.478014 -1.812519 15.975015
v -59.483018 -1.805711 15.975015
v -59.497775 -1.770939 15.975015
v -59.496785 -1.775054 15.975015
v -59.498563 -1.766799 15.975015
v -59.499198 -1.762633 15.975015
v -59.499629 -1.758417 15.975015
v -59.469505 -1.821891 15.975015
v -59.480579 -1.809166 15.975015
v -59.495642 -1.779118 15.975015
v -59.491197 -1.790979 15.975015
v -59.492848 -1.787093 15.975015
v -59.494346 -1.783131 15.975015
v -59.433920 -1.844040 15.975015
v -59.437857 -1.842541 15.975015
v -59.445527 -1.839011 15.975015
v -59.441743 -1.840865 15.975015
v -59.449261 -1.837004 15.975015
v -59.463180 -1.827479 15.975015
v -59.459853 -1.830095 15.975015
v -59.466406 -1.824761 15.975015
v -59.499985 -1.749984 15.975015
v -59.499909 -1.754200 15.975015
v -59.452893 -1.834845 15.975015
v -59.456424 -1.832534 15.975015
v -59.487412 -1.798523 16.574988
v -59.489393 -1.794789 16.574988
v -59.485304 -1.802155 16.574988
v -59.425868 -1.846580 16.574988
v -59.499198 -1.762633 16.574988
v -59.499629 -1.758417 16.574988
v -59.498563 -1.766799 16.574988
v -59.497775 -1.770939 16.574988
v -59.496785 -1.775054 16.574988
v -59.483018 -1.805711 16.574988
v -59.475322 -1.815770 16.574988
v -59.478014 -1.812519 16.574988
v -59.472477 -1.818894 16.574988
v -59.495642 -1.779118 16.574988
v -59.494346 -1.783131 16.574988
v -59.480579 -1.809166 16.574988
v -59.469505 -1.821891 16.574988
v -59.429932 -1.845412 16.574988
v -59.499985 -1.749984 16.574988
v -59.492848 -1.787093 16.574988
v -59.491197 -1.790979 16.574988
v -59.499909 -1.754200 16.574988
v -59.463180 -1.827479 16.574988
v -59.466406 -1.824761 16.574988
v -59.459853 -1.830095 16.574988
v -59.445527 -1.839011 16.574988
v -59.449261 -1.837004 16.574988
v -59.441743 -1.840865 16.574988
v -59.433920 -1.844040 16.574988
v -59.437857 -1.842541 16.574988
v -59.452893 -1.834845 16.574988
v -59.456424 -1.832534 16.574988
v -59.699985 -1.749984 17.241662
v -59.699985 -1.749984 17.841661
v -59.699731 -1.762658 17.241662
v -59.699731 -1.762658 17.841661
v -59.698918 -1.775282 17.241662
v -59.698918 -1.775282 17.841661
v -59.697572 -1.787881 17.241662
v -59.697572 -1.787881 17.841661
v -59.695717 -1.800428 17.241662
v -59.695717 -1.800428 17.841661
v -59.693330 -1.812849 17.241662
v -59.693330 -1.812849 17.841661
v -59.690409 -1.825193 17.241662
v -59.690409 -1.825193 17.841661
v -59.686980 -1.837385 17.241662
v -59.686980 -1.837385 17.841661
v -59.683043 -1.849425 17.241662
v -59.683043 -1.849425 17.841661
v -59.678572 -1.861261 17.241662
v -59.678572 -1.861261 17.841661
v -59.673645 -1.872945 17.241662
v -59.673645 -1.872945 17.841661
v -59.668209 -1.884375 17.241662
v -59.668209 -1.884375 17.841661
v -59.662291 -1.895577 17.241662
v -59.662291 -1.895577 17.841661
v -59.655916 -1.906524 17.241662
v -59.655916 -1.906524 17.841661
v -59.649083 -1.917192 17.241662
v -59.649083 -1.917192 17.841661
v -59.641793 -1.927555 17.241662
v -59.641793 -1.927555 17.841661
v -59.634097 -1.937588 17.241662
v -59.634097 -1.937588 17.841661
v -59.625969 -1.947316 17.241662
v -59.625969 -1.947316 17.841661
v -59.617435 -1.956689 17.241662
v -59.617435 -1.956689 17.841661
v -59.608519 -1.965681 17.241662
v -59.608519 -1.965681 17.841661
v -59.599223 -1.974291 17.241662
v -59.599223 -1.974291 17.841661
v -59.589571 -1.982495 17.241662
v -59.589571 -1.982495 17.841661
v -59.579589 -1.990293 17.241662
v -59.579589 -1.990293 17.841661
v -59.569276 -1.997659 17.241662
v -59.569276 -1.997659 17.841661
v -59.558684 -2.004593 17.241662
v -59.558684 -2.004593 17.841661
v -59.547788 -2.011045 17.241662
v -59.547788 -2.011045 17.841661
v -59.536637 -2.017065 17.241662
v -59.536637 -2.017065 17.841661
v -59.525233 -2.022577 17.241662
v -59.525233 -2.022577 17.841661
v -59.513625 -2.027631 17.241662
v -59.513625 -2.027631 17.841661
v -59.501788 -2.032178 17.241662
v -59.501788 -2.032178 17.841661
v -59.489800 -2.036216 17.241662
v -59.489800 -2.036216 17.841661
v -59.477633 -2.039772 17.241662
v -59.477633 -2.039772 17.841661
v -58.933514 -2.185568 17.241662
v -58.933514 -2.185568 17.841661
v -58.915277 -2.190852 17.841661
v -58.897269 -2.196922 17.841661
v -58.915277 -2.190852 17.241662
v -58.879539 -2.203755 17.841661
v -58.897269 -2.196922 17.241662
v -58.862115 -2.211324 17.841661
v -58.879539 -2.203755 17.241662
v -58.845021 -2.219630 17.841661
v -58.862115 -2.211324 17.241662
v -58.828282 -2.228621 17.841661
v -58.845021 -2.219630 17.241662
v -58.811950 -2.238324 17.841661
v -58.828282 -2.228621 17.241662
v -58.796049 -2.248713 17.841661
v -58.811950 -2.238324 17.241662
v -58.780581 -2.259787 17.841661
v -58.796049 -2.248713 17.241662
v -58.765620 -2.271471 17.841661
v -58.780581 -2.259787 17.241662
v -58.751142 -2.283790 17.841661
v -58.765620 -2.271471 17.241662
v -58.737198 -2.296693 17.841661
v -58.751142 -2.283790 17.241662
v -58.723837 -2.310181 17.841661
v -58.737198 -2.296693 17.241662
v -58.711036 -2.324227 17.841661
v -58.723837 -2.310181 17.241662
v -58.698844 -2.338807 17.841661
v -58.711036 -2.324227 17.241662
v -58.687287 -2.353894 17.841661
v -58.698844 -2.338807 17.241662
v -58.676365 -2.369439 17.841661
v -58.687287 -2.353894 17.241662
v -58.666103 -2.385416 17.841661
v -58.676365 -2.369439 17.241662
v -58.656527 -2.401849 17.841661
v -58.666103 -2.385416 17.241662
v -58.647663 -2.418639 17.841661
v -58.656527 -2.401849 17.241662
v -58.639509 -2.435809 17.841661
v -58.647663 -2.418639 17.241662
v -58.632092 -2.453310 17.841661
v -58.639509 -2.435809 17.241662
v -58.625412 -2.471090 17.841661
v -58.632092 -2.453310 17.241662
v -58.619494 -2.489149 17.841661
v -58.625412 -2.471090 17.241662
v -58.614363 -2.507437 17.841661
v -58.619494 -2.489149 17.241662
v -58.609969 -2.525928 17.841661
v -58.614363 -2.507437 17.241662
v -58.606388 -2.544572 17.841661
v -58.609969 -2.525928 17.241662
v -58.603594 -2.563368 17.841661
v -58.606388 -2.544572 17.241662
v -58.601587 -2.582266 17.841661
v -58.603594 -2.563368 17.241662
v -58.600393 -2.601239 17.841661
v -58.601587 -2.582266 17.241662
v -58.600393 -2.601239 17.241662
v -58.620027 -2.132736 17.241662
v -58.620027 -2.132736 17.841661
v -58.640830 -2.115160 17.241662
v -58.640830 -2.115160 17.841661
v -58.662344 -2.098472 17.241662
v -58.662344 -2.098472 17.841661
v -58.684543 -2.082673 17.241662
v -58.684543 -2.082673 17.841661
v -58.707403 -2.067839 17.241662
v -58.707403 -2.067839 17.841661
v -58.730848 -2.053971 17.241662
v -58.730848 -2.053971 17.841661
v -58.754851 -2.041093 17.241662
v -58.754851 -2.041093 17.841661
v -58.779362 -2.029231 17.241662
v -58.779362 -2.029231 17.841661
v -58.804355 -2.018436 17.241662
v -58.804355 -2.018436 17.841661
v -58.829781 -2.008657 17.241662
v -58.829781 -2.008657 17.841661
v -58.855587 -1.999971 17.241662
v -58.855587 -1.999971 17.841661
v -58.881749 -1.992376 17.241662
v -58.881749 -1.992376 17.841661
v -59.425868 -1.846580 17.241662
v -59.429932 -1.845412 17.241662
v -59.489393 -1.794789 17.241662
v -59.487412 -1.798523 17.241662
v -59.491197 -1.790979 17.241662
v -59.495642 -1.779118 17.241662
v -59.494346 -1.783131 17.241662
v -59.496785 -1.775054 17.241662
v -59.449261 -1.837004 17.241662
v -59.445527 -1.839011 17.241662
v -59.452893 -1.834845 17.241662
v -59.485304 -1.802155 17.241662
v -59.497775 -1.770939 17.241662
v -59.433920 -1.844040 17.241662
v -59.437857 -1.842541 17.241662
v -59.456424 -1.832534 17.241662
v -59.475322 -1.815770 17.241662
v -59.472477 -1.818894 17.241662
v -59.478014 -1.812519 17.241662
v -59.483018 -1.805711 17.241662
v -59.492848 -1.787093 17.241662
v -59.498563 -1.766799 17.241662
v -59.499985 -1.749984 17.241662
v -59.499909 -1.754200 17.241662
v -59.441743 -1.840865 17.241662
v -59.480579 -1.809166 17.241662
v -59.499198 -1.762633 17.241662
v -59.499629 -1.758417 17.241662
v -59.463180 -1.827479 17.241662
v -59.459853 -1.830095 17.241662
v -59.466406 -1.824761 17.241662
v -59.469505 -1.821891 17.241662
v -59.425868 -1.846580 17.841661
v -59.429932 -1.845412 17.841661
v -59.495642 -1.779118 17.841661
v -59.496785 -1.775054 17.841661
v -59.494346 -1.783131 17.841661
v -59.489393 -1.794789 17.841661
v -59.491197 -1.790979 17.841661
v -59.487412 -1.798523 17.841661
v -59.499985 -1.749984 17.841661
v -59.497775 -1.770939 17.841661
v -59.485304 -1.802155 17.841661
v -59.449261 -1.837004 17.841661
v -59.452893 -1.834845 17.841661
v -59.445527 -1.839011 17.841661
v -59.499909 -1.754200 17.841661
v -59.492848 -1.787093 17.841661
v -59.483018 -1.805711 17.841661
v -59.475322 -1.815770 17.841661
v -59.478014 -1.812519 17.841661
v -59.472477 -1.818894 17.841661
v -59.456424 -1.832534 17.841661
v -59.433920 -1.844040 17.841661
v -59.437857 -1.842541 17.841661
v -59.499629 -1.758417 17.841661
v -59.499198 -1.762633 17.841661
v -59.498563 -1.766799 17.841661
v -59.480579 -1.809166 17.841661
v -59.441743 -1.840865 17.841661
v -59.463180 -1.827479 17.841661
v -59.466406 -1.824761 17.841661
v -59.459853 -1.830095 17.841661
v -59.469505 -1.821891 17.841661
v -59.699985 -1.749984 18.508309
v -59.699985 -1.749984 19.108308
v -59.699731 -1.762658 18.508309
v -59.699731 -1.762658 19.108308
v -59.698918 -1.775282 18.508309
v -59.698918 -1.775282 19.108308
v -59.697572 -1.787881 18.508309
v -59.697572 -1.787881 19.108308
v -59.695717 -1.800428 18.508309
v -59.695717 -1.800428 19.108308
v -59.693330 -1.812849 18.508309
v -59.693330 -1.812849 19.108308
v -59.690409 -1.825193 18.508309
v -59.690409 -1.825193 19.108308
v -59.686980 -1.837385 18.508309
v -59.686980 -1.837385 19.108308
v -59.683043 -1.849425 18.508309
v -59.683043 -1.849425 19.108308
v -59.678572 -1.861261 18.508309
v -59.678572 -1.861261 19.108308
v -59.673645 -1.872945 18.508309
v -59.673645 -1.872945 19.108308
v -59.668209 -1.884375 18.508309
v -59.668209 -1.884375 19.108308
v -59.662291 -1.895577 18.508309
v -59.662291 -1.895577 19.108308
v -59.655916 -1.906524 18.508309
v -59.655916 -1.906524 19.108308
v -59.649083 -1.917192 18.508309
v -59.649083 -1.917192 19.108308
v -59.641793 -1.927555 18.508309
v -59.641793 -1.927555 19.108308
v -59.634097 -1.937588 18.508309
v -59.634097 -1.937588 19.108308
v -59.625969 -1.947316 18.508309
v -59.625969 -1.947316 19.108308
v -59.617435 -1.956689 18.508309
v -59.617435 -1.956689 19.108308
v -59.608519 -1.965681 18.508309
v -59.608519 -1.965681 19.108308
v -59.599223 -1.974291 18.508309
v -59.599223 -1.974291 19.108308
v -59.589571 -1.982495 18.508309
v -59.589571 -1.982495 19.108308
v -59.579589 -1.990293 18.508309
v -59.579589 -1.990293 19.108308
v -59.569276 -1.997659 18.508309
v -59.569276 -1.997659 19.108308
v -59.558684 -2.004593 18.508309
v -59.558684 -2.004593 19.108308
v -59.547788 -2.011045 18.508309
v -59.547788 -2.011045 19.108308
v -59.536637 -2.017065 18.508309
v -59.536637 -2.017065 19.108308
v -59.525233 -2.022577 18.508309
v -59.525233 -2.022577 19.108308
v -59.513625 -2.027631 18.508309
v -59.513625 -2.027631 19.108308
v -59.501788 -2.032178 18.508309
v -59.501788 -2.032178 19.108308
v -59.489800 -2.036216 18.508309
v -59.489800 -2.036216 19.108308
v -59.477633 -2.039772 18.508309
v -59.477633 -2.039772 19.108308
v -58.933514 -2.185568 18.508309
v -58.933514 -2.185568 19.108308
v -58.915277 -2.190852 19.108308
v -58.897269 -2.196922 19.108308
v -58.915277 -2.190852 18.508309
v -58.879539 -2.203755 19.108308
v -58.897269 -2.196922 18.508309
v -58.862115 -2.211324 19.108308
v -58.879539 -2.203755 18.508309
v -58.845021 -2.219630 19.108308
v -58.862115 -2.211324 18.508309
v -58.828282 -2.228621 19.108308
v -58.845021 -2.219630 18.508309
v -58.811950 -2.238324 19.108308
v -58.828282 -2.228621 18.508309
v -58.796049 -2.248713 19.108308
v -58.811950 -2.238324 18.508309
v -58.780581 -2.259787 19.108308
v -58.796049 -2.248713 18.508309
v -58.765620 -2.271471 19.108308
v -58.780581 -2.259787 18.508309
v -58.751142 -2.283790 19.108308
v -58.765620 -2.271471 18.508309
v -58.737198 -2.296693 19.108308
v -58.751142 -2.283790 18.508309
v -58.723837 -2.310181 19.108308
v -58.737198 -2.296693 18.508309
v -58.711036 -2.324227 19.108308
v -58.723837 -2.310181 18.508309
v -58.698844 -2.338807 19.108308
v -58.711036 -2.324227 18.508309
v -58.687287 -2.353894 19.108308
v -58.698844 -2.338807 18.508309
v -58.676365 -2.369439 19.108308
v -58.687287 -2.353894 18.508309
v -58.666103 -2.385416 19.108308
v -58.676365 -2.369439 18.508309
v -58.656527 -2.401849 19.108308
v -58.666103 -2.385416 18.508309
v -58.647663 -2.418639 19.108308
v -58.656527 -2.401849 18.508309
v -58.639509 -2.435809 19.108308
v -58.647663 -2.418639 18.508309
v -58.632092 -2.453310 19.108308
v -58.639509 -2.435809 18.508309
v -58.625412 -2.471090 19.108308
v -58.632092 -2.453310 18.508309
v -58.619494 -2.489149 19.108308
v -58.625412 -2.471090 18.508309
v -58.614363 -2.507437 19.108308
v -58.619494 -2.489149 18.508309
v -58.609969 -2.525928 19.108308
v -58.614363 -2.507437 18.508309
v -58.606388 -2.544572 19.108308
v -58.609969 -2.525928 18.508309
v -58.603594 -2.563368 19.108308
v -58.606388 -2.544572 18.508309
v -58.601587 -2.582266 19.108308
v -58.603594 -2.563368 18.508309
v -58.600393 -2.601239 19.108308
v -58.601587 -2.582266 18.508309
v -58.600393 -2.601239 18.508309
v -58.620027 -2.132736 18.508309
v -58.620027 -2.132736 19.108308
v -58.640830 -2.115160 18.508309
v -58.640830 -2.115160 19.108308
v -58.662344 -2.098472 18.508309
v -58.662344 -2.098472 19.108308
v -58.684543 -2.082673 18.508309
v -58.684543 -2.082673 19.108308
v -58.707403 -2.067839 18.508309
v -58.707403 -2.067839 19.108308
v -58.730848 -2.053971 18.508309
v -58.730848 -2.053971 19.108308
v -58.754851 -2.041093 18.508309
v -58.754851 -2.041093 19.108308
v -58.779362 -2.029231 18.508309
v -58.779362 -2.029231 19.108308
v -58.804355 -2.018436 18.508309
v -58.804355 -2.018436 19.108308
v -58.829781 -2.008657 18.508309
v -58.829781 -2.008657 19.108308
v -58.855587 -1.999971 18.508309
v -58.855587 -1.999971 19.108308
v -58.881749 -1.992376 18.508309
v -58.881749 -1.992376 19.108308
v -59.487412 -1.798523 18.508309
v -59.485304 -1.802155 18.508309
v -59.489393 -1.794789 18.508309
v -59.483018 -1.805711 18.508309
v -59.425868 -1.846580 18.508309
v -59.429932 -1.845412 18.508309
v -59.475322 -1.815770 18.508309
v -59.472477 -1.818894 18.508309
v -59.478014 -1.812519 18.508309
v -59.480579 -1.809166 18.508309
v -59.496785 -1.775054 18.508309
v -59.495642 -1.779118 18.508309
v -59.497775 -1.770939 18.508309
v -59.491197 -1.790979 18.508309
v -59.492848 -1.787093 18.508309
v -59.494346 -1.783131 18.508309
v -59.433920 -1.844040 18.508309
v -59.469505 -1.821891 18.508309
v -59.466406 -1.824761 18.508309
v -59.498563 -1.766799 18.508309
v -59.437857 -1.842541 18.508309
v -59.445527 -1.839011 18.508309
v -59.441743 -1.840865 18.508309
v -59.449261 -1.837004 18.508309
v -59.463180 -1.827479 18.508309
v -59.459853 -1.830095 18.508309
v -59.499629 -1.758417 18.508309
v -59.499198 -1.762633 18.508309
v -59.499909 -1.754200 18.508309
v -59.452893 -1.834845 18.508309
v -59.456424 -1.832534 18.508309
v -59.499985 -1.749984 18.508309
v -59.487412 -1.798523 19.108308
v -59.489393 -1.794789 19.108308
v -59.485304 -1.802155 19.108308
v -59.483018 -1.805711 19.108308
v -59.425868 -1.846580 19.108308
v -59.496785 -1.775054 19.108308
v -59.497775 -1.770939 19.108308
v -59.495642 -1.779118 19.108308
v -59.480579 -1.809166 19.108308
v -59.475322 -1.815770 19.108308
v -59.478014 -1.812519 19.108308
v -59.472477 -1.818894 19.108308
v -59.494346 -1.783131 19.108308
v -59.492848 -1.787093 19.108308
v -59.491197 -1.790979 19.108308
v -59.429932 -1.845412 19.108308
v -59.498563 -1.766799 19.108308
v -59.469505 -1.821891 19.108308
v -59.466406 -1.824761 19.108308
v -59.445527 -1.839011 19.108308
v -59.449261 -1.837004 19.108308
v -59.441743 -1.840865 19.108308
v -59.433920 -1.844040 19.108308
v -59.499985 -1.749984 19.108308
v -59.499909 -1.754200 19.108308
v -59.499629 -1.758417 19.108308
v -59.499198 -1.762633 19.108308
v -59.463180 -1.827479 19.108308
v -59.459853 -1.830095 19.108308
v -59.452893 -1.834845 19.108308
v -59.437857 -1.842541 19.108308
v -59.456424 -1.832534 19.108308
v -58.589979 8.269986 4.225000
v -58.589979 8.269986 6.765000
v -58.589979 5.729986 6.765000
v -58.589979 5.729986 4.225000
v -58.589979 7.649642 5.473893
v -58.589979 7.649946 5.502062
v -58.589979 6.350026 5.502062
v -58.589979 7.649032 5.530205
v -58.589979 7.646899 5.558272
v -58.589979 7.648118 5.445775
v -58.589979 7.636256 5.362158
v -58.589979 7.641412 5.389844
v -58.589979 6.350940 5.530205
v -58.589979 7.560539 5.824057
v -58.589979 7.545756 5.848034
v -58.589979 7.638999 5.614050
v -58.589979 7.633233 5.641609
v -58.589979 7.629906 5.334726
v -58.589979 6.350330 5.473893
v -58.589979 6.356426 5.586237
v -58.589979 6.353073 5.558272
v -58.589979 7.529957 5.871352
v -58.589979 7.513168 5.893958
v -58.589979 7.574280 5.799470
v -58.589979 7.626299 5.668888
v -58.589979 7.645374 5.417733
v -58.589979 7.622388 5.307599
v -58.589979 7.567549 5.178160
v -58.589979 7.580731 5.203053
v -58.589979 6.354597 5.417733
v -58.589979 6.358560 5.389844
v -58.589979 6.351854 5.445775
v -58.589979 6.360973 5.614050
v -58.589979 6.943725 6.142573
v -58.589979 6.915734 6.139525
v -58.589979 7.139712 6.129822
v -58.589979 7.112076 6.135258
v -58.589979 7.298208 6.072545
v -58.589979 7.272909 6.084941
v -58.589979 7.347077 6.044580
v -58.589979 7.322947 6.059083
v -58.589979 7.598460 5.748619
v -58.589979 7.586929 5.774299
v -58.589979 7.618171 5.695863
v -58.589979 7.603820 5.254411
v -58.589979 7.613676 5.280802
v -58.589979 7.592822 5.228478
v -58.589979 6.370066 5.334726
v -58.589979 6.377584 5.307599
v -58.589979 6.363716 5.362158
v -58.589979 6.373673 5.668888
v -58.589979 6.366738 5.641609
v -58.589979 6.563309 5.976482
v -58.589979 6.542862 5.957102
v -58.589979 6.860261 6.129822
v -58.589979 6.832879 6.123167
v -58.589979 6.887896 6.135258
v -58.589979 7.084238 6.139525
v -58.589979 7.194144 6.115344
v -58.589979 7.167093 6.123167
v -58.589979 7.247103 6.096193
v -58.589979 7.220839 6.106353
v -58.589979 7.415403 5.994948
v -58.589979 7.393355 6.012474
v -58.589979 7.457110 5.957102
v -58.589979 7.436663 5.976482
v -58.589979 7.495388 5.915802
v -58.589979 7.476693 5.936884
v -58.589979 7.608900 5.722457
v -58.589979 7.643546 5.586237
v -58.589979 7.335089 4.938054
v -58.589979 7.358914 4.953091
v -58.589979 7.285634 4.911131
v -58.589979 7.310653 4.924059
v -58.589979 6.641058 4.953091
v -58.589979 6.664884 4.938054
v -58.589979 6.495593 5.085044
v -58.589979 6.513805 5.063581
v -58.589979 6.396151 5.254411
v -58.589979 6.407150 5.228478
v -58.589979 6.386296 5.280802
v -58.589979 6.381801 5.695863
v -58.589979 6.401511 5.748619
v -58.589979 6.391072 5.722457
v -58.589979 6.584569 5.994948
v -58.589979 6.629400 6.029010
v -58.589979 6.606616 6.012474
v -58.589979 6.727063 6.084941
v -58.589979 6.701764 6.072545
v -58.589979 6.805829 6.115344
v -58.589979 6.779133 6.106353
v -58.589979 7.370572 6.029010
v -58.589979 7.537983 5.130231
v -58.589979 7.553274 5.153878
v -58.589979 7.504404 5.085044
v -58.589979 7.521676 5.107269
v -58.589979 7.207529 4.879025
v -58.589979 7.234021 4.888601
v -58.589979 6.617919 4.969144
v -58.589979 6.532957 5.042905
v -58.589979 6.552971 5.023119
v -58.589979 6.478295 5.107269
v -58.589979 6.446698 5.153878
v -58.589979 6.461988 5.130231
v -58.589979 6.419240 5.203053
v -58.589979 6.486830 5.893958
v -58.589979 6.470015 5.871352
v -58.589979 6.523279 5.936884
v -58.589979 6.504584 5.915802
v -58.589979 6.677025 6.059083
v -58.589979 6.652895 6.044580
v -58.589979 6.752870 6.096193
v -58.589979 7.467016 5.042905
v -58.589979 7.486167 5.063581
v -58.589979 7.382053 4.969144
v -58.589979 7.260082 4.899319
v -58.589979 7.125944 4.857333
v -58.589979 7.153427 4.863378
v -58.589979 7.014058 4.845167
v -58.589979 7.042201 4.846385
v -58.589979 6.985915 4.845167
v -58.589979 6.901789 4.852456
v -58.589979 6.929704 4.848824
v -58.589979 6.595516 4.986187
v -58.589979 6.573850 5.004196
v -58.589979 6.432423 5.178160
v -58.589979 6.425692 5.799470
v -58.589979 6.413043 5.774299
v -58.589979 7.056247 6.142573
v -58.589979 7.426122 5.004196
v -58.589979 7.447000 5.023119
v -58.589979 7.180657 4.870617
v -58.589979 6.957771 4.846385
v -58.589979 6.792443 4.879025
v -58.589979 6.819316 4.870617
v -58.589979 6.739915 4.899319
v -58.589979 6.765950 4.888601
v -58.589979 6.454216 5.848034
v -58.589979 6.439433 5.824057
v -58.589979 6.971843 6.144402
v -58.589979 7.028155 6.144402
v -58.589979 7.404481 4.986187
v -58.589979 7.070268 4.848824
v -58.589979 7.098182 4.852456
v -58.589979 6.846545 4.863378
v -58.589979 6.874053 4.857333
v -58.589979 6.999986 6.145012
v -58.589979 6.689319 4.924059
v -58.589979 6.714338 4.911131
v -58.589979 -5.729986 4.225000
v -58.589979 -5.729986 6.765000
v -58.589979 -8.269986 6.765000
v -58.589979 -8.269986 4.225000
v -58.589979 -6.350330 5.473893
v -58.589979 -6.350026 5.502062
v -58.589979 -7.649946 5.502062
v -58.589979 -6.350940 5.530205
v -58.589979 -6.353073 5.558272
v -58.589979 -6.351854 5.445775
v -58.589979 -6.363716 5.362158
v -58.589979 -6.358560 5.389844
v -58.589979 -7.649032 5.530205
v -58.589979 -6.439433 5.824057
v -58.589979 -6.454216 5.848034
v -58.589979 -6.360973 5.614050
v -58.589979 -6.366738 5.641609
v -58.589979 -6.370066 5.334726
v -58.589979 -7.649642 5.473893
v -58.589979 -7.643546 5.586237
v -58.589979 -7.646899 5.558272
v -58.589979 -6.470015 5.871352
v -58.589979 -6.486830 5.893958
v -58.589979 -6.425692 5.799470
v -58.589979 -6.373673 5.668888
v -58.589979 -6.354597 5.417733
v -58.589979 -6.377584 5.307599
v -58.589979 -6.432423 5.178160
v -58.589979 -6.419240 5.203053
v -58.589979 -7.645374 5.417733
v -58.589979 -7.641412 5.389844
v -58.589979 -7.648118 5.445775
v -58.589979 -7.638999 5.614050
v -58.589979 -7.056247 6.142573
v -58.589979 -7.084238 6.139525
v -58.589979 -6.860261 6.129822
v -58.589979 -6.887896 6.135258
v -58.589979 -6.701764 6.072545
v -58.589979 -6.727063 6.084941
v -58.589979 -6.652895 6.044580
v -58.589979 -6.677025 6.059083
v -58.589979 -6.401511 5.748619
v -58.589979 -6.413043 5.774299
v -58.589979 -6.381801 5.695863
v -58.589979 -6.396151 5.254411
v -58.589979 -6.386296 5.280802
v -58.589979 -6.407150 5.228478
v -58.589979 -7.629906 5.334726
v -58.589979 -7.622388 5.307599
v -58.589979 -7.636256 5.362158
v -58.589979 -7.626299 5.668888
v -58.589979 -7.633233 5.641609
v -58.589979 -7.436663 5.976482
v -58.589979 -7.457110 5.957102
v -58.589979 -7.139712 6.129822
v -58.589979 -7.167093 6.123167
v -58.589979 -7.112076 6.135258
v -58.589979 -6.915734 6.139525
v -58.589979 -6.805829 6.115344
v -58.589979 -6.832879 6.123167
v -58.589979 -6.752870 6.096193
v -58.589979 -6.779133 6.106353
v -58.589979 -6.584569 5.994948
v -58.589979 -6.606616 6.012474
v -58.589979 -6.542862 5.957102
v -58.589979 -6.563309 5.976482
v -58.589979 -6.504584 5.915802
v -58.589979 -6.523279 5.936884
v -58.589979 -6.391072 5.722457
v -58.589979 -6.356426 5.586237
v -58.589979 -6.664884 4.938054
v -58.589979 -6.641058 4.953091
v -58.589979 -6.714338 4.911131
v -58.589979 -6.689319 4.924059
v -58.589979 -7.358914 4.953091
v -58.589979 -7.335089 4.938054
v -58.589979 -7.504404 5.085044
v -58.589979 -7.486167 5.063581
v -58.589979 -7.603820 5.254411
v -58.589979 -7.592822 5.228478
v -58.589979 -7.613676 5.280802
v -58.589979 -7.618171 5.695863
v -58.589979 -7.598460 5.748619
v -58.589979 -7.608900 5.722457
v -58.589979 -7.415403 5.994948
v -58.589979 -7.370572 6.029010
v -58.589979 -7.393355 6.012474
v -58.589979 -7.272909 6.084941
v -58.589979 -7.298208 6.072545
v -58.589979 -7.194144 6.115344
v -58.589979 -7.220839 6.106353
v -58.589979 -6.629400 6.029010
v -58.589979 -6.461988 5.130231
v -58.589979 -6.446698 5.153878
v -58.589979 -6.495593 5.085044
v -58.589979 -6.478295 5.107269
v -58.589979 -6.792443 4.879025
v -58.589979 -6.765950 4.888601
v -58.589979 -7.382053 4.969144
v -58.589979 -7.467016 5.042905
v -58.589979 -7.447000 5.023119
v -58.589979 -7.521676 5.107269
v -58.589979 -7.553274 5.153878
v -58.589979 -7.537983 5.130231
v -58.589979 -7.580731 5.203053
v -58.589979 -7.513168 5.893958
v -58.589979 -7.529957 5.871352
v -58.589979 -7.476693 5.936884
v -58.589979 -7.495388 5.915802
v -58.589979 -7.322947 6.059083
v -58.589979 -7.347077 6.044580
v -58.589979 -7.247103 6.096193
v -58.589979 -6.532957 5.042905
v -58.589979 -6.513805 5.063581
v -58.589979 -6.617919 4.969144
v -58.589979 -6.739915 4.899319
v -58.589979 -6.874053 4.857333
v -58.589979 -6.846545 4.863378
v -58.589979 -6.985915 4.845167
v -58.589979 -6.957771 4.846385
v -58.589979 -7.014058 4.845167
v -58.589979 -7.098182 4.852456
v -58.589979 -7.070268 4.848824
v -58.589979 -7.404481 4.986187
v -58.589979 -7.426122 5.004196
v -58.589979 -7.567549 5.178160
v -58.589979 -7.574280 5.799470
v -58.589979 -7.586929 5.774299
v -58.589979 -6.971843 6.144402
v -58.589979 -6.999986 6.145012
v -58.589979 -6.943725 6.142573
v -58.589979 -6.573850 5.004196
v -58.589979 -6.552971 5.023119
v -58.589979 -6.819316 4.870617
v -58.589979 -7.042201 4.846385
v -58.589979 -7.207529 4.879025
v -58.589979 -7.180657 4.870617
v -58.589979 -7.260082 4.899319
v -58.589979 -7.234021 4.888601
v -58.589979 -7.545756 5.848034
v -58.589979 -7.560539 5.824057
v -58.589979 -7.028155 6.144402
v -58.589979 -6.595516 4.986187
v -58.589979 -6.929704 4.848824
v -58.589979 -6.901789 4.852456
v -58.589979 -7.153427 4.863378
v -58.589979 -7.125944 4.857333
v -58.589979 -7.310653 4.924059
v -58.589979 -7.285634 4.911131
v -58.589979 -2.529992 4.225000
v -58.589979 -2.529992 6.765000
v -58.589979 -5.069992 6.765000
v -58.589979 -5.069992 4.225000
v -58.589979 -3.150337 5.473893
v -58.589979 -3.150032 5.502062
v -58.589979 -3.153080 5.558272
v -58.589979 -3.156433 5.586237
v -58.589979 -3.150946 5.530205
v -58.589979 -3.151861 5.445775
v -58.589979 -3.160979 5.614050
v -58.589979 -3.166745 5.641609
v -58.589979 -3.163697 5.362158
v -58.589979 -3.158541 5.389844
v -58.589979 -3.181807 5.695863
v -58.589979 -3.191078 5.722457
v -58.589979 -3.173679 5.668888
v -58.589979 -3.154604 5.417733
v -58.589979 -3.170047 5.334726
v -58.589979 -3.323285 5.936884
v -58.589979 -3.342868 5.957102
v -58.589979 -3.213049 5.774299
v -58.589979 -3.225698 5.799470
v -58.589979 -3.201518 5.748619
v -58.589979 -3.177591 5.307599
v -58.589979 -3.219247 5.203053
v -58.589979 -3.207131 5.228478
v -58.589979 -3.363316 5.976482
v -58.589979 -3.270021 5.871352
v -58.589979 -3.286811 5.893958
v -58.589979 -3.239440 5.824057
v -58.589979 -3.254223 5.848034
v -58.589979 -3.196158 5.254411
v -58.589979 -3.186303 5.280802
v -58.589979 -3.232429 5.178160
v -58.589979 -3.304591 5.915802
v -58.589979 -3.295574 5.085044
v -58.589979 -3.278302 5.107269
v -58.589979 -3.352978 5.023119
v -58.589979 -3.332963 5.042905
v -58.589979 -3.395497 4.986187
v -58.589979 -3.373856 5.004196
v -58.589979 -3.464890 4.938054
v -58.589979 -3.441065 4.953091
v -58.589979 -3.592449 4.879025
v -58.589979 -3.565957 4.888601
v -58.589979 -4.449953 5.502062
v -58.589979 -3.261995 5.130231
v -58.589979 -3.246704 5.153878
v -58.589979 -3.313811 5.063581
v -58.589979 -3.489325 4.924059
v -58.589979 -3.619322 4.870617
v -58.589979 -4.449039 5.530205
v -58.589979 -3.384575 5.994948
v -58.589979 -3.406623 6.012474
v -58.589979 -3.514344 4.911131
v -58.589979 -3.539896 4.899319
v -58.589979 -3.757778 4.846385
v -58.589979 -3.729710 4.848824
v -58.589979 -4.445381 5.417733
v -58.589979 -4.441419 5.389844
v -58.589979 -4.449648 5.473893
v -58.589979 -4.443552 5.586237
v -58.589979 -4.446905 5.558272
v -58.589979 -3.856253 6.142573
v -58.589979 -3.884244 6.139525
v -58.589979 -3.552876 6.096193
v -58.589979 -3.579139 6.106353
v -58.589979 -3.501771 6.072545
v -58.589979 -3.527069 6.084941
v -58.589979 -3.429406 6.029010
v -58.589979 -3.785895 4.845167
v -58.589979 -3.814064 4.845167
v -58.589979 -3.898189 4.852456
v -58.589979 -3.870274 4.848824
v -58.589979 -4.034028 4.888601
v -58.589979 -4.007536 4.879025
v -58.589979 -4.436262 5.362158
v -58.589979 -4.448124 5.445775
v -58.589979 -4.439006 5.614050
v -58.589979 -4.426306 5.668888
v -58.589979 -4.433240 5.641609
v -58.589979 -4.313149 5.893958
v -58.589979 -4.329963 5.871352
v -58.589979 -4.276700 5.936884
v -58.589979 -4.295394 5.915802
v -58.589979 -4.072915 6.084941
v -58.589979 -4.098214 6.072545
v -58.589979 -3.912083 6.135258
v -58.589979 -3.417926 4.969144
v -58.589979 -3.674034 4.857333
v -58.589979 -3.646526 4.863378
v -58.589979 -3.842207 4.846385
v -58.589979 -3.953434 4.863378
v -58.589979 -3.925925 4.857333
v -58.589979 -3.980663 4.870617
v -58.589979 -4.135095 4.938054
v -58.589979 -4.110660 4.924059
v -58.589979 -4.429913 5.334726
v -58.589979 -4.418178 5.695863
v -58.589979 -4.386910 5.774299
v -58.589979 -4.398467 5.748619
v -58.589979 -4.047109 6.096193
v -58.589979 -3.994150 6.115344
v -58.589979 -4.020820 6.106353
v -58.589979 -3.939718 6.129822
v -58.589979 -3.660267 6.129822
v -58.589979 -3.687877 6.135258
v -58.589979 -3.605835 6.115344
v -58.589979 -3.452901 6.044580
v -58.589979 -3.477032 6.059083
v -58.589979 -3.701796 4.852456
v -58.589979 -4.158920 4.953091
v -58.589979 -4.422369 5.307599
v -58.589979 -4.413682 5.280802
v -58.589979 -4.408881 5.722457
v -58.589979 -4.374261 5.799470
v -58.589979 -4.345762 5.848034
v -58.589979 -4.360545 5.824057
v -58.589979 -4.257116 5.957102
v -58.589979 -3.967074 6.123167
v -58.589979 -3.632886 6.123167
v -58.589979 -4.182059 4.969144
v -58.589979 -4.321683 5.107269
v -58.589979 -4.304386 5.085044
v -58.589979 -4.353281 5.153878
v -58.589979 -4.337990 5.130231
v -58.589979 -4.392829 5.228478
v -58.589979 -4.380738 5.203053
v -58.589979 -4.215409 5.994948
v -58.589979 -4.236669 5.976482
v -58.589979 -4.170578 6.029010
v -58.589979 -4.193362 6.012474
v -58.589979 -4.122953 6.059083
v -58.589979 -4.147083 6.044580
v -58.589979 -3.715715 6.139525
v -58.589979 -3.743732 6.142573
v -58.589979 -4.085641 4.911131
v -58.589979 -4.060063 4.899319
v -58.589979 -4.204462 4.986187
v -58.589979 -4.246981 5.023119
v -58.589979 -4.226128 5.004196
v -58.589979 -4.286148 5.063581
v -58.589979 -4.367530 5.178160
v -58.589979 -4.403827 5.254411
v -58.589979 -3.828135 6.144402
v -58.589979 -4.267022 5.042905
v -58.589979 -3.799993 6.145012
v -58.589979 -3.771824 6.144402
v -58.589979 5.069992 4.225000
v -58.589979 5.069992 6.765000
v -58.589979 2.529992 6.765000
v -58.589979 2.529992 4.225000
v -58.589979 4.449648 5.473893
v -58.589979 4.449953 5.502062
v -58.589979 3.150032 5.502062
v -58.589979 3.150946 5.530205
v -58.589979 4.449039 5.530205
v -58.589979 4.446905 5.558272
v -58.589979 4.448124 5.445775
v -58.589979 4.436262 5.362158
v -58.589979 4.441419 5.389844
v -58.589979 3.150337 5.473893
v -58.589979 4.429913 5.334726
v -58.589979 3.154604 5.417733
v -58.589979 3.158541 5.389844
v -58.589979 3.151861 5.445775
v -58.589979 3.156433 5.586237
v -58.589979 3.153080 5.558272
v -58.589979 4.445381 5.417733
v -58.589979 4.422369 5.307599
v -58.589979 3.163697 5.362158
v -58.589979 4.215409 5.994948
v -58.589979 4.193362 6.012474
v -58.589979 4.257116 5.957102
v -58.589979 4.236669 5.976482
v -58.589979 4.295394 5.915802
v -58.589979 4.276700 5.936884
v -58.589979 4.439006 5.614050
v -58.589979 4.433240 5.641609
v -58.589979 4.403827 5.254411
v -58.589979 4.413682 5.280802
v -58.589979 4.380738 5.203053
v -58.589979 4.392829 5.228478
v -58.589979 3.170047 5.334726
v -58.589979 3.177591 5.307599
v -58.589979 3.166745 5.641609
v -58.589979 3.160979 5.614050
v -58.589979 4.170578 6.029010
v -58.589979 4.329963 5.871352
v -58.589979 4.313149 5.893958
v -58.589979 4.360545 5.824057
v -58.589979 4.345762 5.848034
v -58.589979 4.426306 5.668888
v -58.589979 4.443552 5.586237
v -58.589979 4.060063 4.899319
v -58.589979 4.085641 4.911131
v -58.589979 3.980663 4.870617
v -58.589979 4.007536 4.879025
v -58.589979 3.842207 4.846385
v -58.589979 3.870274 4.848824
v -58.589979 3.352978 5.023119
v -58.589979 3.373856 5.004196
v -58.589979 3.295574 5.085044
v -58.589979 3.313811 5.063581
v -58.589979 3.186303 5.280802
v -58.589979 4.418178 5.695863
v -58.589979 4.110660 4.924059
v -58.589979 4.034028 4.888601
v -58.589979 3.814064 4.845167
v -58.589979 3.785895 4.845167
v -58.589979 3.701796 4.852456
v -58.589979 3.729710 4.848824
v -58.589979 3.464890 4.938054
v -58.589979 3.489325 4.924059
v -58.589979 3.395497 4.986187
v -58.589979 3.417926 4.969144
v -58.589979 3.332963 5.042905
v -58.589979 3.278302 5.107269
v -58.589979 3.246704 5.153878
v -58.589979 3.261995 5.130231
v -58.589979 3.181807 5.695863
v -58.589979 3.173679 5.668888
v -58.589979 3.213049 5.774299
v -58.589979 3.201518 5.748619
v -58.589979 3.270021 5.871352
v -58.589979 3.254223 5.848034
v -58.589979 3.429406 6.029010
v -58.589979 3.406623 6.012474
v -58.589979 3.527069 6.084941
v -58.589979 3.501771 6.072545
v -58.589979 3.605835 6.115344
v -58.589979 3.579139 6.106353
v -58.589979 3.939718 6.129822
v -58.589979 3.912083 6.135258
v -58.589979 4.047109 6.096193
v -58.589979 4.020820 6.106353
v -58.589979 4.386910 5.774299
v -58.589979 4.374261 5.799470
v -58.589979 4.408881 5.722457
v -58.589979 4.398467 5.748619
v -58.589979 4.304386 5.085044
v -58.589979 4.321683 5.107269
v -58.589979 4.246981 5.023119
v -58.589979 4.267022 5.042905
v -58.589979 4.204462 4.986187
v -58.589979 4.226128 5.004196
v -58.589979 4.135095 4.938054
v -58.589979 4.158920 4.953091
v -58.589979 3.757778 4.846385
v -58.589979 3.619322 4.870617
v -58.589979 3.646526 4.863378
v -58.589979 3.514344 4.911131
v -58.589979 3.539896 4.899319
v -58.589979 3.441065 4.953091
v -58.589979 3.191078 5.722457
v -58.589979 3.239440 5.824057
v -58.589979 3.323285 5.936884
v -58.589979 3.304591 5.915802
v -58.589979 3.452901 6.044580
v -58.589979 3.552876 6.096193
v -58.589979 3.632886 6.123167
v -58.589979 3.743732 6.142573
v -58.589979 3.715715 6.139525
v -58.589979 3.967074 6.123167
v -58.589979 3.994150 6.115344
v -58.589979 4.337990 5.130231
v -58.589979 4.353281 5.153878
v -58.589979 4.286148 5.063581
v -58.589979 3.674034 4.857333
v -58.589979 3.565957 4.888601
v -58.589979 3.232429 5.178160
v -58.589979 3.207131 5.228478
v -58.589979 3.219247 5.203053
v -58.589979 3.225698 5.799470
v -58.589979 3.286811 5.893958
v -58.589979 3.477032 6.059083
v -58.589979 3.687877 6.135258
v -58.589979 4.098214 6.072545
v -58.589979 4.072915 6.084941
v -58.589979 4.367530 5.178160
v -58.589979 4.182059 4.969144
v -58.589979 3.925925 4.857333
v -58.589979 3.953434 4.863378
v -58.589979 3.592449 4.879025
v -58.589979 3.196158 5.254411
v -58.589979 3.342868 5.957102
v -58.589979 3.660267 6.129822
v -58.589979 3.884244 6.139525
v -58.589979 3.856253 6.142573
v -58.589979 3.898189 4.852456
v -58.589979 4.147083 6.044580
v -58.589979 4.122953 6.059083
v -58.589979 3.384575 5.994948
v -58.589979 3.363316 5.976482
v -58.589979 3.771824 6.144402
v -58.589979 3.799993 6.145012
v -58.589979 3.828135 6.144402
v -58.589979 5.729986 27.084975
v -58.589979 8.269986 27.084975
v -58.589979 8.269986 29.624975
v -58.589979 5.799989 29.624975
v -58.589979 5.729986 29.624975
v -58.589979 7.649642 28.333867
v -58.589979 7.649946 28.362036
v -58.589979 7.649032 28.390179
v -58.589979 7.646899 28.418246
v -58.589979 7.648118 28.305749
v -58.589979 7.636256 28.222133
v -58.589979 7.641412 28.249818
v -58.589979 7.629906 28.194701
v -58.589979 6.985915 27.705141
v -58.589979 6.999986 27.704989
v -58.589979 7.645374 28.277708
v -58.589979 7.622388 28.167573
v -58.589979 6.350026 28.362036
v -58.589979 7.415403 28.854923
v -58.589979 7.393355 28.872449
v -58.589979 7.457110 28.817077
v -58.589979 7.436663 28.836457
v -58.589979 7.495388 28.775777
v -58.589979 7.476693 28.796858
v -58.589979 7.638999 28.474024
v -58.589979 7.633233 28.501584
v -58.589979 7.603820 28.114386
v -58.589979 7.613676 28.140776
v -58.589979 7.580731 28.063027
v -58.589979 7.592822 28.088453
v -58.589979 7.014058 27.705141
v -58.589979 6.350940 28.390179
v -58.589979 7.370572 28.889010
v -58.589979 7.529957 28.731327
v -58.589979 7.513168 28.753932
v -58.589979 7.560539 28.684031
v -58.589979 7.545756 28.708010
v -58.589979 7.626299 28.528889
v -58.589979 7.643546 28.446211
v -58.589979 7.260082 27.759294
v -58.589979 7.285634 27.771105
v -58.589979 7.180657 27.730592
v -58.589979 7.207529 27.738999
v -58.589979 7.042201 27.706361
v -58.589979 7.070268 27.708799
v -58.589979 6.957771 27.706361
v -58.589979 6.664884 27.798029
v -58.589979 6.689319 27.784033
v -58.589979 6.354597 28.277708
v -58.589979 6.358560 28.249818
v -58.589979 6.350330 28.333867
v -58.589979 6.356426 28.446211
v -58.589979 6.353073 28.418246
v -58.589979 6.943725 29.002548
v -58.589979 6.915734 28.999500
v -58.589979 7.618171 28.555838
v -58.589979 7.310653 27.784033
v -58.589979 7.234021 27.748575
v -58.589979 7.125944 27.717308
v -58.589979 7.153427 27.723353
v -58.589979 6.901789 27.712457
v -58.589979 6.929704 27.708799
v -58.589979 6.765950 27.748575
v -58.589979 6.792443 27.738999
v -58.589979 6.641058 27.813066
v -58.589979 6.363716 28.222133
v -58.589979 6.351854 28.305749
v -58.589979 6.360973 28.474024
v -58.589979 6.373673 28.528889
v -58.589979 6.366738 28.501584
v -58.589979 6.486830 28.753932
v -58.589979 6.470015 28.731327
v -58.589979 6.523279 28.796858
v -58.589979 6.504584 28.775777
v -58.589979 6.727063 28.944914
v -58.589979 6.701764 28.932520
v -58.589979 6.887896 28.995232
v -58.589979 7.139712 28.989797
v -58.589979 7.112076 28.995232
v -58.589979 7.247103 28.956168
v -58.589979 7.220839 28.966328
v -58.589979 7.586929 28.634273
v -58.589979 7.574280 28.659445
v -58.589979 7.608900 28.582432
v -58.589979 7.598460 28.608594
v -58.589979 7.504404 27.945019
v -58.589979 7.521676 27.967244
v -58.589979 7.447000 27.883093
v -58.589979 7.467016 27.902880
v -58.589979 7.404481 27.846162
v -58.589979 7.426122 27.864170
v -58.589979 7.335089 27.798029
v -58.589979 7.358914 27.813066
v -58.589979 7.098182 27.712457
v -58.589979 6.846545 27.723353
v -58.589979 6.874053 27.717308
v -58.589979 6.819316 27.730592
v -58.589979 6.617919 27.829118
v -58.589979 6.478295 27.967244
v -58.589979 6.495593 27.945019
v -58.589979 6.370066 28.194701
v -58.589979 6.381801 28.555838
v -58.589979 6.413043 28.634273
v -58.589979 6.401511 28.608594
v -58.589979 6.752870 28.956168
v -58.589979 6.805829 28.975319
v -58.589979 6.779133 28.966328
v -58.589979 6.860261 28.989797
v -58.589979 7.167093 28.983142
v -58.589979 7.194144 28.975319
v -58.589979 7.537983 27.990205
v -58.589979 7.553274 28.013853
v -58.589979 7.486167 27.923556
v -58.589979 6.595516 27.846162
v -58.589979 6.552971 27.883093
v -58.589979 6.573850 27.864170
v -58.589979 6.513805 27.923556
v -58.589979 6.377584 28.167573
v -58.589979 6.386296 28.140776
v -58.589979 6.391072 28.582432
v -58.589979 6.425692 28.659445
v -58.589979 6.454216 28.708010
v -58.589979 6.439433 28.684031
v -58.589979 6.542862 28.817077
v -58.589979 6.832879 28.983142
v -58.589979 7.298208 28.932520
v -58.589979 7.272909 28.944914
v -58.589979 7.567549 28.038135
v -58.589979 7.382053 27.829118
v -58.589979 6.714338 27.771105
v -58.589979 6.739915 27.759294
v -58.589979 6.532957 27.902880
v -58.589979 6.446698 28.013853
v -58.589979 6.461988 27.990205
v -58.589979 6.407150 28.088453
v -58.589979 6.419240 28.063027
v -58.589979 6.584569 28.854923
v -58.589979 6.563309 28.836457
v -58.589979 6.629400 28.889010
v -58.589979 6.606616 28.872449
v -58.589979 6.677025 28.919058
v -58.589979 6.652895 28.904554
v -58.589979 7.084238 28.999500
v -58.589979 7.056247 29.002548
v -58.589979 6.432423 28.038135
v -58.589979 6.396151 28.114386
v -58.589979 6.971843 29.004377
v -58.589979 7.347077 28.904554
v -58.589979 7.322947 28.919058
v -58.589979 6.999986 29.004987
v -58.589979 7.028155 29.004377
v -58.589979 -8.269986 27.084975
v -58.589979 -8.269986 29.624975
v -58.589979 -5.729986 27.084975
v -58.589979 -5.799989 29.624975
v -58.589979 -5.729986 29.624975
v -58.589979 -6.350330 28.333867
v -58.589979 -6.350026 28.362036
v -58.589979 -6.350940 28.390179
v -58.589979 -6.353073 28.418246
v -58.589979 -6.351854 28.305749
v -58.589979 -6.363716 28.222133
v -58.589979 -6.358560 28.249818
v -58.589979 -6.370066 28.194701
v -58.589979 -7.014058 27.705141
v -58.589979 -6.999986 27.704989
v -58.589979 -6.542862 28.817077
v -58.589979 -6.563309 28.836457
v -58.589979 -6.354597 28.277708
v -58.589979 -6.377584 28.167573
v -58.589979 -7.649946 28.362036
v -58.589979 -6.584569 28.854923
v -58.589979 -6.606616 28.872449
v -58.589979 -6.504584 28.775777
v -58.589979 -6.523279 28.796858
v -58.589979 -6.360973 28.474024
v -58.589979 -6.366738 28.501584
v -58.589979 -6.396151 28.114386
v -58.589979 -6.386296 28.140776
v -58.589979 -6.419240 28.063027
v -58.589979 -6.407150 28.088453
v -58.589979 -6.985915 27.705141
v -58.589979 -7.649032 28.390179
v -58.589979 -6.629400 28.889010
v -58.589979 -6.470015 28.731327
v -58.589979 -6.486830 28.753932
v -58.589979 -6.439433 28.684031
v -58.589979 -6.454216 28.708010
v -58.589979 -6.373673 28.528889
v -58.589979 -6.356426 28.446211
v -58.589979 -6.739915 27.759294
v -58.589979 -6.714338 27.771105
v -58.589979 -6.819316 27.730592
v -58.589979 -6.792443 27.738999
v -58.589979 -6.957771 27.706361
v -58.589979 -6.929704 27.708799
v -58.589979 -7.042201 27.706361
v -58.589979 -7.335089 27.798029
v -58.589979 -7.310653 27.784033
v -58.589979 -7.645374 28.277708
v -58.589979 -7.641412 28.249818
v -58.589979 -7.649642 28.333867
v -58.589979 -7.643546 28.446211
v -58.589979 -7.646899 28.418246
v -58.589979 -7.056247 29.002548
v -58.589979 -7.084238 28.999500
v -58.589979 -6.381801 28.555838
v -58.589979 -6.689319 27.784033
v -58.589979 -6.765950 27.748575
v -58.589979 -6.874053 27.717308
v -58.589979 -6.846545 27.723353
v -58.589979 -7.098182 27.712457
v -58.589979 -7.070268 27.708799
v -58.589979 -7.234021 27.748575
v -58.589979 -7.207529 27.738999
v -58.589979 -7.358914 27.813066
v -58.589979 -7.636256 28.222133
v -58.589979 -7.648118 28.305749
v -58.589979 -7.638999 28.474024
v -58.589979 -7.626299 28.528889
v -58.589979 -7.633233 28.501584
v -58.589979 -7.513168 28.753932
v -58.589979 -7.529957 28.731327
v -58.589979 -7.476693 28.796858
v -58.589979 -7.495388 28.775777
v -58.589979 -7.272909 28.944914
v -58.589979 -7.298208 28.932520
v -58.589979 -7.112076 28.995232
v -58.589979 -6.860261 28.989797
v -58.589979 -6.887896 28.995232
v -58.589979 -6.752870 28.956168
v -58.589979 -6.779133 28.966328
v -58.589979 -6.413043 28.634273
v -58.589979 -6.425692 28.659445
v -58.589979 -6.391072 28.582432
v -58.589979 -6.401511 28.608594
v -58.589979 -6.495593 27.945019
v -58.589979 -6.478295 27.967244
v -58.589979 -6.552971 27.883093
v -58.589979 -6.532957 27.902880
v -58.589979 -6.595516 27.846162
v -58.589979 -6.573850 27.864170
v -58.589979 -6.664884 27.798029
v -58.589979 -6.641058 27.813066
v -58.589979 -6.901789 27.712457
v -58.589979 -7.153427 27.723353
v -58.589979 -7.125944 27.717308
v -58.589979 -7.180657 27.730592
v -58.589979 -7.382053 27.829118
v -58.589979 -7.521676 27.967244
v -58.589979 -7.504404 27.945019
v -58.589979 -7.629906 28.194701
v -58.589979 -7.618171 28.555838
v -58.589979 -7.586929 28.634273
v -58.589979 -7.598460 28.608594
v -58.589979 -7.247103 28.956168
v -58.589979 -7.194144 28.975319
v -58.589979 -7.220839 28.966328
v -58.589979 -7.139712 28.989797
v -58.589979 -6.832879 28.983142
v -58.589979 -6.805829 28.975319
v -58.589979 -6.461988 27.990205
v -58.589979 -6.446698 28.013853
v -58.589979 -6.513805 27.923556
v -58.589979 -7.404481 27.846162
v -58.589979 -7.447000 27.883093
v -58.589979 -7.426122 27.864170
v -58.589979 -7.486167 27.923556
v -58.589979 -7.622388 28.167573
v -58.589979 -7.613676 28.140776
v -58.589979 -7.608900 28.582432
v -58.589979 -7.574280 28.659445
v -58.589979 -7.545756 28.708010
v -58.589979 -7.560539 28.684031
v -58.589979 -7.457110 28.817077
v -58.589979 -7.167093 28.983142
v -58.589979 -6.701764 28.932520
v -58.589979 -6.727063 28.944914
v -58.589979 -6.432423 28.038135
v -58.589979 -6.617919 27.829118
v -58.589979 -7.285634 27.771105
v -58.589979 -7.260082 27.759294
v -58.589979 -7.467016 27.902880
v -58.589979 -7.553274 28.013853
v -58.589979 -7.537983 27.990205
v -58.589979 -7.592822 28.088453
v -58.589979 -7.580731 28.063027
v -58.589979 -7.415403 28.854923
v -58.589979 -7.436663 28.836457
v -58.589979 -7.370572 28.889010
v -58.589979 -7.393355 28.872449
v -58.589979 -7.322947 28.919058
v -58.589979 -7.347077 28.904554
v -58.589979 -6.915734 28.999500
v -58.589979 -6.943725 29.002548
v -58.589979 -7.567549 28.038135
v -58.589979 -7.603820 28.114386
v -58.589979 -7.028155 29.004377
v -58.589979 -6.652895 28.904554
v -58.589979 -6.677025 28.919058
v -58.589979 -6.999986 29.004987
v -58.589979 -6.971843 29.004377
v -57.500014 8.799982 30.224973
v -57.500014 6.399987 30.224973
v -57.500014 8.799982 2.075017
v -57.500014 6.250000 2.075017
v -57.500014 4.622139 3.773465
v -57.500014 4.549978 3.775014
v -57.500014 4.694149 3.768892
v -57.500014 4.765929 3.761247
v -57.500014 4.837277 3.750554
v -57.500014 4.908144 3.736863
v -57.500014 4.978349 3.720150
v -57.500014 5.047793 3.700490
v -57.500014 5.116322 3.677910
v -57.500014 5.183835 3.652408
v -57.500014 5.250231 3.624087
v -57.500014 5.315331 3.592972
v -57.500014 5.379060 3.559139
v -57.500014 5.441315 3.522614
v -57.500014 5.501945 3.483473
v -57.500014 5.560873 3.441791
v -57.500014 5.617972 3.397671
v -57.500014 5.673141 3.351138
v -57.500014 5.726278 3.302345
v -57.500014 5.777306 3.251291
v -57.500014 5.826125 3.198154
v -57.500014 5.872658 3.142986
v -57.500014 5.916778 3.085887
v -57.500014 5.958459 3.026958
v -57.500014 5.997575 2.966328
v -57.500014 6.034100 2.904098
v -57.500014 6.067958 2.840344
v -57.500014 6.099074 2.775244
v -57.500014 6.127394 2.708874
v -57.500014 6.152871 2.641336
v -57.500014 6.175477 2.572807
v -57.500014 6.195136 2.503363
v -57.500014 6.211824 2.433158
v -57.500014 6.225540 2.362316
v -57.500014 6.236208 2.290942
v -57.500014 6.243853 2.219187
v -57.500014 6.248451 2.147153
v -57.500014 -4.549978 3.775014
v -57.500014 -6.248451 2.147153
v -57.500014 -6.250000 2.075017
v -57.500014 -6.243853 2.219187
v -57.500014 -6.236208 2.290942
v -57.500014 -6.225540 2.362316
v -57.500014 -6.211824 2.433158
v -57.500014 -6.195136 2.503363
v -57.500014 -6.175477 2.572807
v -57.500014 -6.152871 2.641336
v -57.500014 -6.127394 2.708874
v -57.500014 -6.099074 2.775244
v -57.500014 -6.067958 2.840344
v -57.500014 -6.034100 2.904098
v -57.500014 -5.997575 2.966328
v -57.500014 -5.958459 3.026958
v -57.500014 -5.916778 3.085887
v -57.500014 -5.872658 3.142986
v -57.500014 -5.826125 3.198154
v -57.500014 -5.777306 3.251291
v -57.500014 -5.726278 3.302345
v -57.500014 -5.673141 3.351138
v -57.500014 -5.617972 3.397671
v -57.500014 -5.560873 3.441791
v -57.500014 -5.501945 3.483473
v -57.500014 -5.441315 3.522614
v -57.500014 -5.379060 3.559139
v -57.500014 -5.315331 3.592972
v -57.500014 -5.250231 3.624087
v -57.500014 -5.183835 3.652408
v -57.500014 -5.116322 3.677910
v -57.500014 -5.047793 3.700490
v -57.500014 -4.978349 3.720150
v -57.500014 -4.908144 3.736863
v -57.500014 -4.837277 3.750554
v -57.500014 -4.765929 3.761247
v -57.500014 -4.694149 3.768892
v -57.500014 -4.622139 3.773465
v -57.500014 -8.799982 2.075017
v -57.500014 -8.799982 30.224973
v -57.500014 -6.399987 30.224973
v -57.510022 5.799989 29.624975
v -57.500014 5.799989 29.624975
v -57.510022 -5.799989 29.624975
v -57.500014 -5.799989 29.624975
v -59.799985 -3.049981 8.275004
v -59.799985 -4.649978 8.275004
v -59.799985 -4.649978 11.274999
v -59.799985 -3.049981 11.274999
v -59.799985 0.499999 11.274999
v -59.799985 0.499999 8.075005
v -59.799985 4.849978 11.274999
v -59.799985 4.849978 8.075005
v -60.199984 -2.399995 13.575019
v -60.199984 -0.100000 13.575019
v -60.199984 -0.100000 14.975017
v -60.199984 -2.399995 14.975017
v -60.199984 -1.399997 20.574980
v -60.199984 -1.399997 15.775015
v -60.199984 2.499995 20.574980
v -60.199984 2.499995 15.775015
v -59.699985 -1.749984 19.774982
v -59.699985 -1.749984 20.374980
v -59.699731 -1.762658 19.774982
v -59.699731 -1.762658 20.374980
v -59.698918 -1.775282 19.774982
v -59.698918 -1.775282 20.374980
v -59.697572 -1.787881 19.774982
v -59.697572 -1.787881 20.374980
v -59.695717 -1.800428 19.774982
v -59.695717 -1.800428 20.374980
v -59.693330 -1.812849 19.774982
v -59.693330 -1.812849 20.374980
v -59.690409 -1.825193 19.774982
v -59.690409 -1.825193 20.374980
v -59.686980 -1.837385 19.774982
v -59.686980 -1.837385 20.374980
v -59.683043 -1.849425 19.774982
v -59.683043 -1.849425 20.374980
v -59.678572 -1.861261 19.774982
v -59.678572 -1.861261 20.374980
v -59.673645 -1.872945 19.774982
v -59.673645 -1.872945 20.374980
v -59.668209 -1.884375 19.774982
v -59.668209 -1.884375 20.374980
v -59.662291 -1.895577 19.774982
v -59.662291 -1.895577 20.374980
v -59.655916 -1.906524 19.774982
v -59.655916 -1.906524 20.374980
v -59.649083 -1.917192 19.774982
v -59.649083 -1.917192 20.374980
v -59.641793 -1.927555 19.774982
v -59.641793 -1.927555 20.374980
v -59.634097 -1.937588 19.774982
v -59.634097 -1.937588 20.374980
v -59.625969 -1.947316 19.774982
v -59.625969 -1.947316 20.374980
v -59.617435 -1.956689 19.774982
v -59.617435 -1.956689 20.374980
v -59.608519 -1.965681 19.774982
v -59.608519 -1.965681 20.374980
v -59.599223 -1.974291 19.774982
v -59.599223 -1.974291 20.374980
v -59.589571 -1.982495 19.774982
v -59.589571 -1.982495 20.374980
v -59.579589 -1.990293 19.774982
v -59.579589 -1.990293 20.374980
v -59.569276 -1.997659 19.774982
v -59.569276 -1.997659 20.374980
v -59.558684 -2.004593 19.774982
v -59.558684 -2.004593 20.374980
v -59.547788 -2.011045 19.774982
v -59.547788 -2.011045 20.374980
v -59.536637 -2.017065 19.774982
v -59.536637 -2.017065 20.374980
v -59.525233 -2.022577 19.774982
v -59.525233 -2.022577 20.374980
v -59.513625 -2.027631 19.774982
v -59.513625 -2.027631 20.374980
v -59.501788 -2.032178 19.774982
v -59.501788 -2.032178 20.374980
v -59.489800 -2.036216 19.774982
v -59.489800 -2.036216 20.374980
v -59.477633 -2.039772 19.774982
v -59.477633 -2.039772 20.374980
v -58.933514 -2.185568 19.774982
v -58.933514 -2.185568 20.374980
v -58.915277 -2.190852 20.374980
v -58.897269 -2.196922 20.374980
v -58.915277 -2.190852 19.774982
v -58.879539 -2.203755 20.374980
v -58.897269 -2.196922 19.774982
v -58.862115 -2.211324 20.374980
v -58.879539 -2.203755 19.774982
v -58.845021 -2.219630 20.374980
v -58.862115 -2.211324 19.774982
v -58.828282 -2.228621 20.374980
v -58.845021 -2.219630 19.774982
v -58.811950 -2.238324 20.374980
v -58.828282 -2.228621 19.774982
v -58.796049 -2.248713 20.374980
v -58.811950 -2.238324 19.774982
v -58.780581 -2.259787 20.374980
v -58.796049 -2.248713 19.774982
v -58.765620 -2.271471 20.374980
v -58.780581 -2.259787 19.774982
v -58.751142 -2.283790 20.374980
v -58.765620 -2.271471 19.774982
v -58.737198 -2.296693 20.374980
v -58.751142 -2.283790 19.774982
v -58.723837 -2.310181 20.374980
v -58.737198 -2.296693 19.774982
v -58.711036 -2.324227 20.374980
v -58.723837 -2.310181 19.774982
v -58.698844 -2.338807 20.374980
v -58.711036 -2.324227 19.774982
v -58.687287 -2.353894 20.374980
v -58.698844 -2.338807 19.774982
v -58.676365 -2.369439 20.374980
v -58.687287 -2.353894 19.774982
v -58.666103 -2.385416 20.374980
v -58.676365 -2.369439 19.774982
v -58.656527 -2.401849 20.374980
v -58.666103 -2.385416 19.774982
v -58.647663 -2.418639 20.374980
v -58.656527 -2.401849 19.774982
v -58.639509 -2.435809 20.374980
v -58.647663 -2.418639 19.774982
v -58.632092 -2.453310 20.374980
v -58.639509 -2.435809 19.774982
v -58.625412 -2.471090 20.374980
v -58.632092 -2.453310 19.774982
v -58.619494 -2.489149 20.374980
v -58.625412 -2.471090 19.774982
v -58.614363 -2.507437 20.374980
v -58.619494 -2.489149 19.774982
v -58.609969 -2.525928 20.374980
v -58.614363 -2.507437 19.774982
v -58.606388 -2.544572 20.374980
v -58.609969 -2.525928 19.774982
v -58.603594 -2.563368 20.374980
v -58.606388 -2.544572 19.774982
v -58.601587 -2.582266 20.374980
v -58.603594 -2.563368 19.774982
v -58.600393 -2.601239 20.374980
v -58.601587 -2.582266 19.774982
v -58.600393 -2.601239 19.774982
v -58.620027 -2.132736 19.774982
v -58.620027 -2.132736 20.374980
v -58.640830 -2.115160 19.774982
v -58.640830 -2.115160 20.374980
v -58.662344 -2.098472 19.774982
v -58.662344 -2.098472 20.374980
v -58.684543 -2.082673 19.774982
v -58.684543 -2.082673 20.374980
v -58.707403 -2.067839 19.774982
v -58.707403 -2.067839 20.374980
v -58.730848 -2.053971 19.774982
v -58.730848 -2.053971 20.374980
v -58.754851 -2.041093 19.774982
v -58.754851 -2.041093 20.374980
v -58.779362 -2.029231 19.774982
v -58.779362 -2.029231 20.374980
v -58.804355 -2.018436 19.774982
v -58.804355 -2.018436 20.374980
v -58.829781 -2.008657 19.774982
v -58.829781 -2.008657 20.374980
v -58.855587 -1.999971 19.774982
v -58.855587 -1.999971 20.374980
v -58.881749 -1.992376 19.774982
v -58.881749 -1.992376 20.374980
v -59.425868 -1.846580 19.774982
v -59.429932 -1.845412 19.774982
v -59.487412 -1.798523 19.774982
v -59.485304 -1.802155 19.774982
v -59.489393 -1.794789 19.774982
v -59.475322 -1.815770 19.774982
v -59.472477 -1.818894 19.774982
v -59.478014 -1.812519 19.774982
v -59.483018 -1.805711 19.774982
v -59.497775 -1.770939 19.774982
v -59.496785 -1.775054 19.774982
v -59.498563 -1.766799 19.774982
v -59.499198 -1.762633 19.774982
v -59.499629 -1.758417 19.774982
v -59.469505 -1.821891 19.774982
v -59.480579 -1.809166 19.774982
v -59.495642 -1.779118 19.774982
v -59.491197 -1.790979 19.774982
v -59.492848 -1.787093 19.774982
v -59.494346 -1.783131 19.774982
v -59.433920 -1.844040 19.774982
v -59.437857 -1.842541 19.774982
v -59.445527 -1.839011 19.774982
v -59.441743 -1.840865 19.774982
v -59.449261 -1.837004 19.774982
v -59.463180 -1.827479 19.774982
v -59.459853 -1.830095 19.774982
v -59.466406 -1.824761 19.774982
v -59.499985 -1.749984 19.774982
v -59.499909 -1.754200 19.774982
v -59.452893 -1.834845 19.774982
v -59.456424 -1.832534 19.774982
v -59.425868 -1.846580 20.374980
v -59.487412 -1.798523 20.374980
v -59.489393 -1.794789 20.374980
v -59.485304 -1.802155 20.374980
v -59.499198 -1.762633 20.374980
v -59.499629 -1.758417 20.374980
v -59.498563 -1.766799 20.374980
v -59.497775 -1.770939 20.374980
v -59.496785 -1.775054 20.374980
v -59.483018 -1.805711 20.374980
v -59.475322 -1.815770 20.374980
v -59.478014 -1.812519 20.374980
v -59.472477 -1.818894 20.374980
v -59.429932 -1.845412 20.374980
v -59.495642 -1.779118 20.374980
v -59.494346 -1.783131 20.374980
v -59.480579 -1.809166 20.374980
v -59.469505 -1.821891 20.374980
v -59.499985 -1.749984 20.374980
v -59.492848 -1.787093 20.374980
v -59.491197 -1.790979 20.374980
v -59.499909 -1.754200 20.374980
v -59.463180 -1.827479 20.374980
v -59.466406 -1.824761 20.374980
v -59.459853 -1.830095 20.374980
v -59.445527 -1.839011 20.374980
v -59.449261 -1.837004 20.374980
v -59.441743 -1.840865 20.374980
v -59.433920 -1.844040 20.374980
v -59.437857 -1.842541 20.374980
v -59.452893 -1.834845 20.374980
v -59.456424 -1.832534 20.374980
v -59.399985 0.249987 10.675000
v -59.399985 0.249987 11.074999
v -59.399731 0.237312 10.675000
v -59.399731 0.237312 11.074999
v -59.398918 0.224688 10.675000
v -59.398918 0.224688 11.074999
v -59.397572 0.212090 10.675000
v -59.397572 0.212090 11.074999
v -59.395718 0.199568 10.675000
v -59.395718 0.199568 11.074999
v -59.393330 0.187122 10.675000
v -59.393330 0.187122 11.074999
v -59.390409 0.174803 10.675000
v -59.390409 0.174803 11.074999
v -59.386980 0.162611 10.675000
v -59.386980 0.162611 11.074999
v -59.383044 0.150571 10.675000
v -59.383044 0.150571 11.074999
v -59.378573 0.138709 10.675000
v -59.378573 0.138709 11.074999
v -59.373645 0.127051 10.675000
v -59.373645 0.127051 11.074999
v -59.368210 0.115595 10.675000
v -59.368210 0.115595 11.074999
v -59.362292 0.104394 10.675000
v -59.362292 0.104394 11.074999
v -59.355916 0.093447 10.675000
v -59.355916 0.093447 11.074999
v -59.349084 0.082779 10.675000
v -59.349084 0.082779 11.074999
v -59.341794 0.072415 10.675000
v -59.341794 0.072415 11.074999
v -59.334098 0.062382 10.675000
v -59.334098 0.062382 11.074999
v -59.325970 0.052654 10.675000
v -59.325970 0.052654 11.074999
v -59.317435 0.043307 10.675000
v -59.317435 0.043307 11.074999
v -59.308495 0.034315 10.675000
v -59.308495 0.034315 11.074999
v -59.299224 0.025705 10.675000
v -59.299224 0.025705 11.074999
v -59.289571 0.017475 10.675000
v -59.289571 0.017475 11.074999
v -59.279589 0.009677 10.675000
v -59.279589 0.009677 11.074999
v -59.269277 0.002311 10.675000
v -59.269277 0.002311 11.074999
v -59.258685 -0.004572 10.675000
v -59.258685 -0.004572 11.074999
v -59.247788 -0.011049 10.675000
v -59.247788 -0.011049 11.074999
v -59.236638 -0.017069 10.675000
v -59.236638 -0.017069 11.074999
v -59.225233 -0.022581 10.675000
v -59.225233 -0.022581 11.074999
v -59.213625 -0.027635 10.675000
v -59.213625 -0.027635 11.074999
v -59.201789 -0.032182 10.675000
v -59.201789 -0.032182 11.074999
v -59.189800 -0.036220 10.675000
v -59.189800 -0.036220 11.074999
v -59.177634 -0.039776 10.675000
v -59.177634 -0.039776 11.074999
v -58.933514 -0.105181 10.675000
v -58.933514 -0.105181 11.074999
v -58.915277 -0.110490 11.074999
v -58.897269 -0.116561 11.074999
v -58.915277 -0.110490 10.675000
v -58.879539 -0.123368 11.074999
v -58.897269 -0.116561 10.675000
v -58.862115 -0.130937 11.074999
v -58.879539 -0.123368 10.675000
v -58.845021 -0.139243 11.074999
v -58.862115 -0.130937 10.675000
v -58.828282 -0.148234 11.074999
v -58.845021 -0.139243 10.675000
v -58.811950 -0.157963 11.074999
v -58.828282 -0.148234 10.675000
v -58.796049 -0.168351 11.074999
v -58.811950 -0.157963 10.675000
v -58.780581 -0.179400 11.074999
v -58.796049 -0.168351 10.675000
v -58.765620 -0.191084 11.074999
v -58.780581 -0.179400 10.675000
v -58.751142 -0.203403 11.074999
v -58.765620 -0.191084 10.675000
v -58.737198 -0.216306 11.074999
v -58.751142 -0.203403 10.675000
v -58.723837 -0.229819 11.074999
v -58.737198 -0.216306 10.675000
v -58.711036 -0.243840 11.074999
v -58.723837 -0.229819 10.675000
v -58.698844 -0.258420 11.074999
v -58.711036 -0.243840 10.675000
v -58.687287 -0.273507 11.074999
v -58.698844 -0.258420 10.675000
v -58.676365 -0.289052 11.074999
v -58.687287 -0.273507 10.675000
v -58.666103 -0.305054 11.074999
v -58.676365 -0.289052 10.675000
v -58.656527 -0.321462 11.074999
v -58.666103 -0.305054 10.675000
v -58.647663 -0.338252 11.074999
v -58.656527 -0.321462 10.675000
v -58.639509 -0.355422 11.074999
v -58.647663 -0.338252 10.675000
v -58.632092 -0.372923 11.074999
v -58.639509 -0.355422 10.675000
v -58.625412 -0.390703 11.074999
v -58.632092 -0.372923 10.675000
v -58.619494 -0.408762 11.074999
v -58.625412 -0.390703 10.675000
v -58.614363 -0.427050 11.074999
v -58.619494 -0.408762 10.675000
v -58.609969 -0.445541 11.074999
v -58.614363 -0.427050 10.675000
v -58.606388 -0.464185 11.074999
v -58.609969 -0.445541 10.675000
v -58.603594 -0.482981 11.074999
v -58.606388 -0.464185 10.675000
v -58.601587 -0.501879 11.074999
v -58.603594 -0.482981 10.675000
v -58.600393 -0.520852 11.074999
v -58.601587 -0.501879 10.675000
v -58.600393 -0.520852 10.675000
v -58.617005 -0.124485 10.675000
v -58.617005 -0.124485 11.074999
v -58.634759 -0.106731 10.675000
v -58.634759 -0.106731 11.074999
v -58.653251 -0.089713 10.675000
v -58.653251 -0.089713 11.074999
v -58.672453 -0.073508 10.675000
v -58.672453 -0.073508 11.074999
v -58.692316 -0.058115 10.675000
v -58.692316 -0.058115 11.074999
v -58.712788 -0.043561 10.675000
v -58.712788 -0.043561 11.074999
v -58.733845 -0.029870 10.675000
v -58.733845 -0.029870 11.074999
v -58.755486 -0.017094 10.675000
v -58.755486 -0.017094 11.074999
v -58.777634 -0.005232 10.675000
v -58.777634 -0.005232 11.074999
v -58.800240 0.005690 10.675000
v -58.800240 0.005690 11.074999
v -58.823304 0.015672 10.675000
v -58.823304 0.015672 11.074999
v -58.846748 0.024663 10.675000
v -58.846748 0.024663 11.074999
v -58.870573 0.032690 10.675000
v -58.870573 0.032690 11.074999
v -58.894703 0.039700 10.675000
v -58.894703 0.039700 11.074999
v -59.179335 0.122682 10.675000
v -59.173900 0.119456 10.675000
v -59.184644 0.126162 10.675000
v -59.156806 0.111176 10.675000
v -59.150888 0.108890 10.675000
v -59.162622 0.113690 10.675000
v -59.189775 0.129845 10.675000
v -59.194779 0.133731 10.675000
v -59.199605 0.137846 10.675000
v -59.168312 0.116459 10.675000
v -59.204253 0.142138 10.675000
v -59.208698 0.146634 10.675000
v -59.249998 0.249987 10.675000
v -59.138822 0.105105 10.675000
v -59.144893 0.106858 10.675000
v -59.212965 0.151333 10.675000
v -59.217029 0.156185 10.675000
v -59.220890 0.161214 10.675000
v -59.224522 0.166395 10.675000
v -59.245198 0.212395 10.675000
v -59.243470 0.206299 10.675000
v -59.246645 0.218542 10.675000
v -59.247865 0.224765 10.675000
v -59.248779 0.231038 10.675000
v -59.249846 0.243662 10.675000
v -59.249465 0.237338 10.675000
v -59.227951 0.171729 10.675000
v -59.231152 0.177190 10.675000
v -59.234098 0.182804 10.675000
v -59.236816 0.188519 10.675000
v -59.239279 0.194335 10.675000
v -59.241515 0.200279 10.675000
v -59.138822 0.105105 11.074999
v -59.179335 0.122682 11.074999
v -59.184644 0.126162 11.074999
v -59.173900 0.119456 11.074999
v -59.144893 0.106858 11.074999
v -59.194779 0.133731 11.074999
v -59.199605 0.137846 11.074999
v -59.189775 0.129845 11.074999
v -59.156806 0.111176 11.074999
v -59.150888 0.108890 11.074999
v -59.204253 0.142138 11.074999
v -59.208698 0.146634 11.074999
v -59.168312 0.116459 11.074999
v -59.162622 0.113690 11.074999
v -59.249998 0.249987 11.074999
v -59.249846 0.243662 11.074999
v -59.247865 0.224765 11.074999
v -59.248779 0.231038 11.074999
v -59.246645 0.218542 11.074999
v -59.245198 0.212395 11.074999
v -59.243470 0.206299 11.074999
v -59.220890 0.161214 11.074999
v -59.224522 0.166395 11.074999
v -59.217029 0.156185 11.074999
v -59.212965 0.151333 11.074999
v -59.249465 0.237338 11.074999
v -59.227951 0.171729 11.074999
v -59.231152 0.177190 11.074999
v -59.241515 0.200279 11.074999
v -59.239279 0.194335 11.074999
v -59.236816 0.188519 11.074999
v -59.234098 0.182804 11.074999
v -59.399985 -4.849978 10.575000
v -59.399985 -4.849978 11.074999
v -59.399731 -4.862652 10.575000
v -59.399731 -4.862652 11.074999
v -59.398918 -4.875301 10.575000
v -59.398918 -4.875301 11.074999
v -59.397572 -4.887900 10.575000
v -59.397572 -4.887900 11.074999
v -59.395718 -4.900422 10.575000
v -59.395718 -4.900422 11.074999
v -59.393330 -4.912868 10.575000
v -59.393330 -4.912868 11.074999
v -59.390409 -4.925187 10.575000
v -59.390409 -4.925187 11.074999
v -59.386980 -4.937379 10.575000
v -59.386980 -4.937379 11.074999
v -59.383044 -4.949419 10.575000
v -59.383044 -4.949419 11.074999
v -59.378573 -4.961280 10.575000
v -59.378573 -4.961280 11.074999
v -59.373645 -4.972939 10.575000
v -59.373645 -4.972939 11.074999
v -59.368210 -4.984369 10.575000
v -59.368210 -4.984369 11.074999
v -59.362292 -4.995570 10.575000
v -59.362292 -4.995570 11.074999
v -59.355916 -5.006518 10.575000
v -59.355916 -5.006518 11.074999
v -59.349084 -5.017186 10.575000
v -59.349084 -5.017186 11.074999
v -59.341794 -5.027549 10.575000
v -59.341794 -5.027549 11.074999
v -59.334098 -5.037607 10.575000
v -59.334098 -5.037607 11.074999
v -59.325970 -5.047310 10.575000
v -59.325970 -5.047310 11.074999
v -59.317435 -5.056683 10.575000
v -59.317435 -5.056683 11.074999
v -59.308495 -5.065674 10.575000
v -59.308495 -5.065674 11.074999
v -59.299224 -5.074285 10.575000
v -59.299224 -5.074285 11.074999
v -59.289571 -5.082489 10.575000
v -59.289571 -5.082489 11.074999
v -59.279589 -5.090287 10.575000
v -59.279589 -5.090287 11.074999
v -59.269277 -5.097653 10.575000
v -59.269277 -5.097653 11.074999
v -59.258685 -5.104587 10.575000
v -59.258685 -5.104587 11.074999
v -59.247788 -5.111064 10.575000
v -59.247788 -5.111064 11.074999
v -59.236638 -5.117059 10.575000
v -59.236638 -5.117059 11.074999
v -59.225233 -5.122596 10.575000
v -59.225233 -5.122596 11.074999
v -59.213625 -5.127625 10.575000
v -59.213625 -5.127625 11.074999
v -59.201789 -5.132171 10.575000
v -59.201789 -5.132171 11.074999
v -59.189800 -5.136236 10.575000
v -59.189800 -5.136236 11.074999
v -59.177634 -5.139766 10.575000
v -59.177634 -5.139766 11.074999
v -58.933514 -5.205171 10.575000
v -58.933514 -5.205171 11.074999
v -58.915277 -5.210480 11.074999
v -58.897269 -5.216550 11.074999
v -58.915277 -5.210480 10.575000
v -58.879539 -5.223383 11.074999
v -58.897269 -5.216550 10.575000
v -58.862115 -5.230927 11.074999
v -58.879539 -5.223383 10.575000
v -58.845021 -5.239232 11.074999
v -58.862115 -5.230927 10.575000
v -58.828282 -5.248250 11.074999
v -58.845021 -5.239232 10.575000
v -58.811950 -5.257953 11.074999
v -58.828282 -5.248250 10.575000
v -58.796049 -5.268341 11.074999
v -58.811950 -5.257953 10.575000
v -58.780581 -5.279390 11.074999
v -58.796049 -5.268341 10.575000
v -58.765620 -5.291074 11.074999
v -58.780581 -5.279390 10.575000
v -58.751142 -5.303393 11.074999
v -58.765620 -5.291074 10.575000
v -58.737198 -5.316322 11.074999
v -58.751142 -5.303393 10.575000
v -58.723837 -5.329809 11.074999
v -58.737198 -5.316322 10.575000
v -58.711036 -5.343855 11.074999
v -58.723837 -5.329809 10.575000
v -58.698844 -5.358435 11.074999
v -58.711036 -5.343855 10.575000
v -58.687287 -5.373497 11.074999
v -58.698844 -5.358435 10.575000
v -58.676365 -5.389042 11.074999
v -58.687287 -5.373497 10.575000
v -58.666103 -5.405044 11.074999
v -58.676365 -5.389042 10.575000
v -58.656527 -5.421452 11.074999
v -58.666103 -5.405044 10.575000
v -58.647663 -5.438267 11.074999
v -58.656527 -5.421452 10.575000
v -58.639509 -5.455412 11.074999
v -58.647663 -5.438267 10.575000
v -58.632092 -5.472913 11.074999
v -58.639509 -5.455412 10.575000
v -58.625412 -5.490693 11.074999
v -58.632092 -5.472913 10.575000
v -58.619494 -5.508752 11.074999
v -58.625412 -5.490693 10.575000
v -58.614363 -5.527040 11.074999
v -58.619494 -5.508752 10.575000
v -58.609969 -5.545531 11.074999
v -58.614363 -5.527040 10.575000
v -58.606388 -5.564200 11.074999
v -58.609969 -5.545531 10.575000
v -58.603594 -5.582996 11.074999
v -58.606388 -5.564200 10.575000
v -58.601587 -5.601894 11.074999
v -58.603594 -5.582996 10.575000
v -58.600393 -5.620842 11.074999
v -58.601587 -5.601894 10.575000
v -58.600393 -5.620842 10.575000
v -58.617005 -5.224501 10.575000
v -58.617005 -5.224501 11.074999
v -58.634759 -5.206721 10.575000
v -58.634759 -5.206721 11.074999
v -58.653251 -5.189728 10.575000
v -58.653251 -5.189728 11.074999
v -58.672453 -5.173498 10.575000
v -58.672453 -5.173498 11.074999
v -58.692316 -5.158105 10.575000
v -58.692316 -5.158105 11.074999
v -58.712788 -5.143551 10.575000
v -58.712788 -5.143551 11.074999
v -58.733845 -5.129886 10.575000
v -58.733845 -5.129886 11.074999
v -58.755486 -5.117084 10.575000
v -58.755486 -5.117084 11.074999
v -58.777634 -5.105222 10.575000
v -58.777634 -5.105222 11.074999
v -58.800240 -5.094300 10.575000
v -58.800240 -5.094300 11.074999
v -58.823304 -5.084318 10.575000
v -58.823304 -5.084318 11.074999
v -58.846748 -5.075301 10.575000
v -58.846748 -5.075301 11.074999
v -58.870573 -5.067300 10.575000
v -58.870573 -5.067300 11.074999
v -58.894703 -5.060289 10.575000
v -58.894703 -5.060289 11.074999
v -59.249998 -4.849978 10.575000
v -59.249846 -4.856328 10.575000
v -59.249465 -4.862652 10.575000
v -59.245198 -4.887595 10.575000
v -59.243470 -4.893691 10.575000
v -59.246645 -4.881423 10.575000
v -59.138822 -4.994885 10.575000
v -59.144893 -4.993106 10.575000
v -59.199605 -4.962144 10.575000
v -59.194779 -4.966233 10.575000
v -59.204253 -4.957826 10.575000
v -59.236816 -4.911471 10.575000
v -59.234098 -4.917186 10.575000
v -59.239279 -4.905629 10.575000
v -59.241515 -4.899711 10.575000
v -59.247865 -4.875200 10.575000
v -59.248779 -4.868926 10.575000
v -59.173900 -4.980508 10.575000
v -59.168312 -4.983531 10.575000
v -59.179335 -4.977283 10.575000
v -59.208698 -4.953330 10.575000
v -59.212965 -4.948657 10.575000
v -59.217029 -4.943805 10.575000
v -59.231152 -4.922774 10.575000
v -59.184644 -4.973828 10.575000
v -59.220890 -4.938776 10.575000
v -59.224522 -4.933594 10.575000
v -59.227951 -4.928260 10.575000
v -59.156806 -4.988814 10.575000
v -59.150888 -4.991075 10.575000
v -59.162622 -4.986299 10.575000
v -59.189775 -4.970145 10.575000
v -59.249998 -4.849978 11.074999
v -59.249846 -4.856328 11.074999
v -59.249465 -4.862652 11.074999
v -59.246645 -4.881423 11.074999
v -59.247865 -4.875200 11.074999
v -59.245198 -4.887595 11.074999
v -59.248779 -4.868926 11.074999
v -59.243470 -4.893691 11.074999
v -59.241515 -4.899711 11.074999
v -59.239279 -4.905629 11.074999
v -59.236816 -4.911471 11.074999
v -59.234098 -4.917186 11.074999
v -59.199605 -4.962144 11.074999
v -59.204253 -4.957826 11.074999
v -59.194779 -4.966233 11.074999
v -59.138822 -4.994885 11.074999
v -59.144893 -4.993106 11.074999
v -59.231152 -4.922774 11.074999
v -59.212965 -4.948657 11.074999
v -59.217029 -4.943805 11.074999
v -59.208698 -4.953330 11.074999
v -59.173900 -4.980508 11.074999
v -59.179335 -4.977283 11.074999
v -59.168312 -4.983531 11.074999
v -59.227951 -4.928260 11.074999
v -59.224522 -4.933594 11.074999
v -59.220890 -4.938776 11.074999
v -59.184644 -4.973828 11.074999
v -59.189775 -4.970145 11.074999
v -59.162622 -4.986299 11.074999
v -59.156806 -4.988814 11.074999
v -59.150888 -4.991075 11.074999
v -58.589979 -6.690385 8.609548
v -58.589979 -6.690385 8.469111
v -58.589979 -7.622261 8.469111
v -58.589979 -7.622261 8.609548
v -58.589979 -7.747482 8.965148
v -58.589979 -7.622261 8.965148
v -58.589979 -7.747482 8.113511
v -58.589979 -7.622261 8.113511
v -58.589979 -1.655420 6.148059
v -58.589979 -1.650467 6.133531
v -58.589979 -1.645209 6.120120
v -58.589979 -1.639748 6.107699
v -58.589979 -1.634058 6.096142
v -58.589979 -1.628165 6.085372
v -58.589979 -1.622069 6.075289
v -58.589979 -1.615770 6.065814
v -58.589979 -1.609293 6.056874
v -58.589979 -1.602588 6.048441
v -58.589979 -1.595679 6.040415
v -58.589979 -1.588516 6.032820
v -58.589979 -1.581125 6.025581
v -58.589979 -1.573479 6.018672
v -58.589979 -1.565529 6.012094
v -58.589979 -1.557325 6.005845
v -58.589979 -1.548994 6.000028
v -58.589979 -1.540510 5.994644
v -58.589979 -1.531849 5.989614
v -58.589979 -1.522933 5.984915
v -58.589979 -1.513738 5.980572
v -58.589979 -1.504239 5.976533
v -58.589979 -1.494384 5.972800
v -58.589979 -1.484122 5.969396
v -58.589979 -1.473378 5.966297
v -58.589979 -1.462100 5.963554
v -58.589979 -1.450213 5.961141
v -58.589979 -1.437640 5.959135
v -58.589979 -1.424254 5.957534
v -58.589979 -1.409979 5.956391
v -58.589979 -1.394638 5.955756
v -58.589979 -1.386053 5.955680
v -58.589979 -1.659611 6.162284
v -58.589979 -1.369238 5.956010
v -58.589979 -1.353591 5.956924
v -58.589979 -1.337386 5.958550
v -58.589979 -1.322349 5.960709
v -58.589979 -1.308329 5.963351
v -58.589979 -1.295248 5.966424
v -58.589979 -1.282979 5.969853
v -58.589979 -1.271422 5.973638
v -58.589979 -1.260526 5.977727
v -58.589979 -1.250188 5.982096
v -58.589979 -1.240358 5.986770
v -58.589979 -1.216355 6.000054
v -58.589979 -1.205230 6.007191
v -58.589979 -1.194638 6.014608
v -58.589979 -1.184580 6.022304
v -58.589979 -1.174979 6.030305
v -58.589979 -1.165860 6.038586
v -58.589979 -1.157097 6.047221
v -58.589979 -1.148740 6.056188
v -58.589979 -1.140714 6.065510
v -58.589979 -1.132967 6.075263
v -58.589979 -1.124229 6.087074
v -58.589979 -1.105916 6.115192
v -58.589979 -1.098017 6.129213
v -58.589979 -1.090854 6.143233
v -58.589979 -1.084351 6.157381
v -58.589979 -1.078484 6.171707
v -58.589979 -1.073201 6.186261
v -58.589979 -1.068502 6.201145
v -58.589979 -1.064692 6.215065
v -58.589979 -1.062939 6.222304
v -58.589979 -1.059434 6.238966
v -58.589979 -1.056157 6.257940
v -58.589979 -1.053160 6.280292
v -58.589979 -1.050595 6.306861
v -58.589979 -1.048664 6.338941
v -58.589979 -1.047725 6.378310
v -58.589979 -1.047699 6.524310
v -58.589979 -1.047699 6.702211
v -58.589979 -1.114628 6.101171
v -58.589979 -1.228141 5.993221
v -58.589979 -2.147697 6.702211
v -58.589979 -2.147697 6.493957
v -58.589979 -2.147570 6.381333
v -58.589979 -2.145817 6.311636
v -58.589979 -2.143125 6.267033
v -58.589979 -2.141169 6.245850
v -58.589979 -2.137207 6.217707
v -58.589979 -2.134514 6.204524
v -58.589979 -2.131339 6.191671
v -58.589979 -2.123415 6.166551
v -58.589979 -2.118639 6.154155
v -58.589979 -2.113280 6.141760
v -58.589979 -2.107286 6.129314
v -58.589979 -2.101444 6.118291
v -58.589979 -2.096186 6.109223
v -58.589979 -2.090293 6.099977
v -58.589979 -2.084400 6.091570
v -58.589979 -2.078507 6.083899
v -58.589979 -2.072792 6.077067
v -58.589979 -2.066900 6.070589
v -58.589979 -2.055038 6.059109
v -58.589979 -2.049069 6.054003
v -58.589979 -2.043024 6.049304
v -58.589979 -2.036928 6.044935
v -58.589979 -2.030755 6.040897
v -58.589979 -2.024456 6.037163
v -58.589979 -2.018182 6.033759
v -58.589979 -2.010105 6.029797
v -58.589979 -2.001876 6.026165
v -58.589979 -1.993443 6.022837
v -58.589979 -1.984781 6.019841
v -58.589979 -1.975790 6.017148
v -58.589979 -1.956664 6.012627
v -58.589979 -1.946377 6.010848
v -58.589979 -1.935455 6.009401
v -58.589979 -1.923796 6.008334
v -58.589979 -1.897736 6.007522
v -58.589979 -1.874291 6.008690
v -58.589979 -1.863217 6.009934
v -58.589979 -1.852625 6.011611
v -58.589979 -1.842414 6.013642
v -58.589979 -1.832559 6.016081
v -58.589979 -1.822983 6.018850
v -58.589979 -1.813636 6.021999
v -58.589979 -1.795475 6.029366
v -58.589979 -1.786611 6.033633
v -58.589979 -1.777822 6.038331
v -58.589979 -1.769085 6.043437
v -58.589979 -1.751355 6.055375
v -58.589979 -1.742669 6.062030
v -58.589979 -1.734388 6.068938
v -58.589979 -1.726489 6.076127
v -58.589979 -1.711579 6.091443
v -58.589979 -1.704543 6.099672
v -58.589979 -1.691081 6.117452
v -58.589979 -1.684655 6.127130
v -58.589979 -1.678381 6.137443
v -58.589979 -1.672260 6.148466
v -58.589979 -1.666392 6.160125
v -58.589979 -1.665376 6.162284
v -58.589979 -1.697711 6.108309
v -58.589979 -1.718894 6.083620
v -58.589979 -1.760372 6.049050
v -58.589979 -1.804467 6.025504
v -58.589979 -1.885874 6.007852
v -58.589979 -1.911274 6.007699
v -58.589979 -1.966443 6.014735
v -58.589979 -2.060981 6.064620
v -58.589979 -2.127631 6.179022
v -58.589979 -2.139315 6.230762
v -58.589979 1.514551 6.148059
v -58.589979 1.519530 6.133531
v -58.589979 1.524762 6.120120
v -58.589979 1.530223 6.107699
v -58.589979 1.535913 6.096142
v -58.589979 1.547901 6.075289
v -58.589979 1.554201 6.065814
v -58.589979 1.567383 6.048441
v -58.589979 1.574292 6.040415
v -58.589979 1.581455 6.032820
v -58.589979 1.588846 6.025581
v -58.589979 1.596492 6.018672
v -58.589979 1.604442 6.012094
v -58.589979 1.612646 6.005845
v -58.589979 1.620977 6.000028
v -58.589979 1.629461 5.994644
v -58.589979 1.638148 5.989614
v -58.589979 1.647038 5.984915
v -58.589979 1.656232 5.980572
v -58.589979 1.665732 5.976533
v -58.589979 1.685874 5.969396
v -58.589979 1.696593 5.966297
v -58.589979 1.707871 5.963554
v -58.589979 1.719758 5.961141
v -58.589979 1.732331 5.959135
v -58.589979 1.759991 5.956391
v -58.589979 1.775333 5.955756
v -58.589979 1.783918 5.955680
v -58.589979 1.745717 5.957534
v -58.589979 1.675587 5.972800
v -58.589979 1.560703 6.056874
v -58.589979 1.541805 6.085372
v -58.589979 1.510360 6.162284
v -58.589979 1.800733 5.956010
v -58.589979 1.816379 5.956924
v -58.589979 1.832585 5.958550
v -58.589979 1.847621 5.960709
v -58.589979 1.874723 5.966424
v -58.589979 1.886991 5.969853
v -58.589979 1.898548 5.973638
v -58.589979 1.909445 5.977727
v -58.589979 1.929613 5.986770
v -58.589979 1.941830 5.993221
v -58.589979 1.953616 6.000054
v -58.589979 1.975333 6.014608
v -58.589979 1.985391 6.022304
v -58.589979 1.994992 6.030305
v -58.589979 2.004111 6.038586
v -58.589979 2.012874 6.047221
v -58.589979 2.021230 6.056188
v -58.589979 2.029257 6.065510
v -58.589979 2.037004 6.075263
v -58.589979 2.045741 6.087074
v -58.589979 2.055343 6.101171
v -58.589979 2.064055 6.115192
v -58.589979 2.071954 6.129213
v -58.589979 2.085619 6.157381
v -58.589979 2.091487 6.171707
v -58.589979 2.096770 6.186261
v -58.589979 2.101494 6.201145
v -58.589979 2.107032 6.222304
v -58.589979 2.110562 6.238966
v -58.589979 2.113813 6.257940
v -58.589979 2.116811 6.280292
v -58.589979 2.119376 6.306861
v -58.589979 2.122246 6.378310
v -58.589979 2.122272 6.524310
v -58.589979 2.122272 6.702211
v -58.589979 2.121306 6.338941
v -58.589979 2.105279 6.215065
v -58.589979 2.079142 6.143233
v -58.589979 1.964766 6.007191
v -58.589979 1.919783 5.982096
v -58.589979 1.861642 5.963351
v -58.589979 1.022274 6.702211
v -58.589979 1.022274 6.493957
v -58.589979 1.022401 6.381333
v -58.589979 1.024153 6.311636
v -58.589979 1.026846 6.267033
v -58.589979 1.028827 6.245850
v -58.589979 1.030656 6.230762
v -58.589979 1.032764 6.217707
v -58.589979 1.035456 6.204524
v -58.589979 1.038631 6.191671
v -58.589979 1.042340 6.179022
v -58.589979 1.051331 6.154155
v -58.589979 1.056691 6.141760
v -58.589979 1.062685 6.129314
v -58.589979 1.073810 6.109223
v -58.589979 1.079678 6.099977
v -58.589979 1.085571 6.091570
v -58.589979 1.091463 6.083899
v -58.589979 1.097178 6.077067
v -58.589979 1.103071 6.070589
v -58.589979 1.114933 6.059109
v -58.589979 1.126947 6.049304
v -58.589979 1.133043 6.044935
v -58.589979 1.145515 6.037163
v -58.589979 1.151814 6.033759
v -58.589979 1.168095 6.026165
v -58.589979 1.176528 6.022837
v -58.589979 1.194181 6.017148
v -58.589979 1.203528 6.014735
v -58.589979 1.213307 6.012627
v -58.589979 1.223620 6.010848
v -58.589979 1.234516 6.009401
v -58.589979 1.258697 6.007699
v -58.589979 1.284097 6.007852
v -58.589979 1.295705 6.008690
v -58.589979 1.306754 6.009934
v -58.589979 1.317346 6.011611
v -58.589979 1.327556 6.013642
v -58.589979 1.337412 6.016081
v -58.589979 1.356360 6.021999
v -58.589979 1.365504 6.025504
v -58.589979 1.374496 6.029366
v -58.589979 1.383360 6.033633
v -58.589979 1.392149 6.038331
v -58.589979 1.400886 6.043437
v -58.589979 1.409598 6.049050
v -58.589979 1.418615 6.055375
v -58.589979 1.427302 6.062030
v -58.589979 1.443482 6.076127
v -58.589979 1.451077 6.083620
v -58.589979 1.458392 6.091443
v -58.589979 1.465428 6.099672
v -58.589979 1.472260 6.108309
v -58.589979 1.478890 6.117452
v -58.589979 1.485316 6.127130
v -58.589979 1.491590 6.137443
v -58.589979 1.497711 6.148466
v -58.589979 1.503578 6.160125
v -58.589979 1.504594 6.162284
v -58.589979 1.435583 6.068938
v -58.589979 1.347013 6.018850
v -58.589979 1.272235 6.007522
v -58.589979 1.246175 6.008334
v -58.589979 1.185189 6.019841
v -58.589979 1.159866 6.029797
v -58.589979 1.139241 6.040897
v -58.589979 1.120902 6.054003
v -58.589979 1.108989 6.064620
v -58.589979 1.068527 6.118291
v -58.589979 1.046556 6.166551
v -58.589979 1.701140 5.094671
v -58.589979 1.582344 5.094671
v -58.589979 1.701140 5.924717
v -58.589979 1.582344 5.924717
v -58.589979 6.893687 9.057858
v -58.589979 7.572223 9.058011
v -58.589979 7.609179 9.059356
v -58.589979 7.667269 9.064716
v -58.589979 7.690434 9.068272
v -58.589979 7.710729 9.072209
v -58.589979 7.728712 9.076426
v -58.589979 7.743495 9.080464
v -58.589979 7.770114 9.089506
v -58.589979 7.782865 9.094739
v -58.589979 7.794853 9.100251
v -58.589979 7.806233 9.106092
v -58.589979 7.827391 9.118717
v -58.589979 7.837297 9.125524
v -58.589979 7.846873 9.132687
v -58.589979 7.856119 9.140231
v -58.589979 7.873848 9.156613
v -58.589979 7.882356 9.165529
v -58.589979 7.890612 9.174901
v -58.589979 7.898562 9.184705
v -58.589979 7.906182 9.194916
v -58.589979 7.913497 9.205635
v -58.589979 7.920533 9.216837
v -58.589979 7.927264 9.228648
v -58.589979 7.939913 9.254276
v -58.589979 7.945806 9.268297
v -58.589979 7.950403 9.280438
v -58.589979 7.953934 9.291081
v -58.589979 7.957261 9.302638
v -58.589979 7.963383 9.329689
v -58.589979 7.966075 9.345716
v -58.589979 7.970342 9.385086
v -58.589979 7.971688 9.409801
v -58.589979 7.972222 9.440433
v -58.589979 7.968412 9.364004
v -58.589979 7.960436 9.315439
v -58.589979 7.933715 9.241094
v -58.589979 7.865110 9.148206
v -58.589979 7.817053 9.112265
v -58.589979 7.756576 9.084604
v -58.589979 7.640524 9.061668
v -58.589979 7.550379 9.057858
v -58.589979 7.971739 9.466112
v -58.589979 7.851800 9.446935
v -58.589979 7.851800 9.433626
v -58.589979 7.851267 9.418513
v -58.589979 7.970342 9.489709
v -58.589979 7.851267 9.462505
v -58.589979 7.850226 9.404771
v -58.589979 7.848803 9.392199
v -58.589979 7.847000 9.380616
v -58.589979 7.844917 9.369872
v -58.589979 7.850226 9.476653
v -58.589979 7.848778 9.489557
v -58.589979 7.968234 9.511426
v -58.589979 7.846974 9.501444
v -58.589979 7.961808 9.551786
v -58.589979 7.965491 9.531390
v -58.589979 7.844840 9.512442
v -58.589979 7.958049 9.568576
v -58.589979 7.842428 9.522678
v -58.589979 7.823276 9.572538
v -58.589979 7.933207 9.639061
v -58.589979 7.938770 9.626920
v -58.589979 7.944079 9.613864
v -58.589979 7.830287 9.558137
v -58.589979 7.826934 9.565401
v -58.589979 7.839761 9.532279
v -58.589979 7.836840 9.541322
v -58.589979 7.557185 9.197609
v -58.589979 7.589926 9.198218
v -58.589979 6.893687 9.197609
v -58.589979 7.427849 9.197609
v -58.589979 7.948524 9.601520
v -58.589979 7.953477 9.585746
v -58.589979 7.833716 9.549882
v -58.589979 7.640066 9.201902
v -58.589979 7.659091 9.204391
v -58.589979 7.617231 9.199743
v -58.589979 7.811211 9.592071
v -58.589979 7.914233 9.672818
v -58.589979 7.920940 9.661972
v -58.589979 7.815402 9.585873
v -58.589979 7.927264 9.650720
v -58.589979 7.819415 9.579397
v -58.589979 7.686726 9.209547
v -58.589979 7.696809 9.212113
v -58.589979 7.676261 9.207312
v -58.589979 6.893687 9.822322
v -58.589979 7.543571 9.822322
v -58.589979 7.445680 9.682571
v -58.589979 7.806792 9.598014
v -58.589979 7.907096 9.683333
v -58.589979 7.706563 9.215059
v -58.589979 7.476033 9.682571
v -58.589979 7.842275 9.358798
v -58.589979 7.772324 9.248130
v -58.589979 7.777455 9.252092
v -58.589979 7.767066 9.244395
v -58.589979 7.716037 9.218336
v -58.589979 7.503033 9.682571
v -58.589979 7.762545 9.638832
v -58.589979 7.837704 9.753767
v -58.589979 7.847229 9.746579
v -58.589979 7.769021 9.634362
v -58.589979 7.856499 9.738959
v -58.589979 7.802169 9.603755
v -58.589979 7.899553 9.693544
v -58.589979 7.782484 9.256334
v -58.589979 7.752182 9.235175
v -58.589979 7.759852 9.239748
v -58.589979 7.725334 9.221968
v -58.589979 7.527061 9.682571
v -58.589979 7.548448 9.682571
v -58.589979 7.755103 9.643506
v -58.589979 7.827874 9.760549
v -58.589979 7.774991 9.629892
v -58.589979 7.797317 9.609292
v -58.589979 7.891551 9.703475
v -58.589979 7.787436 9.260880
v -58.589979 7.734427 9.225980
v -58.589979 7.551649 9.822322
v -58.589979 7.589850 9.821687
v -58.589979 7.570038 9.682419
v -58.589979 7.865517 9.730932
v -58.589979 7.792212 9.614651
v -58.589979 7.883119 9.713127
v -58.589979 7.792314 9.265757
v -58.589979 7.743367 9.230350
v -58.589979 7.622845 9.819909
v -58.589979 7.602474 9.681250
v -58.589979 7.807147 9.773046
v -58.589979 7.817688 9.766975
v -58.589979 7.747407 9.647926
v -58.589979 7.781087 9.624939
v -58.589979 7.786802 9.619859
v -58.589979 7.874254 9.722449
v -58.589979 7.829144 9.321561
v -58.589979 7.832801 9.330070
v -58.589979 7.824851 9.312620
v -58.589979 7.820381 9.304213
v -58.589979 7.816164 9.296974
v -58.589979 7.797139 9.271015
v -58.589979 7.651267 9.817293
v -58.589979 7.629398 9.679219
v -58.589979 7.675930 9.814092
v -58.589979 7.697470 9.810460
v -58.589979 7.669987 9.673884
v -58.589979 7.716418 9.806498
v -58.589979 7.681316 9.671725
v -58.589979 7.739380 9.652091
v -58.589979 7.796200 9.778786
v -58.589979 7.836205 9.338985
v -58.589979 7.839355 9.348536
v -58.589979 7.651547 9.676704
v -58.589979 7.732852 9.802434
v -58.589979 7.691832 9.669312
v -58.589979 7.760208 9.793976
v -58.589979 7.772781 9.789251
v -58.589979 7.722057 9.659736
v -58.589979 7.784770 9.784171
v -58.589979 7.730947 9.656028
v -58.589979 7.811440 9.289633
v -58.589979 7.801940 9.276705
v -58.589979 7.746949 9.798370
v -58.589979 7.712913 9.663090
v -58.589979 7.806690 9.282902
v -58.589979 7.702778 9.666341
v -58.589979 6.893687 9.682571
v -58.589979 7.546061 7.318618
v -58.589979 7.431913 7.318618
v -58.589979 7.546061 8.115594
v -58.589979 7.431913 8.115594
v -58.589979 7.950784 8.609548
v -58.589979 7.950784 8.469111
v -58.589979 7.018883 8.469111
v -58.589979 7.018883 8.609548
v -58.589979 6.893687 8.965148
v -58.589979 7.018883 8.965148
v -58.589979 6.893687 8.113511
v -58.589979 7.018883 8.113511
v -58.589979 -1.468831 4.937750
v -58.589979 -1.587627 4.937750
v -58.589979 -1.468831 5.805211
v -58.589979 -1.468831 5.433024
v -58.589979 -1.587627 5.433024
v -58.589979 -1.587627 5.309936
v -58.589979 -1.468831 5.309936
v -58.589979 -1.959102 5.433024
v -58.589979 -1.096645 5.309936
v -58.589979 -1.959102 5.309936
v -58.589979 -1.096645 5.433024
v -58.589979 -1.587627 5.805211
v -58.589979 -7.095084 7.167793
v -58.589979 -7.209231 7.167793
v -58.589979 -7.095084 8.001447
v -58.589979 -7.095084 7.643764
v -58.589979 -7.209231 7.643764
v -58.589979 -7.209231 7.525476
v -58.589979 -7.095084 7.525476
v -58.589979 -7.566228 7.643764
v -58.589979 -6.737426 7.525476
v -58.589979 -7.566228 7.525476
v -58.589979 -6.737426 7.643764
v -58.589979 -7.209231 8.001447
v -58.589979 -6.669431 9.466112
v -58.589979 -6.670802 9.489709
v -58.589979 -6.672936 9.511426
v -58.589979 -6.675679 9.531390
v -58.589979 -6.679337 9.551786
v -58.589979 -6.683096 9.568576
v -58.589979 -6.687668 9.585746
v -58.589979 -6.692621 9.601520
v -58.589979 -6.697066 9.613864
v -58.589979 -6.702399 9.626920
v -58.589979 -6.713881 9.650720
v -58.589979 -6.720205 9.661972
v -58.589979 -6.726936 9.672818
v -58.589979 -6.734048 9.683333
v -58.589979 -6.741617 9.693544
v -58.589979 -6.749593 9.703475
v -58.589979 -6.758051 9.713127
v -58.589979 -6.766915 9.722449
v -58.589979 -6.775653 9.730932
v -58.589979 -6.784644 9.738959
v -58.589979 -6.793916 9.746579
v -58.589979 -6.803466 9.753767
v -58.589979 -6.813296 9.760549
v -58.589979 -6.823456 9.766975
v -58.589979 -6.833997 9.773046
v -58.589979 -6.844970 9.778786
v -58.589979 -6.856400 9.784171
v -58.589979 -6.868363 9.789251
v -58.589979 -6.880936 9.793976
v -58.589979 -6.894195 9.798370
v -58.589979 -6.924726 9.806498
v -58.589979 -6.943699 9.810460
v -58.589979 -6.965238 9.814092
v -58.589979 -6.989877 9.817293
v -58.589979 -7.018300 9.819909
v -58.589979 -7.051294 9.821687
v -58.589979 -7.089521 9.822322
v -58.589979 -7.097599 9.822322
v -58.589979 -7.747482 9.822322
v -58.589979 -6.908292 9.802434
v -58.589979 -6.707937 9.639061
v -58.589979 -6.668922 9.440433
v -58.589979 -6.789344 9.446935
v -58.589979 -6.789370 9.433626
v -58.589979 -6.669456 9.409801
v -58.589979 -6.789902 9.418513
v -58.589979 -6.789877 9.462505
v -58.589979 -6.670802 9.385086
v -58.589979 -6.790918 9.404771
v -58.589979 -6.792366 9.392199
v -58.589979 -6.672733 9.364004
v -58.589979 -6.794145 9.380616
v -58.589979 -6.675094 9.345716
v -58.589979 -6.796227 9.369872
v -58.589979 -6.790918 9.476653
v -58.589979 -6.792366 9.489557
v -58.589979 -6.794195 9.501444
v -58.589979 -6.796328 9.512442
v -58.589979 -6.798742 9.522678
v -58.589979 -6.817868 9.572538
v -58.589979 -6.810883 9.558137
v -58.589979 -6.814236 9.565401
v -58.589979 -6.801409 9.532279
v -58.589979 -6.804305 9.541322
v -58.589979 -7.068922 9.058011
v -58.589979 -7.083983 9.197609
v -58.589979 -7.051218 9.198218
v -58.589979 -7.747482 9.057858
v -58.589979 -7.747482 9.197609
v -58.589979 -7.213321 9.197609
v -58.589979 -6.807454 9.549882
v -58.589979 -7.031965 9.059356
v -58.589979 -7.090791 9.057858
v -58.589979 -6.973875 9.064716
v -58.589979 -7.001078 9.201902
v -58.589979 -6.982079 9.204391
v -58.589979 -7.000621 9.061668
v -58.589979 -7.023913 9.199743
v -58.589979 -6.829959 9.592071
v -58.589979 -6.825767 9.585873
v -58.589979 -6.821754 9.579397
v -58.589979 -6.912457 9.076426
v -58.589979 -6.930441 9.072209
v -58.589979 -6.954444 9.209547
v -58.589979 -6.897675 9.080464
v -58.589979 -6.944360 9.212113
v -58.589979 -6.964883 9.207312
v -58.589979 -6.950735 9.068272
v -58.589979 -6.834352 9.598014
v -58.589979 -6.884594 9.084604
v -58.589979 -6.934607 9.215059
v -58.589979 -6.677761 9.329689
v -58.589979 -6.798869 9.358798
v -58.589979 -6.785026 9.140231
v -58.589979 -6.868846 9.248130
v -58.589979 -6.863715 9.252092
v -58.589979 -6.794272 9.132687
v -58.589979 -6.874079 9.244395
v -58.589979 -6.925106 9.218336
v -58.589979 -6.871030 9.089506
v -58.589979 -7.195465 9.682571
v -58.589979 -7.138136 9.682571
v -58.589979 -7.165137 9.682571
v -58.589979 -7.092696 9.682571
v -58.589979 -7.114082 9.682571
v -58.589979 -6.878625 9.638832
v -58.589979 -6.872147 9.634362
v -58.589979 -6.838975 9.603755
v -58.589979 -6.776034 9.148206
v -58.589979 -6.858686 9.256334
v -58.589979 -6.813778 9.118717
v -58.589979 -6.888962 9.235175
v -58.589979 -6.881292 9.239748
v -58.589979 -6.915811 9.221968
v -58.589979 -6.886042 9.643506
v -58.589979 -6.866154 9.629892
v -58.589979 -6.843827 9.609292
v -58.589979 -6.767322 9.156613
v -58.589979 -6.853732 9.260880
v -58.589979 -6.803848 9.125524
v -58.589979 -6.858305 9.094739
v -58.589979 -6.906743 9.225980
v -58.589979 -7.071131 9.682419
v -58.589979 -6.848957 9.614651
v -58.589979 -6.758813 9.165529
v -58.589979 -6.848830 9.265757
v -58.589979 -6.824116 9.112265
v -58.589979 -6.897801 9.230350
v -58.589979 -6.846291 9.100251
v -58.589979 -7.038696 9.681250
v -58.589979 -6.893738 9.647926
v -58.589979 -6.860083 9.624939
v -58.589979 -6.854343 9.619859
v -58.589979 -6.812001 9.321561
v -58.589979 -6.808343 9.330070
v -58.589979 -6.690766 9.280438
v -58.589979 -6.816293 9.312620
v -58.589979 -6.695338 9.268297
v -58.589979 -6.820764 9.304213
v -58.589979 -6.701256 9.254276
v -58.589979 -6.825005 9.296974
v -58.589979 -6.707429 9.241094
v -58.589979 -6.750533 9.174901
v -58.589979 -6.844004 9.271015
v -58.589979 -6.834937 9.106092
v -58.589979 -7.011771 9.679219
v -58.589979 -6.971182 9.673884
v -58.589979 -6.959854 9.671725
v -58.589979 -6.901789 9.652091
v -58.589979 -6.683883 9.302638
v -58.589979 -6.804965 9.338985
v -58.589979 -6.801790 9.348536
v -58.589979 -6.713881 9.228648
v -58.589979 -6.989597 9.676704
v -58.589979 -6.949313 9.669312
v -58.589979 -6.919087 9.659736
v -58.589979 -6.910197 9.656028
v -58.589979 -6.680733 9.315439
v -58.589979 -6.687236 9.291081
v -58.589979 -6.829704 9.289633
v -58.589979 -6.742582 9.184705
v -58.589979 -6.839204 9.276705
v -58.589979 -6.928231 9.663090
v -58.589979 -6.720637 9.216837
v -58.589979 -6.734962 9.194916
v -58.589979 -6.834454 9.282902
v -58.589979 -6.938366 9.666341
v -58.589979 -6.727647 9.205635
v -58.589979 -7.747482 9.682571
v -59.499985 -6.699987 18.224972
v -59.499985 -7.799984 18.224972
v -59.499985 -7.799984 16.025002
v -59.499985 -6.699987 16.025002
v -59.499985 -6.699987 23.224987
v -59.499985 -6.699987 21.024992
v -59.499985 -7.799984 23.224987
v -59.499985 -7.799984 21.024992
v -57.510022 6.999986 6.145012
v -57.510022 6.971843 6.144402
v -57.510022 6.943725 6.142573
v -57.510022 6.915734 6.139525
v -57.510022 6.887896 6.135258
v -57.510022 6.860261 6.129822
v -57.510022 6.832879 6.123167
v -57.510022 6.805829 6.115344
v -57.510022 6.779133 6.106353
v -57.510022 6.752870 6.096193
v -57.510022 6.727063 6.084941
v -57.510022 6.701764 6.072545
v -57.510022 6.677025 6.059083
v -57.510022 6.652895 6.044580
v -57.510022 6.629400 6.029010
v -57.510022 6.606616 6.012474
v -57.510022 6.584569 5.994948
v -57.510022 6.563309 5.976482
v -57.510022 6.542862 5.957102
v -57.510022 6.523279 5.936884
v -57.510022 6.504584 5.915802
v -57.510022 6.486830 5.893958
v -57.510022 6.470015 5.871352
v -57.510022 6.454216 5.848034
v -57.510022 6.439433 5.824057
v -57.510022 6.425692 5.799470
v -57.510022 6.413043 5.774299
v -57.510022 6.401511 5.748619
v -57.510022 6.391072 5.722457
v -57.510022 6.381801 5.695863
v -57.510022 6.373673 5.668888
v -57.510022 6.366738 5.641609
v -57.510022 6.360973 5.614050
v -57.510022 6.356426 5.586237
v -57.510022 6.353073 5.558272
v -57.510022 6.350940 5.530205
v -57.510022 6.350026 5.502062
v -57.510022 6.350330 5.473893
v -57.510022 6.351854 5.445775
v -57.510022 6.354597 5.417733
v -57.510022 6.358560 5.389844
v -57.510022 6.363716 5.362158
v -57.510022 6.370066 5.334726
v -57.510022 6.377584 5.307599
v -57.510022 6.386296 5.280802
v -57.510022 6.396151 5.254411
v -57.510022 6.407150 5.228478
v -57.510022 6.419240 5.203053
v -57.510022 6.432423 5.178160
v -57.510022 6.446698 5.153878
v -57.510022 6.461988 5.130231
v -57.510022 6.478295 5.107269
v -57.510022 6.495593 5.085044
v -57.510022 6.513805 5.063581
v -57.510022 6.532957 5.042905
v -57.510022 6.552971 5.023119
v -57.510022 6.573850 5.004196
v -57.510022 6.595516 4.986187
v -57.510022 6.617919 4.969144
v -57.510022 6.641058 4.953091
v -57.510022 6.664884 4.938054
v -57.510022 6.689319 4.924059
v -57.510022 6.714338 4.911131
v -57.510022 6.739915 4.899319
v -57.510022 6.765950 4.888601
v -57.510022 6.792443 4.879025
v -57.510022 6.819316 4.870617
v -57.510022 6.846545 4.863378
v -57.510022 6.874053 4.857333
v -57.510022 6.901789 4.852456
v -57.510022 6.929704 4.848824
v -57.510022 6.957771 4.846385
v -57.510022 6.999986 4.845014
v -57.510022 6.985915 4.845167
v -57.510022 7.014058 4.845167
v -57.510022 7.042201 4.846385
v -57.510022 7.070268 4.848824
v -57.510022 7.098182 4.852456
v -57.510022 7.125944 4.857333
v -57.510022 7.153427 4.863378
v -57.510022 7.180657 4.870617
v -57.510022 7.207529 4.879025
v -57.510022 7.234021 4.888601
v -57.510022 7.260082 4.899319
v -57.510022 7.285634 4.911131
v -57.510022 7.310653 4.924059
v -57.510022 7.335089 4.938054
v -57.510022 7.358914 4.953091
v -57.510022 7.382053 4.969144
v -57.510022 7.404481 4.986187
v -57.510022 7.426122 5.004196
v -57.510022 7.447000 5.023119
v -57.510022 7.467016 5.042905
v -57.510022 7.486167 5.063581
v -57.510022 7.504404 5.085044
v -57.510022 7.521676 5.107269
v -57.510022 7.537983 5.130231
v -57.510022 7.553274 5.153878
v -57.510022 7.567549 5.178160
v -57.510022 7.580731 5.203053
v -57.510022 7.592822 5.228478
v -57.510022 7.603820 5.254411
v -57.510022 7.613676 5.280802
v -57.510022 7.622388 5.307599
v -57.510022 7.629906 5.334726
v -57.510022 7.636256 5.362158
v -57.510022 7.641412 5.389844
v -57.510022 7.645374 5.417733
v -57.510022 7.648118 5.445775
v -57.510022 7.649642 5.473893
v -57.510022 7.649946 5.502062
v -57.510022 7.649032 5.530205
v -57.510022 7.646899 5.558272
v -57.510022 7.643546 5.586237
v -57.510022 7.638999 5.614050
v -57.510022 7.633233 5.641609
v -57.510022 7.626299 5.668888
v -57.510022 7.618171 5.695863
v -57.510022 7.608900 5.722457
v -57.510022 7.598460 5.748619
v -57.510022 7.586929 5.774299
v -57.510022 7.574280 5.799470
v -57.510022 7.560539 5.824057
v -57.510022 7.545756 5.848034
v -57.510022 7.529957 5.871352
v -57.510022 7.513168 5.893958
v -57.510022 7.495388 5.915802
v -57.510022 7.476693 5.936884
v -57.510022 7.457110 5.957102
v -57.510022 7.436663 5.976482
v -57.510022 7.415403 5.994948
v -57.510022 7.393355 6.012474
v -57.510022 7.370572 6.029010
v -57.510022 7.347077 6.044580
v -57.510022 7.322947 6.059083
v -57.510022 7.298208 6.072545
v -57.510022 7.272909 6.084941
v -57.510022 7.247103 6.096193
v -57.510022 7.220839 6.106353
v -57.510022 7.194144 6.115344
v -57.510022 7.167093 6.123167
v -57.510022 7.139712 6.129822
v -57.510022 7.112076 6.135258
v -57.510022 7.084238 6.139525
v -57.510022 7.056247 6.142573
v -57.510022 7.028155 6.144402
v -57.510022 -6.999986 6.145012
v -57.510022 -7.028155 6.144402
v -57.510022 -7.056247 6.142573
v -57.510022 -7.084238 6.139525
v -57.510022 -7.112076 6.135258
v -57.510022 -7.139712 6.129822
v -57.510022 -7.167093 6.123167
v -57.510022 -7.194144 6.115344
v -57.510022 -7.220839 6.106353
v -57.510022 -7.247103 6.096193
v -57.510022 -7.272909 6.084941
v -57.510022 -7.298208 6.072545
v -57.510022 -7.322947 6.059083
v -57.510022 -7.347077 6.044580
v -57.510022 -7.370572 6.029010
v -57.510022 -7.393355 6.012474
v -57.510022 -7.415403 5.994948
v -57.510022 -7.436663 5.976482
v -57.510022 -7.457110 5.957102
v -57.510022 -7.476693 5.936884
v -57.510022 -7.495388 5.915802
v -57.510022 -7.513168 5.893958
v -57.510022 -7.529957 5.871352
v -57.510022 -7.545756 5.848034
v -57.510022 -7.560539 5.824057
v -57.510022 -7.574280 5.799470
v -57.510022 -7.586929 5.774299
v -57.510022 -7.598460 5.748619
v -57.510022 -7.608900 5.722457
v -57.510022 -7.618171 5.695863
v -57.510022 -7.626299 5.668888
v -57.510022 -7.633233 5.641609
v -57.510022 -7.638999 5.614050
v -57.510022 -7.643546 5.586237
v -57.510022 -7.646899 5.558272
v -57.510022 -7.649032 5.530205
v -57.510022 -7.649946 5.502062
v -57.510022 -7.649642 5.473893
v -57.510022 -7.648118 5.445775
v -57.510022 -7.645374 5.417733
v -57.510022 -7.641412 5.389844
v -57.510022 -7.636256 5.362158
v -57.510022 -7.629906 5.334726
v -57.510022 -7.622388 5.307599
v -57.510022 -7.613676 5.280802
v -57.510022 -7.603820 5.254411
v -57.510022 -7.592822 5.228478
v -57.510022 -7.580731 5.203053
v -57.510022 -7.567549 5.178160
v -57.510022 -7.553274 5.153878
v -57.510022 -7.537983 5.130231
v -57.510022 -7.521676 5.107269
v -57.510022 -7.504404 5.085044
v -57.510022 -7.486167 5.063581
v -57.510022 -7.467016 5.042905
v -57.510022 -7.447000 5.023119
v -57.510022 -7.426122 5.004196
v -57.510022 -7.404481 4.986187
v -57.510022 -7.382053 4.969144
v -57.510022 -7.358914 4.953091
v -57.510022 -7.335089 4.938054
v -57.510022 -7.310653 4.924059
v -57.510022 -7.285634 4.911131
v -57.510022 -7.260082 4.899319
v -57.510022 -7.234021 4.888601
v -57.510022 -7.207529 4.879025
v -57.510022 -7.180657 4.870617
v -57.510022 -7.153427 4.863378
v -57.510022 -7.125944 4.857333
v -57.510022 -7.098182 4.852456
v -57.510022 -7.070268 4.848824
v -57.510022 -7.042201 4.846385
v -57.510022 -6.999986 4.845014
v -57.510022 -7.014058 4.845167
v -57.510022 -6.985915 4.845167
v -57.510022 -6.957771 4.846385
v -57.510022 -6.929704 4.848824
v -57.510022 -6.901789 4.852456
v -57.510022 -6.874053 4.857333
v -57.510022 -6.846545 4.863378
v -57.510022 -6.819316 4.870617
v -57.510022 -6.792443 4.879025
v -57.510022 -6.765950 4.888601
v -57.510022 -6.739915 4.899319
v -57.510022 -6.714338 4.911131
v -57.510022 -6.689319 4.924059
v -57.510022 -6.664884 4.938054
v -57.510022 -6.641058 4.953091
v -57.510022 -6.617919 4.969144
v -57.510022 -6.595516 4.986187
v -57.510022 -6.573850 5.004196
v -57.510022 -6.552971 5.023119
v -57.510022 -6.532957 5.042905
v -57.510022 -6.513805 5.063581
v -57.510022 -6.495593 5.085044
v -57.510022 -6.478295 5.107269
v -57.510022 -6.461988 5.130231
v -57.510022 -6.446698 5.153878
v -57.510022 -6.432423 5.178160
v -57.510022 -6.419240 5.203053
v -57.510022 -6.407150 5.228478
v -57.510022 -6.396151 5.254411
v -57.510022 -6.386296 5.280802
v -57.510022 -6.377584 5.307599
v -57.510022 -6.370066 5.334726
v -57.510022 -6.363716 5.362158
v -57.510022 -6.358560 5.389844
v -57.510022 -6.354597 5.417733
v -57.510022 -6.351854 5.445775
v -57.510022 -6.350330 5.473893
v -57.510022 -6.350026 5.502062
v -57.510022 -6.350940 5.530205
v -57.510022 -6.353073 5.558272
v -57.510022 -6.356426 5.586237
v -57.510022 -6.360973 5.614050
v -57.510022 -6.366738 5.641609
v -57.510022 -6.373673 5.668888
v -57.510022 -6.381801 5.695863
v -57.510022 -6.391072 5.722457
v -57.510022 -6.401511 5.748619
v -57.510022 -6.413043 5.774299
v -57.510022 -6.425692 5.799470
v -57.510022 -6.439433 5.824057
v -57.510022 -6.454216 5.848034
v -57.510022 -6.470015 5.871352
v -57.510022 -6.486830 5.893958
v -57.510022 -6.504584 5.915802
v -57.510022 -6.523279 5.936884
v -57.510022 -6.542862 5.957102
v -57.510022 -6.563309 5.976482
v -57.510022 -6.584569 5.994948
v -57.510022 -6.606616 6.012474
v -57.510022 -6.629400 6.029010
v -57.510022 -6.652895 6.044580
v -57.510022 -6.677025 6.059083
v -57.510022 -6.701764 6.072545
v -57.510022 -6.727063 6.084941
v -57.510022 -6.752870 6.096193
v -57.510022 -6.779133 6.106353
v -57.510022 -6.805829 6.115344
v -57.510022 -6.832879 6.123167
v -57.510022 -6.860261 6.129822
v -57.510022 -6.887896 6.135258
v -57.510022 -6.915734 6.139525
v -57.510022 -6.943725 6.142573
v -57.510022 -6.971843 6.144402
v -57.510022 -3.799993 6.145012
v -57.510022 -3.828135 6.144402
v -57.510022 -3.856253 6.142573
v -57.510022 -3.884244 6.139525
v -57.510022 -3.912083 6.135258
v -57.510022 -3.939718 6.129822
v -57.510022 -3.967074 6.123167
v -57.510022 -3.994150 6.115344
v -57.510022 -4.020820 6.106353
v -57.510022 -4.047109 6.096193
v -57.510022 -4.072915 6.084941
v -57.510022 -4.098214 6.072545
v -57.510022 -4.122953 6.059083
v -57.510022 -4.147083 6.044580
v -57.510022 -4.170578 6.029010
v -57.510022 -4.193362 6.012474
v -57.510022 -4.215409 5.994948
v -57.510022 -4.236669 5.976482
v -57.510022 -4.257116 5.957102
v -57.510022 -4.276700 5.936884
v -57.510022 -4.295394 5.915802
v -57.510022 -4.313149 5.893958
v -57.510022 -4.329963 5.871352
v -57.510022 -4.345762 5.848034
v -57.510022 -4.360545 5.824057
v -57.510022 -4.374261 5.799470
v -57.510022 -4.386910 5.774299
v -57.510022 -4.398467 5.748619
v -57.510022 -4.408881 5.722457
v -57.510022 -4.418178 5.695863
v -57.510022 -4.426306 5.668888
v -57.510022 -4.433240 5.641609
v -57.510022 -4.439006 5.614050
v -57.510022 -4.443552 5.586237
v -57.510022 -4.446905 5.558272
v -57.510022 -4.449039 5.530205
v -57.510022 -4.449953 5.502062
v -57.510022 -4.449648 5.473893
v -57.510022 -4.448124 5.445775
v -57.510022 -4.445381 5.417733
v -57.510022 -4.441419 5.389844
v -57.510022 -4.436262 5.362158
v -57.510022 -4.429913 5.334726
v -57.510022 -4.422369 5.307599
v -57.510022 -4.413682 5.280802
v -57.510022 -4.403827 5.254411
v -57.510022 -4.392829 5.228478
v -57.510022 -4.380738 5.203053
v -57.510022 -4.367530 5.178160
v -57.510022 -4.353281 5.153878
v -57.510022 -4.337990 5.130231
v -57.510022 -4.321683 5.107269
v -57.510022 -4.304386 5.085044
v -57.510022 -4.286148 5.063581
v -57.510022 -4.267022 5.042905
v -57.510022 -4.246981 5.023119
v -57.510022 -4.226128 5.004196
v -57.510022 -4.204462 4.986187
v -57.510022 -4.182059 4.969144
v -57.510022 -4.158920 4.953091
v -57.510022 -4.135095 4.938054
v -57.510022 -4.110660 4.924059
v -57.510022 -4.085641 4.911131
v -57.510022 -4.060063 4.899319
v -57.510022 -4.034028 4.888601
v -57.510022 -4.007536 4.879025
v -57.510022 -3.980663 4.870617
v -57.510022 -3.953434 4.863378
v -57.510022 -3.925925 4.857333
v -57.510022 -3.898189 4.852456
v -57.510022 -3.870274 4.848824
v -57.510022 -3.842207 4.846385
v -57.510022 -3.799993 4.845014
v -57.510022 -3.814064 4.845167
v -57.510022 -3.785895 4.845167
v -57.510022 -3.757778 4.846385
v -57.510022 -3.729710 4.848824
v -57.510022 -3.701796 4.852456
v -57.510022 -3.674034 4.857333
v -57.510022 -3.646526 4.863378
v -57.510022 -3.619322 4.870617
v -57.510022 -3.592449 4.879025
v -57.510022 -3.565957 4.888601
v -57.510022 -3.539896 4.899319
v -57.510022 -3.514344 4.911131
v -57.510022 -3.489325 4.924059
v -57.510022 -3.464890 4.938054
v -57.510022 -3.441065 4.953091
v -57.510022 -3.417926 4.969144
v -57.510022 -3.395497 4.986187
v -57.510022 -3.373856 5.004196
v -57.510022 -3.352978 5.023119
v -57.510022 -3.332963 5.042905
v -57.510022 -3.313811 5.063581
v -57.510022 -3.295574 5.085044
v -57.510022 -3.278302 5.107269
v -57.510022 -3.261995 5.130231
v -57.510022 -3.246704 5.153878
v -57.510022 -3.232429 5.178160
v -57.510022 -3.219247 5.203053
v -57.510022 -3.207131 5.228478
v -57.510022 -3.196158 5.254411
v -57.510022 -3.186303 5.280802
v -57.510022 -3.177591 5.307599
v -57.510022 -3.170047 5.334726
v -57.510022 -3.163697 5.362158
v -57.510022 -3.158541 5.389844
v -57.510022 -3.154604 5.417733
v -57.510022 -3.151861 5.445775
v -57.510022 -3.150337 5.473893
v -57.510022 -3.150032 5.502062
v -57.510022 -3.150946 5.530205
v -57.510022 -3.153080 5.558272
v -57.510022 -3.156433 5.586237
v -57.510022 -3.160979 5.614050
v -57.510022 -3.166745 5.641609
v -57.510022 -3.173679 5.668888
v -57.510022 -3.181807 5.695863
v -57.510022 -3.191078 5.722457
v -57.510022 -3.201518 5.748619
v -57.510022 -3.213049 5.774299
v -57.510022 -3.225698 5.799470
v -57.510022 -3.239440 5.824057
v -57.510022 -3.254223 5.848034
v -57.510022 -3.270021 5.871352
v -57.510022 -3.286811 5.893958
v -57.510022 -3.304591 5.915802
v -57.510022 -3.323285 5.936884
v -57.510022 -3.342868 5.957102
v -57.510022 -3.363316 5.976482
v -57.510022 -3.384575 5.994948
v -57.510022 -3.406623 6.012474
v -57.510022 -3.429406 6.029010
v -57.510022 -3.452901 6.044580
v -57.510022 -3.477032 6.059083
v -57.510022 -3.501771 6.072545
v -57.510022 -3.527069 6.084941
v -57.510022 -3.552876 6.096193
v -57.510022 -3.579139 6.106353
v -57.510022 -3.605835 6.115344
v -57.510022 -3.632886 6.123167
v -57.510022 -3.660267 6.129822
v -57.510022 -3.687877 6.135258
v -57.510022 -3.715715 6.139525
v -57.510022 -3.743732 6.142573
v -57.510022 -3.771824 6.144402
v -57.510022 3.799993 6.145012
v -57.510022 3.771824 6.144402
v -57.510022 3.743732 6.142573
v -57.510022 3.715715 6.139525
v -57.510022 3.687877 6.135258
v -57.510022 3.660267 6.129822
v -57.510022 3.632886 6.123167
v -57.510022 3.605835 6.115344
v -57.510022 3.579139 6.106353
v -57.510022 3.552876 6.096193
v -57.510022 3.527069 6.084941
v -57.510022 3.501771 6.072545
v -57.510022 3.477032 6.059083
v -57.510022 3.452901 6.044580
v -57.510022 3.429406 6.029010
v -57.510022 3.406623 6.012474
v -57.510022 3.384575 5.994948
v -57.510022 3.363316 5.976482
v -57.510022 3.342868 5.957102
v -57.510022 3.323285 5.936884
v -57.510022 3.304591 5.915802
v -57.510022 3.286811 5.893958
v -57.510022 3.270021 5.871352
v -57.510022 3.254223 5.848034
v -57.510022 3.239440 5.824057
v -57.510022 3.225698 5.799470
v -57.510022 3.213049 5.774299
v -57.510022 3.201518 5.748619
v -57.510022 3.191078 5.722457
v -57.510022 3.181807 5.695863
v -57.510022 3.173679 5.668888
v -57.510022 3.166745 5.641609
v -57.510022 3.160979 5.614050
v -57.510022 3.156433 5.586237
v -57.510022 3.153080 5.558272
v -57.510022 3.150946 5.530205
v -57.510022 3.150032 5.502062
v -57.510022 3.150337 5.473893
v -57.510022 3.151861 5.445775
v -57.510022 3.154604 5.417733
v -57.510022 3.158541 5.389844
v -57.510022 3.163697 5.362158
v -57.510022 3.170047 5.334726
v -57.510022 3.177591 5.307599
v -57.510022 3.186303 5.280802
v -57.510022 3.196158 5.254411
v -57.510022 3.207131 5.228478
v -57.510022 3.219247 5.203053
v -57.510022 3.232429 5.178160
v -57.510022 3.246704 5.153878
v -57.510022 3.261995 5.130231
v -57.510022 3.278302 5.107269
v -57.510022 3.295574 5.085044
v -57.510022 3.313811 5.063581
v -57.510022 3.332963 5.042905
v -57.510022 3.352978 5.023119
v -57.510022 3.373856 5.004196
v -57.510022 3.395497 4.986187
v -57.510022 3.417926 4.969144
v -57.510022 3.441065 4.953091
v -57.510022 3.464890 4.938054
v -57.510022 3.489325 4.924059
v -57.510022 3.514344 4.911131
v -57.510022 3.539896 4.899319
v -57.510022 3.565957 4.888601
v -57.510022 3.592449 4.879025
v -57.510022 3.619322 4.870617
v -57.510022 3.646526 4.863378
v -57.510022 3.674034 4.857333
v -57.510022 3.701796 4.852456
v -57.510022 3.729710 4.848824
v -57.510022 3.757778 4.846385
v -57.510022 3.799993 4.845014
v -57.510022 3.785895 4.845167
v -57.510022 3.814064 4.845167
v -57.510022 3.842207 4.846385
v -57.510022 3.870274 4.848824
v -57.510022 3.898189 4.852456
v -57.510022 3.925925 4.857333
v -57.510022 3.953434 4.863378
v -57.510022 3.980663 4.870617
v -57.510022 4.007536 4.879025
v -57.510022 4.034028 4.888601
v -57.510022 4.060063 4.899319
v -57.510022 4.085641 4.911131
v -57.510022 4.110660 4.924059
v -57.510022 4.135095 4.938054
v -57.510022 4.158920 4.953091
v -57.510022 4.182059 4.969144
v -57.510022 4.204462 4.986187
v -57.510022 4.226128 5.004196
v -57.510022 4.246981 5.023119
v -57.510022 4.267022 5.042905
v -57.510022 4.286148 5.063581
v -57.510022 4.304386 5.085044
v -57.510022 4.321683 5.107269
v -57.510022 4.337990 5.130231
v -57.510022 4.353281 5.153878
v -57.510022 4.367530 5.178160
v -57.510022 4.380738 5.203053
v -57.510022 4.392829 5.228478
v -57.510022 4.403827 5.254411
v -57.510022 4.413682 5.280802
v -57.510022 4.422369 5.307599
v -57.510022 4.429913 5.334726
v -57.510022 4.436262 5.362158
v -57.510022 4.441419 5.389844
v -57.510022 4.445381 5.417733
v -57.510022 4.448124 5.445775
v -57.510022 4.449648 5.473893
v -57.510022 4.449953 5.502062
v -57.510022 4.449039 5.530205
v -57.510022 4.446905 5.558272
v -57.510022 4.443552 5.586237
v -57.510022 4.439006 5.614050
v -57.510022 4.433240 5.641609
v -57.510022 4.426306 5.668888
v -57.510022 4.418178 5.695863
v -57.510022 4.408881 5.722457
v -57.510022 4.398467 5.748619
v -57.510022 4.386910 5.774299
v -57.510022 4.374261 5.799470
v -57.510022 4.360545 5.824057
v -57.510022 4.345762 5.848034
v -57.510022 4.329963 5.871352
v -57.510022 4.313149 5.893958
v -57.510022 4.295394 5.915802
v -57.510022 4.276700 5.936884
v -57.510022 4.257116 5.957102
v -57.510022 4.236669 5.976482
v -57.510022 4.215409 5.994948
v -57.510022 4.193362 6.012474
v -57.510022 4.170578 6.029010
v -57.510022 4.147083 6.044580
v -57.510022 4.122953 6.059083
v -57.510022 4.098214 6.072545
v -57.510022 4.072915 6.084941
v -57.510022 4.047109 6.096193
v -57.510022 4.020820 6.106353
v -57.510022 3.994150 6.115344
v -57.510022 3.967074 6.123167
v -57.510022 3.939718 6.129822
v -57.510022 3.912083 6.135258
v -57.510022 3.884244 6.139525
v -57.510022 3.856253 6.142573
v -57.510022 3.828135 6.144402
v -57.510022 -6.999986 29.004987
v -57.510022 -7.028155 29.004377
v -57.510022 -7.056247 29.002548
v -57.510022 -7.084238 28.999500
v -57.510022 -7.112076 28.995232
v -57.510022 -7.139712 28.989797
v -57.510022 -7.167093 28.983142
v -57.510022 -7.194144 28.975319
v -57.510022 -7.220839 28.966328
v -57.510022 -7.247103 28.956168
v -57.510022 -7.272909 28.944914
v -57.510022 -7.298208 28.932520
v -57.510022 -7.322947 28.919058
v -57.510022 -7.347077 28.904554
v -57.510022 -7.370572 28.889010
v -57.510022 -7.393355 28.872449
v -57.510022 -7.415403 28.854923
v -57.510022 -7.436663 28.836457
v -57.510022 -7.457110 28.817077
v -57.510022 -7.476693 28.796858
v -57.510022 -7.495388 28.775777
v -57.510022 -7.513168 28.753932
v -57.510022 -7.529957 28.731327
v -57.510022 -7.545756 28.708010
v -57.510022 -7.560539 28.684031
v -57.510022 -7.574280 28.659445
v -57.510022 -7.586929 28.634273
v -57.510022 -7.598460 28.608594
v -57.510022 -7.608900 28.582432
v -57.510022 -7.618171 28.555838
v -57.510022 -7.626299 28.528889
v -57.510022 -7.633233 28.501584
v -57.510022 -7.638999 28.474024
v -57.510022 -7.643546 28.446211
v -57.510022 -7.646899 28.418246
v -57.510022 -7.649032 28.390179
v -57.510022 -7.649946 28.362036
v -57.510022 -7.649642 28.333867
v -57.510022 -7.648118 28.305749
v -57.510022 -7.645374 28.277708
v -57.510022 -7.641412 28.249818
v -57.510022 -7.636256 28.222133
v -57.510022 -7.629906 28.194701
v -57.510022 -7.622388 28.167573
v -57.510022 -7.613676 28.140776
v -57.510022 -7.603820 28.114386
v -57.510022 -7.592822 28.088453
v -57.510022 -7.580731 28.063027
v -57.510022 -7.567549 28.038135
v -57.510022 -7.553274 28.013853
v -57.510022 -7.537983 27.990205
v -57.510022 -7.521676 27.967244
v -57.510022 -7.504404 27.945019
v -57.510022 -7.486167 27.923556
v -57.510022 -7.467016 27.902880
v -57.510022 -7.447000 27.883093
v -57.510022 -7.426122 27.864170
v -57.510022 -7.404481 27.846162
v -57.510022 -7.382053 27.829118
v -57.510022 -7.358914 27.813066
v -57.510022 -7.335089 27.798029
v -57.510022 -7.310653 27.784033
v -57.510022 -7.285634 27.771105
v -57.510022 -7.260082 27.759294
v -57.510022 -7.234021 27.748575
v -57.510022 -7.207529 27.738999
v -57.510022 -7.180657 27.730592
v -57.510022 -7.153427 27.723353
v -57.510022 -7.125944 27.717308
v -57.510022 -7.098182 27.712457
v -57.510022 -7.070268 27.708799
v -57.510022 -7.042201 27.706361
v -57.510022 -7.014058 27.705141
v -57.510022 -6.985915 27.705141
v -57.510022 -6.957771 27.706361
v -57.510022 -6.929704 27.708799
v -57.510022 -6.901789 27.712457
v -57.510022 -6.874053 27.717308
v -57.510022 -6.846545 27.723353
v -57.510022 -6.819316 27.730592
v -57.510022 -6.792443 27.738999
v -57.510022 -6.765950 27.748575
v -57.510022 -6.739915 27.759294
v -57.510022 -6.714338 27.771105
v -57.510022 -6.689319 27.784033
v -57.510022 -6.664884 27.798029
v -57.510022 -6.641058 27.813066
v -57.510022 -6.617919 27.829118
v -57.510022 -6.595516 27.846162
v -57.510022 -6.573850 27.864170
v -57.510022 -6.552971 27.883093
v -57.510022 -6.532957 27.902880
v -57.510022 -6.513805 27.923556
v -57.510022 -6.495593 27.945019
v -57.510022 -6.478295 27.967244
v -57.510022 -6.461988 27.990205
v -57.510022 -6.446698 28.013853
v -57.510022 -6.432423 28.038135
v -57.510022 -6.419240 28.063027
v -57.510022 -6.407150 28.088453
v -57.510022 -6.396151 28.114386
v -57.510022 -6.386296 28.140776
v -57.510022 -6.377584 28.167573
v -57.510022 -6.370066 28.194701
v -57.510022 -6.363716 28.222133
v -57.510022 -6.358560 28.249818
v -57.510022 -6.354597 28.277708
v -57.510022 -6.351854 28.305749
v -57.510022 -6.350330 28.333867
v -57.510022 -6.350026 28.362036
v -57.510022 -6.350940 28.390179
v -57.510022 -6.353073 28.418246
v -57.510022 -6.356426 28.446211
v -57.510022 -6.360973 28.474024
v -57.510022 -6.366738 28.501584
v -57.510022 -6.373673 28.528889
v -57.510022 -6.381801 28.555838
v -57.510022 -6.391072 28.582432
v -57.510022 -6.401511 28.608594
v -57.510022 -6.413043 28.634273
v -57.510022 -6.425692 28.659445
v -57.510022 -6.439433 28.684031
v -57.510022 -6.454216 28.708010
v -57.510022 -6.470015 28.731327
v -57.510022 -6.486830 28.753932
v -57.510022 -6.504584 28.775777
v -57.510022 -6.523279 28.796858
v -57.510022 -6.542862 28.817077
v -57.510022 -6.563309 28.836457
v -57.510022 -6.584569 28.854923
v -57.510022 -6.606616 28.872449
v -57.510022 -6.629400 28.889010
v -57.510022 -6.652895 28.904554
v -57.510022 -6.677025 28.919058
v -57.510022 -6.701764 28.932520
v -57.510022 -6.727063 28.944914
v -57.510022 -6.752870 28.956168
v -57.510022 -6.779133 28.966328
v -57.510022 -6.805829 28.975319
v -57.510022 -6.832879 28.983142
v -57.510022 -6.860261 28.989797
v -57.510022 -6.887896 28.995232
v -57.510022 -6.915734 28.999500
v -57.510022 -6.943725 29.002548
v -57.510022 -6.971843 29.004377
v -57.510022 -8.269986 29.624975
v -57.500014 -8.269986 29.624975
v -57.500014 -8.269986 27.084975
v -57.510022 -8.269986 27.084975
v -57.510022 -5.729986 27.084975
v -57.510022 -5.729986 29.624975
v -57.500014 -5.729986 27.084975
v -57.500014 -5.729986 29.624975
v -57.510022 6.999986 29.004987
v -57.510022 6.971843 29.004377
v -57.510022 6.943725 29.002548
v -57.510022 6.915734 28.999500
v -57.510022 6.887896 28.995232
v -57.510022 6.860261 28.989797
v -57.510022 6.832879 28.983142
v -57.510022 6.805829 28.975319
v -57.510022 6.779133 28.966328
v -57.510022 6.752870 28.956168
v -57.510022 6.727063 28.944914
v -57.510022 6.701764 28.932520
v -57.510022 6.677025 28.919058
v -57.510022 6.652895 28.904554
v -57.510022 6.629400 28.889010
v -57.510022 6.606616 28.872449
v -57.510022 6.584569 28.854923
v -57.510022 6.563309 28.836457
v -57.510022 6.542862 28.817077
v -57.510022 6.523279 28.796858
v -57.510022 6.504584 28.775777
v -57.510022 6.486830 28.753932
v -57.510022 6.470015 28.731327
v -57.510022 6.454216 28.708010
v -57.510022 6.439433 28.684031
v -57.510022 6.425692 28.659445
v -57.510022 6.413043 28.634273
v -57.510022 6.401511 28.608594
v -57.510022 6.391072 28.582432
v -57.510022 6.381801 28.555838
v -57.510022 6.373673 28.528889
v -57.510022 6.366738 28.501584
v -57.510022 6.360973 28.474024
v -57.510022 6.356426 28.446211
v -57.510022 6.353073 28.418246
v -57.510022 6.350940 28.390179
v -57.510022 6.350026 28.362036
v -57.510022 6.350330 28.333867
v -57.510022 6.351854 28.305749
v -57.510022 6.354597 28.277708
v -57.510022 6.358560 28.249818
v -57.510022 6.363716 28.222133
v -57.510022 6.370066 28.194701
v -57.510022 6.377584 28.167573
v -57.510022 6.386296 28.140776
v -57.510022 6.396151 28.114386
v -57.510022 6.407150 28.088453
v -57.510022 6.419240 28.063027
v -57.510022 6.432423 28.038135
v -57.510022 6.446698 28.013853
v -57.510022 6.461988 27.990205
v -57.510022 6.478295 27.967244
v -57.510022 6.495593 27.945019
v -57.510022 6.513805 27.923556
v -57.510022 6.532957 27.902880
v -57.510022 6.552971 27.883093
v -57.510022 6.573850 27.864170
v -57.510022 6.595516 27.846162
v -57.510022 6.617919 27.829118
v -57.510022 6.641058 27.813066
v -57.510022 6.664884 27.798029
v -57.510022 6.689319 27.784033
v -57.510022 6.714338 27.771105
v -57.510022 6.739915 27.759294
v -57.510022 6.765950 27.748575
v -57.510022 6.792443 27.738999
v -57.510022 6.819316 27.730592
v -57.510022 6.846545 27.723353
v -57.510022 6.874053 27.717308
v -57.510022 6.901789 27.712457
v -57.510022 6.929704 27.708799
v -57.510022 6.957771 27.706361
v -57.510022 6.985915 27.705141
v -57.510022 7.014058 27.705141
v -57.510022 7.042201 27.706361
v -57.510022 7.070268 27.708799
v -57.510022 7.098182 27.712457
v -57.510022 7.125944 27.717308
v -57.510022 7.153427 27.723353
v -57.510022 7.180657 27.730592
v -57.510022 7.207529 27.738999
v -57.510022 7.234021 27.748575
v -57.510022 7.260082 27.759294
v -57.510022 7.285634 27.771105
v -57.510022 7.310653 27.784033
v -57.510022 7.335089 27.798029
v -57.510022 7.358914 27.813066
v -57.510022 7.382053 27.829118
v -57.510022 7.404481 27.846162
v -57.510022 7.426122 27.864170
v -57.510022 7.447000 27.883093
v -57.510022 7.467016 27.902880
v -57.510022 7.486167 27.923556
v -57.510022 7.504404 27.945019
v -57.510022 7.521676 27.967244
v -57.510022 7.537983 27.990205
v -57.510022 7.553274 28.013853
v -57.510022 7.567549 28.038135
v -57.510022 7.580731 28.063027
v -57.510022 7.592822 28.088453
v -57.510022 7.603820 28.114386
v -57.510022 7.613676 28.140776
v -57.510022 7.622388 28.167573
v -57.510022 7.629906 28.194701
v -57.510022 7.636256 28.222133
v -57.510022 7.641412 28.249818
v -57.510022 7.645374 28.277708
v -57.510022 7.648118 28.305749
v -57.510022 7.649642 28.333867
v -57.510022 7.649946 28.362036
v -57.510022 7.649032 28.390179
v -57.510022 7.646899 28.418246
v -57.510022 7.643546 28.446211
v -57.510022 7.638999 28.474024
v -57.510022 7.633233 28.501584
v -57.510022 7.626299 28.528889
v -57.510022 7.618171 28.555838
v -57.510022 7.608900 28.582432
v -57.510022 7.598460 28.608594
v -57.510022 7.586929 28.634273
v -57.510022 7.574280 28.659445
v -57.510022 7.560539 28.684031
v -57.510022 7.545756 28.708010
v -57.510022 7.529957 28.731327
v -57.510022 7.513168 28.753932
v -57.510022 7.495388 28.775777
v -57.510022 7.476693 28.796858
v -57.510022 7.457110 28.817077
v -57.510022 7.436663 28.836457
v -57.510022 7.415403 28.854923
v -57.510022 7.393355 28.872449
v -57.510022 7.370572 28.889010
v -57.510022 7.347077 28.904554
v -57.510022 7.322947 28.919058
v -57.510022 7.298208 28.932520
v -57.510022 7.272909 28.944914
v -57.510022 7.247103 28.956168
v -57.510022 7.220839 28.966328
v -57.510022 7.194144 28.975319
v -57.510022 7.167093 28.983142
v -57.510022 7.139712 28.989797
v -57.510022 7.112076 28.995232
v -57.510022 7.084238 28.999500
v -57.510022 7.056247 29.002548
v -57.510022 7.028155 29.004377
v -57.510022 8.269986 29.624975
v -57.500014 8.269986 29.624975
v -57.510022 8.269986 27.084975
v -57.500014 8.269986 27.084975
v -57.510022 5.729986 27.084975
v -57.510022 5.729986 29.624975
v -57.500014 5.729986 27.084975
v -57.500014 5.729986 29.624975
v -58.551168 3.255163 29.624975
v -58.550000 3.199994 29.624975
v -58.550000 -3.199994 29.624975
v -58.551168 -3.255163 29.624975
v -58.554673 3.310230 29.624975
v -58.591935 -3.527552 29.624975
v -58.591935 3.527552 29.624975
v -58.579159 -3.473882 29.624975
v -58.554673 -3.310230 29.624975
v -58.560515 -3.365119 29.624975
v -58.568694 -3.419678 29.624975
v -58.568694 3.419678 29.624975
v -58.560515 3.365119 29.624975
v -58.579159 3.473882 29.624975
v -58.579159 -3.473882 31.024972
v -58.591935 -3.527552 31.024972
v -58.568694 -3.419678 31.024972
v -58.560515 -3.365119 31.024972
v -58.554673 -3.310230 31.024972
v -58.551168 -3.255163 31.024972
v -58.550000 -3.199994 31.024972
v -59.849997 -4.499991 31.024972
v -59.794803 -4.498823 31.024972
v -59.739736 -4.495292 31.024972
v -59.684872 -4.489450 31.024972
v -59.630287 -4.481297 31.024972
v -59.576109 -4.470806 31.024972
v -59.522413 -4.458030 31.024972
v -59.469327 -4.442994 31.024972
v -59.416902 -4.425722 31.024972
v -59.365263 -4.406240 31.024972
v -59.314514 -4.384573 31.024972
v -59.264730 -4.360799 31.024972
v -59.215988 -4.334916 31.024972
v -59.168388 -4.306977 31.024972
v -59.122033 -4.277055 31.024972
v -59.076973 -4.245178 31.024972
v -59.033311 -4.211422 31.024972
v -58.991122 -4.175862 31.024972
v -58.950456 -4.138524 31.024972
v -58.911442 -4.099509 31.024972
v -58.874104 -4.058869 31.024972
v -58.838544 -4.016680 31.024972
v -58.804787 -3.973017 31.024972
v -58.772935 -3.927958 31.024972
v -58.742989 -3.881577 31.024972
v -58.715074 -3.834003 31.024972
v -58.689192 -3.785261 31.024972
v -58.665392 -3.735451 31.024972
v -58.643726 -3.684702 31.024972
v -58.624244 -3.633064 31.024972
v -58.606972 -3.580664 31.024972
v -58.624244 3.633064 31.024972
v -58.606972 3.580664 31.024972
v -58.643726 3.684702 31.024972
v -58.665392 3.735451 31.024972
v -58.689192 3.785261 31.024972
v -58.715074 3.834003 31.024972
v -58.742989 3.881577 31.024972
v -58.772935 3.927958 31.024972
v -58.804787 3.973017 31.024972
v -58.838544 4.016680 31.024972
v -58.874104 4.058869 31.024972
v -58.911442 4.099509 31.024972
v -58.950456 4.138524 31.024972
v -58.991122 4.175862 31.024972
v -59.033311 4.211422 31.024972
v -59.076973 4.245178 31.024972
v -59.122033 4.277055 31.024972
v -59.168388 4.306977 31.024972
v -59.215988 4.334916 31.024972
v -59.264730 4.360799 31.024972
v -59.314514 4.384573 31.024972
v -59.365263 4.406240 31.024972
v -59.416902 4.425722 31.024972
v -59.469327 4.442994 31.024972
v -59.522413 4.458030 31.024972
v -59.576109 4.470806 31.024972
v -59.630287 4.481297 31.024972
v -59.684872 4.489450 31.024972
v -59.739736 4.495292 31.024972
v -59.794803 4.498823 31.024972
v -59.849997 4.499991 31.024972
v -58.551168 3.255163 31.024972
v -58.550000 3.199994 31.024972
v -58.554673 3.310230 31.024972
v -58.560515 3.365119 31.024972
v -58.568694 3.419678 31.024972
v -58.579159 3.473882 31.024972
v -58.591935 3.527552 31.024972
v -60.399983 4.499991 24.024986
v -60.399983 4.499991 31.024972
v -60.399983 -4.499991 31.024972
v -60.399983 -4.499991 24.024986
v -60.565109 -4.489450 24.024986
v -61.534906 -3.834003 24.024986
v -61.560789 -3.785261 24.024986
v -61.477045 -3.927958 24.024986
v -61.506966 -3.881577 24.024986
v -60.780653 -4.442994 24.024986
v -61.216670 -4.211422 24.024986
v -61.258859 -4.175862 24.024986
v -61.081592 -4.306977 24.024986
v -61.127947 -4.277055 24.024986
v -61.033993 -4.334916 24.024986
v -60.884691 -4.406240 24.024986
v -60.935466 -4.384573 24.024986
v -60.833079 -4.425722 24.024986
v -61.658045 -3.527552 24.024986
v -61.670822 -3.473882 24.024986
v -61.606255 -3.684702 24.024986
v -61.625737 -3.633064 24.024986
v -61.299499 -4.138524 24.024986
v -61.338539 -4.099509 24.024986
v -61.173007 -4.245178 24.024986
v -61.689465 -3.365119 24.024986
v -61.695307 -3.310230 24.024986
v -61.681286 -3.419678 24.024986
v -61.643009 -3.580664 24.024986
v -61.584588 -3.735451 24.024986
v -61.411437 -4.016680 24.024986
v -61.445193 -3.973017 24.024986
v -60.985250 -4.360799 24.024986
v -61.375851 -4.058869 24.024986
v -60.673872 -4.470806 24.024986
v -60.727567 -4.458030 24.024986
v -60.619693 -4.481297 24.024986
v -61.698812 -3.255163 24.024986
v -61.699981 -3.199994 24.024986
v -60.455152 -4.498823 24.024986
v -60.510245 -4.495292 24.024986
v -61.658045 3.527552 24.024986
v -61.643009 3.580664 24.024986
v -61.670822 3.473882 24.024986
v -61.445193 3.973017 24.024986
v -61.411437 4.016680 24.024986
v -61.625737 3.633064 24.024986
v -61.033993 4.334916 24.024986
v -60.985250 4.360799 24.024986
v -60.935466 4.384573 24.024986
v -61.375851 4.058869 24.024986
v -61.606255 3.684702 24.024986
v -61.695307 3.310230 24.024986
v -61.689465 3.365119 24.024986
v -61.081592 4.306977 24.024986
v -60.884691 4.406240 24.024986
v -60.833079 4.425722 24.024986
v -61.299499 4.138524 24.024986
v -61.258859 4.175862 24.024986
v -61.338539 4.099509 24.024986
v -61.506966 3.881577 24.024986
v -61.477045 3.927958 24.024986
v -61.584588 3.735451 24.024986
v -61.698812 3.255163 24.024986
v -61.127947 4.277055 24.024986
v -60.673872 4.470806 24.024986
v -60.619693 4.481297 24.024986
v -60.780653 4.442994 24.024986
v -60.727567 4.458030 24.024986
v -61.216670 4.211422 24.024986
v -61.681286 3.419678 24.024986
v -61.699981 3.199994 24.024986
v -60.565109 4.489450 24.024986
v -60.510245 4.495292 24.024986
v -61.173007 4.245178 24.024986
v -61.560789 3.785261 24.024986
v -61.534906 3.834003 24.024986
v -60.455152 4.498823 24.024986
v -60.455152 4.498823 31.024972
v -60.510245 4.495292 31.024972
v -60.565109 4.489450 31.024972
v -60.619693 4.481297 31.024972
v -60.673872 4.470806 31.024972
v -60.727567 4.458030 31.024972
v -60.780653 4.442994 31.024972
v -60.833079 4.425722 31.024972
v -60.884691 4.406240 31.024972
v -60.935466 4.384573 31.024972
v -60.985250 4.360799 31.024972
v -61.033993 4.334916 31.024972
v -61.081592 4.306977 31.024972
v -61.127947 4.277055 31.024972
v -61.173007 4.245178 31.024972
v -61.216670 4.211422 31.024972
v -61.258859 4.175862 31.024972
v -61.299499 4.138524 31.024972
v -61.338539 4.099509 31.024972
v -61.375851 4.058869 31.024972
v -61.411437 4.016680 31.024972
v -61.445193 3.973017 31.024972
v -61.477045 3.927958 31.024972
v -61.506966 3.881577 31.024972
v -61.534906 3.834003 31.024972
v -61.560789 3.785261 31.024972
v -61.584588 3.735451 31.024972
v -61.606255 3.684702 31.024972
v -61.625737 3.633064 31.024972
v -61.643009 3.580664 31.024972
v -61.658045 3.527552 31.024972
v -61.670822 3.473882 31.024972
v -61.681286 3.419678 31.024972
v -61.689465 3.365119 31.024972
v -61.695307 3.310230 31.024972
v -61.698812 3.255163 31.024972
v -61.699981 3.199994 31.024972
v -61.699981 -3.199994 31.024972
v -61.698812 -3.255163 31.024972
v -61.695307 -3.310230 31.024972
v -61.689465 -3.365119 31.024972
v -61.681286 -3.419678 31.024972
v -61.670822 -3.473882 31.024972
v -61.658045 -3.527552 31.024972
v -61.643009 -3.580664 31.024972
v -61.625737 -3.633064 31.024972
v -61.606255 -3.684702 31.024972
v -61.584588 -3.735451 31.024972
v -61.560789 -3.785261 31.024972
v -61.534906 -3.834003 31.024972
v -61.506966 -3.881577 31.024972
v -61.477045 -3.927958 31.024972
v -61.445193 -3.973017 31.024972
v -61.411437 -4.016680 31.024972
v -61.375851 -4.058869 31.024972
v -61.338539 -4.099509 31.024972
v -61.299499 -4.138524 31.024972
v -61.258859 -4.175862 31.024972
v -61.216670 -4.211422 31.024972
v -61.173007 -4.245178 31.024972
v -61.127947 -4.277055 31.024972
v -61.081592 -4.306977 31.024972
v -61.033993 -4.334916 31.024972
v -60.985250 -4.360799 31.024972
v -60.935466 -4.384573 31.024972
v -60.884691 -4.406240 31.024972
v -60.833079 -4.425722 31.024972
v -60.780653 -4.442994 31.024972
v -60.727567 -4.458030 31.024972
v -60.673872 -4.470806 31.024972
v -60.619693 -4.481297 31.024972
v -60.565109 -4.489450 31.024972
v -60.510245 -4.495292 31.024972
v -60.455152 -4.498823 31.024972
v -58.589979 7.028612 10.081072
v -58.589979 7.041769 10.070937
v -58.589979 7.055688 10.061107
v -58.589979 7.070471 10.051531
v -58.589979 7.086219 10.042184
v -58.589979 7.103084 10.033091
v -58.589979 7.121220 10.024201
v -58.589979 7.162191 10.007158
v -58.589979 7.185507 9.998979
v -58.589979 7.207936 9.992095
v -58.589979 7.232345 9.985669
v -58.589979 7.258024 9.980005
v -58.589979 7.285634 9.975052
v -58.589979 7.315428 9.970912
v -58.589979 7.347763 9.967712
v -58.589979 7.383018 9.965629
v -58.589979 7.462850 9.965629
v -58.589979 7.497902 9.967686
v -58.589979 7.558913 9.974849
v -58.589979 7.585888 9.979675
v -58.589979 7.609484 9.984806
v -58.589979 7.635494 9.991562
v -58.589979 7.660386 9.999208
v -58.589979 7.685456 10.008072
v -58.589979 7.706081 10.016352
v -58.589979 7.725004 10.024811
v -58.589979 7.744282 10.034412
v -58.589979 7.761910 10.044166
v -58.589979 7.778039 10.054021
v -58.589979 7.792923 10.064028
v -58.589979 7.806665 10.074163
v -58.589979 7.819441 10.084425
v -58.589979 7.831683 10.095169
v -58.589979 7.844866 10.107589
v -58.589979 7.857998 10.120950
v -58.589979 7.868819 10.132811
v -58.589979 7.880808 10.147010
v -58.589979 7.891602 10.160980
v -58.589979 7.910119 10.188488
v -58.589979 7.918120 10.202154
v -58.589979 7.931988 10.229763
v -58.589979 7.937983 10.243809
v -58.589979 7.944434 10.260853
v -58.589979 7.950226 10.278277
v -58.589979 7.955381 10.296235
v -58.589979 7.963789 10.334183
v -58.589979 7.967015 10.354401
v -58.589979 7.969504 10.375559
v -58.589979 7.971257 10.397860
v -58.589979 7.972095 10.419730
v -58.589979 7.972120 10.444571
v -58.589979 7.971105 10.470098
v -58.589979 7.969072 10.494406
v -58.589979 7.966202 10.516987
v -58.589979 7.958303 10.557880
v -58.589979 7.953426 10.576575
v -58.589979 7.941971 10.611246
v -58.589979 7.935443 10.627451
v -58.589979 7.928407 10.642996
v -58.589979 7.920837 10.658007
v -58.589979 7.912786 10.672434
v -58.589979 7.904251 10.686354
v -58.589979 7.895183 10.699841
v -58.589979 7.885557 10.712973
v -58.589979 7.875321 10.725749
v -58.589979 7.864449 10.738246
v -58.589979 7.852867 10.750514
v -58.589979 7.840523 10.762579
v -58.589979 7.827086 10.774669
v -58.589979 7.813598 10.785795
v -58.589979 7.800035 10.796082
v -58.589979 7.785684 10.806039
v -58.589979 7.770470 10.815716
v -58.589979 7.754366 10.825089
v -58.589979 7.737221 10.834131
v -58.589979 7.718984 10.842843
v -58.589979 7.699528 10.851174
v -58.589979 7.678724 10.859124
v -58.589979 7.656424 10.866643
v -58.589979 7.634707 10.873069
v -58.589979 7.609179 10.879546
v -58.589979 7.581976 10.885312
v -58.589979 7.522058 10.894278
v -58.589979 7.488758 10.897250
v -58.589979 7.452792 10.899053
v -58.589979 7.413828 10.899460
v -58.589979 7.372553 10.898317
v -58.589979 7.337272 10.895954
v -58.589979 7.305955 10.892627
v -58.589979 7.277862 10.888512
v -58.589979 7.252361 10.883763
v -58.589979 7.229068 10.878479
v -58.589979 7.208114 10.872866
v -58.589979 7.186067 10.865983
v -58.589979 7.165035 10.858515
v -58.589979 7.141032 10.848914
v -58.589979 7.118883 10.838932
v -58.589979 7.098411 10.828645
v -58.589979 7.079463 10.818027
v -58.589979 7.061784 10.807131
v -58.589979 7.045274 10.795955
v -58.589979 7.029755 10.784474
v -58.589979 7.015099 10.772612
v -58.589979 7.004634 10.763417
v -58.589979 6.983908 10.742818
v -58.589979 6.973926 10.731591
v -58.589979 6.964376 10.719958
v -58.589979 6.946113 10.694660
v -58.589979 6.937350 10.680816
v -58.589979 6.928815 10.666110
v -58.589979 6.920484 10.650337
v -58.589979 6.912382 10.633395
v -58.589979 6.905726 10.617977
v -58.589979 6.900215 10.603677
v -58.589979 6.894982 10.588310
v -58.589979 6.890182 10.572130
v -58.589979 6.881978 10.536748
v -58.589979 6.878650 10.517266
v -58.589979 6.875932 10.496260
v -58.589979 6.873850 10.473502
v -58.589979 6.872605 10.449677
v -58.589979 6.872224 10.422499
v -58.589979 6.872808 10.402128
v -58.589979 6.874281 10.381020
v -58.589979 6.876542 10.360573
v -58.589979 6.883400 10.321533
v -58.589979 6.887896 10.302839
v -58.589979 6.893103 10.284627
v -58.589979 6.898970 10.266873
v -58.589979 6.905498 10.249550
v -58.589979 6.920560 10.215997
v -58.589979 6.929171 10.199639
v -58.589979 6.938137 10.184221
v -58.589979 6.947459 10.169641
v -58.589979 6.967220 10.142616
v -58.589979 6.977710 10.130017
v -58.589979 6.988658 10.117927
v -58.589979 7.012000 10.095194
v -58.589979 7.015429 10.092146
v -58.589979 7.000063 10.106345
v -58.589979 6.957137 10.155799
v -58.589979 6.912991 10.231999
v -58.589979 6.879615 10.340761
v -58.589979 6.885838 10.554985
v -58.589979 6.955130 10.707664
v -58.589979 6.994093 10.753334
v -58.589979 7.553021 10.890240
v -58.589979 7.947964 10.594330
v -58.589979 7.962595 10.538068
v -58.589979 7.959903 10.314853
v -58.589979 7.925385 10.215895
v -58.589979 7.901330 10.174798
v -58.589979 7.529728 9.970836
v -58.589979 7.421651 9.964842
v -58.589979 7.140855 10.015565
v -58.589979 7.422922 10.111501
v -58.589979 7.445756 10.111780
v -58.589979 7.384973 10.112212
v -58.589979 7.479157 10.113203
v -58.589979 7.509002 10.115616
v -58.589979 7.535850 10.118842
v -58.589979 7.560132 10.122728
v -58.589979 7.352309 10.114117
v -58.589979 7.323785 10.116886
v -58.589979 7.298614 10.120315
v -58.589979 7.218832 10.139060
v -58.589979 7.237476 10.133446
v -58.589979 7.200697 10.145258
v -58.589979 7.276160 10.124277
v -58.589979 7.255993 10.128671
v -58.589979 7.184339 10.151582
v -58.589979 7.582230 10.127147
v -58.589979 7.169480 10.157983
v -58.589979 7.155942 10.164460
v -58.589979 7.602398 10.132024
v -58.589979 7.620915 10.137282
v -58.589979 7.727874 10.188107
v -58.589979 7.737424 10.195092
v -58.589979 7.718526 10.181808
v -58.589979 7.638009 10.142870
v -58.589979 7.653833 10.148737
v -58.589979 7.707148 10.174722
v -58.589979 7.850835 10.459608
v -58.589979 7.849540 10.473273
v -58.589979 7.851622 10.445181
v -58.589979 7.747178 10.202814
v -58.589979 7.668539 10.154884
v -58.589979 7.757109 10.211323
v -58.589979 7.682256 10.161259
v -58.589979 7.847787 10.486227
v -58.589979 7.695083 10.167889
v -58.589979 7.845603 10.498597
v -58.589979 7.851851 10.429280
v -58.589979 7.766330 10.219883
v -58.589979 7.774890 10.228519
v -58.589979 7.091274 10.657677
v -58.589979 7.080732 10.648279
v -58.589979 7.843012 10.510459
v -58.589979 7.840015 10.521838
v -58.589979 7.103034 10.667380
v -58.589979 7.836662 10.532811
v -58.589979 7.782839 10.237231
v -58.589979 7.071360 10.639211
v -58.589979 7.832928 10.543453
v -58.589979 7.790282 10.246045
v -58.589979 7.797190 10.254985
v -58.589979 7.062952 10.630448
v -58.589979 7.828814 10.553791
v -58.589979 7.803642 10.264053
v -58.589979 7.055409 10.621939
v -58.589979 7.809687 10.273324
v -58.589979 7.048652 10.613659
v -58.589979 7.210908 10.722650
v -58.589979 7.194067 10.716834
v -58.589979 7.229703 10.728365
v -58.589979 7.824317 10.563850
v -58.589979 7.142226 10.171750
v -58.589979 6.993484 10.419298
v -58.589979 7.111314 10.673679
v -58.589979 7.178878 10.710890
v -58.589979 7.851419 10.413431
v -58.589979 7.815301 10.282798
v -58.589979 6.993306 10.434081
v -58.589979 6.993738 10.451201
v -58.589979 7.042556 10.605556
v -58.589979 7.165111 10.704896
v -58.589979 7.819415 10.573705
v -58.589979 7.820507 10.292501
v -58.589979 6.994246 10.404134
v -58.589979 7.120382 10.680029
v -58.589979 7.253224 10.734487
v -58.589979 7.814081 10.583382
v -58.589979 7.825359 10.302484
v -58.589979 6.995490 10.390012
v -58.589979 7.016141 10.557982
v -58.589979 7.011924 10.547035
v -58.589979 7.020077 10.567101
v -58.589979 7.037045 10.597632
v -58.589979 7.152539 10.698825
v -58.589979 7.276897 10.739668
v -58.589979 7.808315 10.592907
v -58.589979 6.997192 10.376778
v -58.589979 7.023583 10.574492
v -58.589979 7.032092 10.589808
v -58.589979 7.141032 10.692678
v -58.589979 7.303897 10.744520
v -58.589979 7.802067 10.602331
v -58.589979 7.829855 10.312771
v -58.589979 7.024014 10.291434
v -58.589979 7.029221 10.281783
v -58.589979 7.019214 10.301290
v -58.589979 6.999300 10.364358
v -58.589979 7.001789 10.352623
v -58.589979 7.027621 10.582112
v -58.589979 7.393915 10.753003
v -58.589979 7.362241 10.751276
v -58.589979 7.427468 10.753511
v -58.589979 7.495769 10.750590
v -58.589979 7.719644 10.681934
v -58.589979 7.717612 10.683255
v -58.589979 7.730566 10.674390
v -58.589979 7.740904 10.666542
v -58.589979 7.787945 10.620923
v -58.589979 7.795286 10.611652
v -58.589979 7.833969 10.323413
v -58.589979 7.034809 10.272334
v -58.589979 7.004609 10.341498
v -58.589979 7.130466 10.686481
v -58.589979 7.332295 10.748406
v -58.589979 7.464171 10.752622
v -58.589979 7.523988 10.747669
v -58.589979 7.705674 10.690697
v -58.589979 7.751217 10.658058
v -58.589979 7.779944 10.630169
v -58.589979 7.837704 10.334488
v -58.589979 7.040855 10.263088
v -58.589979 7.007733 10.330906
v -58.589979 7.549363 10.744037
v -58.589979 7.761707 10.648685
v -58.589979 7.771232 10.639415
v -58.589979 7.841081 10.346019
v -58.589979 7.844053 10.358084
v -58.589979 7.108571 10.193416
v -58.589979 7.047382 10.253944
v -58.589979 7.572324 10.739821
v -58.589979 7.692847 10.697911
v -58.589979 7.846619 10.370759
v -58.589979 7.099300 10.200604
v -58.589979 7.054418 10.244902
v -58.589979 7.011187 10.320772
v -58.589979 7.008089 10.535605
v -58.589979 7.593203 10.735147
v -58.589979 7.678979 10.704947
v -58.589979 7.848727 10.384145
v -58.589979 7.089419 10.208884
v -58.589979 7.062064 10.235935
v -58.589979 7.014946 10.311069
v -58.589979 7.004609 10.523642
v -58.589979 7.612253 10.730092
v -58.589979 7.850353 10.398318
v -58.589979 7.118909 10.186101
v -58.589979 7.079437 10.217952
v -58.589979 7.070369 10.226944
v -58.589979 6.994880 10.467888
v -58.589979 7.001510 10.511017
v -58.589979 7.629779 10.724708
v -58.589979 7.129806 10.179065
v -58.589979 6.998843 10.497606
v -58.589979 7.663967 10.711779
v -58.589979 6.996608 10.483281
v -58.589979 7.647610 10.718383
v -58.599987 7.384973 10.112212
v -58.599987 7.422922 10.111501
v -58.599987 7.352309 10.114117
v -58.599987 7.323785 10.116886
v -58.599987 7.298614 10.120315
v -58.599987 7.276160 10.124277
v -58.599987 7.255993 10.128671
v -58.599987 7.237476 10.133446
v -58.599987 7.218832 10.139060
v -58.599987 7.200697 10.145258
v -58.599987 7.184339 10.151582
v -58.599987 7.169480 10.157983
v -58.599987 7.155942 10.164460
v -58.599987 7.142226 10.171750
v -58.599987 7.129806 10.179065
v -58.599987 7.118909 10.186101
v -58.599987 7.108571 10.193416
v -58.599987 7.099300 10.200604
v -58.599987 7.089419 10.208884
v -58.599987 7.079437 10.217952
v -58.599987 7.070369 10.226944
v -58.599987 7.062064 10.235935
v -58.599987 7.054418 10.244902
v -58.599987 7.047382 10.253944
v -58.599987 7.040855 10.263088
v -58.599987 7.034809 10.272334
v -58.599987 7.029221 10.281783
v -58.599987 7.024014 10.291434
v -58.599987 7.019214 10.301290
v -58.599987 7.014946 10.311069
v -58.599987 7.011187 10.320772
v -58.599987 7.007733 10.330906
v -58.599987 7.004609 10.341498
v -58.599987 7.001789 10.352623
v -58.599987 6.999300 10.364358
v -58.599987 6.997192 10.376778
v -58.599987 6.995490 10.390012
v -58.599987 6.994246 10.404134
v -58.599987 6.993484 10.419298
v -58.599987 6.993306 10.434081
v -58.599987 6.993738 10.451201
v -58.599987 6.994880 10.467888
v -58.599987 6.996608 10.483281
v -58.599987 6.998843 10.497606
v -58.599987 7.001510 10.511017
v -58.599987 7.004609 10.523642
v -58.599987 7.008089 10.535605
v -58.599987 7.011924 10.547035
v -58.599987 7.016141 10.557982
v -58.599987 7.020077 10.567101
v -58.599987 7.023583 10.574492
v -58.599987 7.027621 10.582112
v -58.599987 7.032092 10.589808
v -58.599987 7.037045 10.597632
v -58.599987 7.042556 10.605556
v -58.599987 7.048652 10.613659
v -58.599987 7.055409 10.621939
v -58.599987 7.062952 10.630448
v -58.599987 7.071360 10.639211
v -58.599987 7.080732 10.648279
v -58.599987 7.091274 10.657677
v -58.599987 7.103034 10.667380
v -58.599987 7.111314 10.673679
v -58.599987 7.120382 10.680029
v -58.599987 7.130466 10.686481
v -58.599987 7.141032 10.692678
v -58.599987 7.152539 10.698825
v -58.599987 7.165111 10.704896
v -58.599987 7.178878 10.710890
v -58.599987 7.194067 10.716834
v -58.599987 7.210908 10.722650
v -58.599987 7.229703 10.728365
v -58.599987 7.253224 10.734487
v -58.599987 7.276897 10.739668
v -58.599987 7.303897 10.744520
v -58.599987 7.332295 10.748406
v -58.599987 7.362241 10.751276
v -58.599987 7.393915 10.753003
v -58.599987 7.427468 10.753511
v -58.599987 7.464171 10.752622
v -58.599987 7.495769 10.750590
v -58.599987 7.523988 10.747669
v -58.599987 7.549363 10.744037
v -58.599987 7.572324 10.739821
v -58.599987 7.593203 10.735147
v -58.599987 7.612253 10.730092
v -58.599987 7.629779 10.724708
v -58.599987 7.647610 10.718383
v -58.599987 7.663967 10.711779
v -58.599987 7.678979 10.704947
v -58.599987 7.692847 10.697911
v -58.599987 7.705674 10.690697
v -58.599987 7.717612 10.683255
v -58.599987 7.719644 10.681934
v -58.599987 7.730566 10.674390
v -58.599987 7.740904 10.666542
v -58.599987 7.751217 10.658058
v -58.599987 7.761707 10.648685
v -58.599987 7.771232 10.639415
v -58.599987 7.779944 10.630169
v -58.599987 7.787945 10.620923
v -58.599987 7.795286 10.611652
v -58.599987 7.802067 10.602331
v -58.599987 7.808315 10.592907
v -58.599987 7.814081 10.583382
v -58.599987 7.819415 10.573705
v -58.599987 7.824317 10.563850
v -58.599987 7.828814 10.553791
v -58.599987 7.832928 10.543453
v -58.599987 7.836662 10.532811
v -58.599987 7.840015 10.521838
v -58.599987 7.843012 10.510459
v -58.599987 7.845603 10.498597
v -58.599987 7.847787 10.486227
v -58.599987 7.849540 10.473273
v -58.599987 7.850835 10.459608
v -58.599987 7.851622 10.445181
v -58.599987 7.851851 10.429280
v -58.599987 7.851419 10.413431
v -58.599987 7.850353 10.398318
v -58.599987 7.848727 10.384145
v -58.599987 7.846619 10.370759
v -58.599987 7.844053 10.358084
v -58.599987 7.841081 10.346019
v -58.599987 7.837704 10.334488
v -58.599987 7.833969 10.323413
v -58.599987 7.829855 10.312771
v -58.599987 7.825359 10.302484
v -58.599987 7.820507 10.292501
v -58.599987 7.815301 10.282798
v -58.599987 7.809687 10.273324
v -58.599987 7.803642 10.264053
v -58.599987 7.797190 10.254985
v -58.599987 7.790282 10.246045
v -58.599987 7.782839 10.237231
v -58.599987 7.774890 10.228519
v -58.599987 7.766330 10.219883
v -58.599987 7.757109 10.211323
v -58.599987 7.747178 10.202814
v -58.599987 7.737424 10.195092
v -58.599987 7.727874 10.188107
v -58.599987 7.718526 10.181808
v -58.599987 7.707148 10.174722
v -58.599987 7.695083 10.167889
v -58.599987 7.682256 10.161259
v -58.599987 7.668539 10.154884
v -58.599987 7.653833 10.148737
v -58.599987 7.638009 10.142870
v -58.599987 7.620915 10.137282
v -58.599987 7.602398 10.132024
v -58.599987 7.582230 10.127147
v -58.599987 7.560132 10.122728
v -58.599987 7.535850 10.118842
v -58.599987 7.509002 10.115616
v -58.599987 7.479157 10.113203
v -58.599987 7.445756 10.111780
v -57.510022 8.269986 4.225000
v -57.510022 8.269986 6.765000
v -57.510022 5.729986 6.765000
v -57.510022 5.729986 4.225000
v -57.500014 8.269986 4.225000
v -57.500014 8.269986 6.765000
v -57.500014 5.729986 6.765000
v -57.500014 5.729986 4.225000
v -57.510022 -5.729986 4.225000
v -57.510022 -5.729986 6.765000
v -57.510022 -8.269986 6.765000
v -57.510022 -8.269986 4.225000
v -57.500014 -5.729986 6.765000
v -57.500014 -8.269986 6.765000
v -57.500014 -8.269986 4.225000
v -57.500014 -5.729986 4.225000
v -57.510022 -2.529992 4.225000
v -57.510022 -2.529992 6.765000
v -57.510022 -5.069992 4.225000
v -57.510022 -5.069992 6.765000
v -57.500014 -5.069992 6.765000
v -57.500014 -2.529992 6.765000
v -57.500014 -5.069992 4.225000
v -57.500014 -2.529992 4.225000
v -57.500014 5.069992 4.225000
v -57.500014 2.529992 4.225000
v -57.500014 5.069992 6.765000
v -57.500014 2.529992 6.765000
v -57.510022 2.529992 4.225000
v -57.510022 5.069992 4.225000
v -57.510022 5.069992 6.765000
v -57.510022 2.529992 6.765000
v -58.589979 -1.865808 6.160328
v -58.589979 -1.853870 6.160963
v -58.589979 -1.878457 6.160125
v -58.589979 -1.887652 6.160303
v -58.589979 -1.843405 6.161928
v -58.589979 -1.834109 6.163122
v -58.589979 -1.825777 6.164519
v -58.589979 -1.396517 6.108588
v -58.589979 -1.380287 6.108283
v -58.589979 -1.818234 6.166093
v -58.589979 -1.811350 6.167821
v -58.589979 -1.371956 6.108410
v -58.589979 -1.896008 6.160785
v -58.589979 -1.410386 6.109401
v -58.589979 -1.903628 6.161547
v -58.589979 -1.996237 6.222659
v -58.589979 -2.000047 6.230660
v -58.589979 -1.433093 6.112017
v -58.589979 -1.910613 6.162486
v -58.589979 -1.422451 6.110569
v -58.589979 -1.917040 6.163630
v -58.589979 -1.992528 6.215548
v -58.589979 -2.003400 6.238534
v -58.589979 -1.794180 6.173536
v -58.589979 -1.789506 6.175517
v -58.589979 -1.799184 6.171631
v -58.589979 -1.922932 6.164925
v -58.589979 -1.988185 6.208309
v -58.589979 -1.442593 6.113719
v -58.589979 -1.805026 6.169675
v -58.589979 -1.985874 6.204955
v -58.589979 -1.990420 6.211839
v -58.589979 -1.451153 6.115573
v -58.589979 -1.458951 6.117579
v -58.589979 -1.785010 6.177625
v -58.589979 -1.983461 6.201730
v -58.589979 -2.006651 6.247018
v -58.589979 -1.231087 6.173053
v -58.589979 -1.225347 6.180419
v -58.589979 -1.236675 6.166449
v -58.589979 -1.360627 6.108918
v -58.589979 -1.466088 6.119738
v -58.589979 -1.545590 6.186617
v -58.589979 -1.550060 6.194618
v -58.589979 -1.780692 6.179886
v -58.589979 -1.980921 6.198631
v -58.589979 -1.242085 6.160531
v -58.589979 -1.350264 6.109807
v -58.589979 -1.554404 6.203051
v -58.589979 -1.776527 6.182299
v -58.589979 -1.978304 6.195659
v -58.589979 -1.219302 6.188852
v -58.589979 -1.340739 6.111026
v -58.589979 -1.536827 6.173002
v -58.589979 -1.772514 6.184814
v -58.589979 -1.975536 6.192814
v -58.589979 -2.021383 6.376126
v -58.589979 -1.214298 6.196472
v -58.589979 -1.323746 6.114176
v -58.589979 -1.316152 6.116081
v -58.589979 -1.331925 6.112499
v -58.589979 -1.532585 6.167160
v -58.589979 -1.541170 6.179454
v -58.589979 -1.768653 6.187505
v -58.589979 -1.972666 6.190071
v -58.589979 -2.019529 6.323802
v -58.589979 -2.017497 6.296446
v -58.589979 -2.021713 6.556796
v -58.589979 -1.209624 6.204269
v -58.589979 -1.528394 6.161877
v -58.589979 -1.764868 6.190351
v -58.589979 -1.929003 6.166526
v -58.589979 -1.969643 6.187430
v -58.589979 -1.172972 6.500967
v -58.589979 -1.172972 6.556796
v -58.589979 -1.247953 6.154612
v -58.589979 -1.296187 6.122812
v -58.589979 -1.290396 6.125276
v -58.589979 -1.302410 6.120399
v -58.589979 -1.309065 6.118164
v -58.589979 -1.963141 6.182451
v -58.589979 -1.966468 6.184889
v -58.589979 -1.580439 6.544325
v -58.589979 -1.580312 6.367236
v -58.589979 -1.701368 6.445113
v -58.589979 -1.172972 6.456187
v -58.589979 -1.173074 6.416182
v -58.589979 -1.205255 6.212296
v -58.589979 -1.284834 6.127942
v -58.589979 -1.524254 6.157051
v -58.589979 -1.557985 6.210823
v -58.589979 -1.761236 6.193348
v -58.589979 -1.948332 6.173765
v -58.589979 -1.952092 6.175669
v -58.589979 -1.955978 6.177828
v -58.589979 -2.015287 6.279886
v -58.589979 -2.016582 6.288268
v -58.589979 -1.701368 6.492814
v -58.589979 -1.174547 6.362715
v -58.589979 -1.182903 6.278540
v -58.589979 -1.181049 6.289741
v -58.589979 -1.201191 6.220551
v -58.589979 -1.944395 6.171987
v -58.589979 -1.959661 6.180089
v -58.589979 -2.011731 6.263477
v -58.589979 -1.701368 6.409502
v -58.589979 -1.176807 6.327510
v -58.589979 -1.179297 6.302847
v -58.589979 -1.520165 6.152682
v -58.589979 -1.561541 6.219383
v -58.589979 -1.738325 6.219815
v -58.589979 -1.734414 6.226164
v -58.589979 -1.757680 6.196523
v -58.589979 -1.754226 6.199875
v -58.589979 -1.939671 6.170056
v -58.589979 -2.009394 6.255324
v -58.589979 -2.013687 6.271631
v -58.589979 -1.701368 6.556796
v -58.589979 -1.580439 6.556796
v -58.589979 -1.197407 6.229136
v -58.589979 -1.279855 6.130584
v -58.589979 -1.473378 6.122253
v -58.589979 -1.480083 6.124920
v -58.589979 -1.500251 6.135817
v -58.589979 -1.504163 6.138611
v -58.589979 -1.516151 6.148694
v -58.589979 -1.741170 6.215573
v -58.589979 -1.750847 6.203457
v -58.589979 -1.701394 6.380546
v -58.589979 -1.720698 6.252403
v -58.589979 -1.185139 6.267744
v -58.589979 -1.190676 6.247450
v -58.589979 -1.187755 6.257305
v -58.589979 -1.193902 6.238077
v -58.589979 -1.274801 6.133581
v -58.589979 -1.496314 6.133251
v -58.589979 -1.508100 6.141659
v -58.589979 -1.512164 6.145062
v -58.589979 -1.729130 6.235385
v -58.589979 -1.744320 6.211280
v -58.589979 -1.747545 6.207241
v -58.589979 -1.701876 6.355171
v -58.589979 -1.578966 6.317300
v -58.589979 -1.703019 6.331422
v -58.589979 -1.575537 6.274907
v -58.589979 -1.710106 6.282020
v -58.589979 -1.708506 6.288496
v -58.589979 -1.717345 6.260302
v -58.589979 -1.269644 6.136909
v -58.589979 -1.484655 6.126927
v -58.589979 -1.492402 6.130914
v -58.589979 -1.572184 6.255146
v -58.589979 -1.570025 6.245875
v -58.589979 -1.574038 6.264900
v -58.589979 -1.724584 6.244097
v -58.589979 -1.934566 6.168227
v -58.589979 -1.707286 6.294491
v -58.589979 -1.705762 6.303863
v -58.589979 -1.577238 6.290909
v -58.589979 -1.712112 6.275034
v -58.589979 -1.253439 6.149558
v -58.589979 -1.258976 6.144834
v -58.589979 -1.264387 6.140643
v -58.589979 -1.488440 6.128781
v -58.589979 -1.704365 6.315420
v -58.589979 -1.714500 6.267846
v -58.589979 -1.567536 6.236858
v -58.589979 -1.564716 6.228044
v -58.599987 -1.701368 6.556796
v -58.599987 -2.021713 6.556796
v -58.599987 -1.887652 6.160303
v -58.599987 -1.878457 6.160125
v -58.599987 -1.896008 6.160785
v -58.599987 -1.903628 6.161547
v -58.599987 -1.910613 6.162486
v -58.599987 -1.917040 6.163630
v -58.599987 -1.922932 6.164925
v -58.599987 -1.929003 6.166526
v -58.599987 -1.934566 6.168227
v -58.599987 -1.939671 6.170056
v -58.599987 -1.944395 6.171987
v -58.599987 -1.948332 6.173765
v -58.599987 -1.952092 6.175669
v -58.599987 -1.955978 6.177828
v -58.599987 -1.959661 6.180089
v -58.599987 -1.963141 6.182451
v -58.599987 -1.966468 6.184889
v -58.599987 -1.969643 6.187430
v -58.599987 -1.972666 6.190071
v -58.599987 -1.975536 6.192814
v -58.599987 -1.978304 6.195659
v -58.599987 -1.980921 6.198631
v -58.599987 -1.983461 6.201730
v -58.599987 -1.985874 6.204955
v -58.599987 -1.988185 6.208309
v -58.599987 -1.990420 6.211839
v -58.599987 -1.992528 6.215548
v -58.599987 -1.996237 6.222659
v -58.599987 -2.000047 6.230660
v -58.599987 -2.003400 6.238534
v -58.599987 -2.006651 6.247018
v -58.599987 -2.009394 6.255324
v -58.599987 -2.011731 6.263477
v -58.599987 -2.013687 6.271631
v -58.599987 -2.015287 6.279886
v -58.599987 -2.016582 6.288268
v -58.599987 -2.017497 6.296446
v -58.599987 -2.019529 6.323802
v -58.599987 -2.021383 6.376126
v -58.599987 -1.701368 6.492814
v -58.599987 -1.701368 6.445113
v -58.599987 -1.701368 6.409502
v -58.599987 -1.701394 6.380546
v -58.599987 -1.701876 6.355171
v -58.599987 -1.703019 6.331422
v -58.599987 -1.704365 6.315420
v -58.599987 -1.705762 6.303863
v -58.599987 -1.707286 6.294491
v -58.599987 -1.708506 6.288496
v -58.599987 -1.710106 6.282020
v -58.599987 -1.712112 6.275034
v -58.599987 -1.714500 6.267846
v -58.599987 -1.717345 6.260302
v -58.599987 -1.720698 6.252403
v -58.599987 -1.724584 6.244097
v -58.599987 -1.729130 6.235385
v -58.599987 -1.734414 6.226164
v -58.599987 -1.738325 6.219815
v -58.599987 -1.741170 6.215573
v -58.599987 -1.744320 6.211280
v -58.599987 -1.747545 6.207241
v -58.599987 -1.750847 6.203457
v -58.599987 -1.754226 6.199875
v -58.599987 -1.757680 6.196523
v -58.599987 -1.761236 6.193348
v -58.599987 -1.764868 6.190351
v -58.599987 -1.768653 6.187505
v -58.599987 -1.772514 6.184814
v -58.599987 -1.776527 6.182299
v -58.599987 -1.780692 6.179886
v -58.599987 -1.785010 6.177625
v -58.599987 -1.789506 6.175517
v -58.599987 -1.794180 6.173536
v -58.599987 -1.799184 6.171631
v -58.599987 -1.805026 6.169675
v -58.599987 -1.811350 6.167821
v -58.599987 -1.818234 6.166093
v -58.599987 -1.825777 6.164519
v -58.599987 -1.834109 6.163122
v -58.599987 -1.843405 6.161928
v -58.599987 -1.853870 6.160963
v -58.599987 -1.865808 6.160328
v -58.599987 -1.172972 6.556796
v -58.599987 -1.580439 6.556796
v -58.599987 -1.396517 6.108588
v -58.599987 -1.380287 6.108283
v -58.599987 -1.410386 6.109401
v -58.599987 -1.422451 6.110569
v -58.599987 -1.433093 6.112017
v -58.599987 -1.442593 6.113719
v -58.599987 -1.451153 6.115573
v -58.599987 -1.458951 6.117579
v -58.599987 -1.466088 6.119738
v -58.599987 -1.473378 6.122253
v -58.599987 -1.480083 6.124920
v -58.599987 -1.484655 6.126927
v -58.599987 -1.488440 6.128781
v -58.599987 -1.492402 6.130914
v -58.599987 -1.496314 6.133251
v -58.599987 -1.500251 6.135817
v -58.599987 -1.504163 6.138611
v -58.599987 -1.508100 6.141659
v -58.599987 -1.512164 6.145062
v -58.599987 -1.516151 6.148694
v -58.599987 -1.520165 6.152682
v -58.599987 -1.524254 6.157051
v -58.599987 -1.528394 6.161877
v -58.599987 -1.532585 6.167160
v -58.599987 -1.536827 6.173002
v -58.599987 -1.541170 6.179454
v -58.599987 -1.545590 6.186617
v -58.599987 -1.550060 6.194618
v -58.599987 -1.554404 6.203051
v -58.599987 -1.557985 6.210823
v -58.599987 -1.561541 6.219383
v -58.599987 -1.564716 6.228044
v -58.599987 -1.567536 6.236858
v -58.599987 -1.570025 6.245875
v -58.599987 -1.572184 6.255146
v -58.599987 -1.574038 6.264900
v -58.599987 -1.575537 6.274907
v -58.599987 -1.577238 6.290909
v -58.599987 -1.578966 6.317300
v -58.599987 -1.580312 6.367236
v -58.599987 -1.580439 6.544325
v -58.599987 -1.172972 6.500967
v -58.599987 -1.172972 6.456187
v -58.599987 -1.173074 6.416182
v -58.599987 -1.174547 6.362715
v -58.599987 -1.176807 6.327510
v -58.599987 -1.179297 6.302847
v -58.599987 -1.181049 6.289741
v -58.599987 -1.182903 6.278540
v -58.599987 -1.185139 6.267744
v -58.599987 -1.187755 6.257305
v -58.599987 -1.190676 6.247450
v -58.599987 -1.193902 6.238077
v -58.599987 -1.197407 6.229136
v -58.599987 -1.201191 6.220551
v -58.599987 -1.205255 6.212296
v -58.599987 -1.209624 6.204269
v -58.599987 -1.214298 6.196472
v -58.599987 -1.219302 6.188852
v -58.599987 -1.225347 6.180419
v -58.599987 -1.231087 6.173053
v -58.599987 -1.236675 6.166449
v -58.599987 -1.242085 6.160531
v -58.599987 -1.247953 6.154612
v -58.599987 -1.253439 6.149558
v -58.599987 -1.258976 6.144834
v -58.599987 -1.264387 6.140643
v -58.599987 -1.269644 6.136909
v -58.599987 -1.274801 6.133581
v -58.599987 -1.279855 6.130584
v -58.599987 -1.284834 6.127942
v -58.599987 -1.290396 6.125276
v -58.599987 -1.296187 6.122812
v -58.599987 -1.302410 6.120399
v -58.599987 -1.309065 6.118164
v -58.599987 -1.316152 6.116081
v -58.599987 -1.323746 6.114176
v -58.599987 -1.331925 6.112499
v -58.599987 -1.340739 6.111026
v -58.599987 -1.350264 6.109807
v -58.599987 -1.360627 6.108918
v -58.599987 -1.371956 6.108410
v -58.589979 1.304188 6.160328
v -58.589979 1.316101 6.160963
v -58.589979 1.291514 6.160125
v -58.589979 1.282344 6.160303
v -58.589979 1.326566 6.161928
v -58.589979 1.335862 6.163122
v -58.589979 1.344219 6.164519
v -58.589979 1.773479 6.108588
v -58.589979 1.789684 6.108283
v -58.589979 1.351737 6.166093
v -58.589979 1.358621 6.167821
v -58.589979 1.798041 6.108410
v -58.589979 1.273988 6.160785
v -58.589979 1.759610 6.109401
v -58.589979 1.266342 6.161547
v -58.589979 1.173734 6.222659
v -58.589979 1.169949 6.230660
v -58.589979 1.736877 6.112017
v -58.589979 1.259357 6.162486
v -58.589979 1.747520 6.110569
v -58.589979 1.252957 6.163630
v -58.589979 1.177442 6.215548
v -58.589979 1.166571 6.238534
v -58.589979 1.375791 6.173536
v -58.589979 1.380465 6.175517
v -58.589979 1.370787 6.171631
v -58.589979 1.247038 6.164925
v -58.589979 1.181786 6.208309
v -58.589979 1.727378 6.113719
v -58.589979 1.364945 6.169675
v -58.589979 1.184097 6.204955
v -58.589979 1.179576 6.211839
v -58.589979 1.718818 6.115573
v -58.589979 1.711020 6.117579
v -58.589979 1.384960 6.177625
v -58.589979 1.186510 6.201730
v -58.589979 1.163345 6.247018
v -58.589979 1.938884 6.173053
v -58.589979 1.944624 6.180419
v -58.589979 1.933296 6.166449
v -58.589979 1.809344 6.108918
v -58.589979 1.703883 6.119738
v -58.589979 1.624406 6.186617
v -58.589979 1.619910 6.194618
v -58.589979 1.389278 6.179886
v -58.589979 1.189050 6.198631
v -58.589979 1.927885 6.160531
v -58.589979 1.819707 6.109807
v -58.589979 1.615567 6.203051
v -58.589979 1.393444 6.182299
v -58.589979 1.191692 6.195659
v -58.589979 1.950669 6.188852
v -58.589979 1.829232 6.111026
v -58.589979 1.633144 6.173002
v -58.589979 1.397457 6.184814
v -58.589979 1.194435 6.192814
v -58.589979 1.148588 6.376126
v -58.589979 1.955673 6.196472
v -58.589979 1.846224 6.114176
v -58.589979 1.853819 6.116081
v -58.589979 1.838046 6.112499
v -58.589979 1.637411 6.167160
v -58.589979 1.628800 6.179454
v -58.589979 1.401343 6.187505
v -58.589979 1.197331 6.190071
v -58.589979 1.150442 6.323802
v -58.589979 1.152474 6.296446
v -58.589979 1.148258 6.556796
v -58.589979 1.960347 6.204269
v -58.589979 1.641602 6.161877
v -58.589979 1.405103 6.190351
v -58.589979 1.240968 6.166526
v -58.589979 1.200328 6.187430
v -58.589979 1.996999 6.500967
v -58.589979 1.996999 6.556796
v -58.589979 1.922018 6.154612
v -58.589979 1.873809 6.122812
v -58.589979 1.879575 6.125276
v -58.589979 1.867560 6.120399
v -58.589979 1.860906 6.118164
v -58.589979 1.206830 6.182451
v -58.589979 1.203503 6.184889
v -58.589979 1.589557 6.544325
v -58.589979 1.589659 6.367236
v -58.589979 1.468603 6.445113
v -58.589979 1.996999 6.456187
v -58.589979 1.996897 6.416182
v -58.589979 1.964715 6.212296
v -58.589979 1.885137 6.127942
v -58.589979 1.645717 6.157051
v -58.589979 1.611986 6.210823
v -58.589979 1.408760 6.193348
v -58.589979 1.221664 6.173765
v -58.589979 1.217879 6.175669
v -58.589979 1.213993 6.177828
v -58.589979 1.154684 6.279886
v -58.589979 1.153389 6.288268
v -58.589979 1.468603 6.492814
v -58.589979 1.995424 6.362715
v -58.589979 1.987067 6.278540
v -58.589979 1.988922 6.289741
v -58.589979 1.968779 6.220551
v -58.589979 1.225601 6.171987
v -58.589979 1.210310 6.180089
v -58.589979 1.158265 6.263477
v -58.589979 1.468603 6.409502
v -58.589979 1.993189 6.327510
v -58.589979 1.990674 6.302847
v -58.589979 1.649806 6.152682
v -58.589979 1.608430 6.219383
v -58.589979 1.431646 6.219815
v -58.589979 1.435583 6.226164
v -58.589979 1.412291 6.196523
v -58.589979 1.415745 6.199875
v -58.589979 1.230300 6.170056
v -58.589979 1.160577 6.255324
v -58.589979 1.156310 6.271631
v -58.589979 1.468603 6.556796
v -58.589979 1.589557 6.556796
v -58.589979 1.972564 6.229136
v -58.589979 1.890116 6.130584
v -58.589979 1.696593 6.122253
v -58.589979 1.689913 6.124920
v -58.589979 1.669745 6.135817
v -58.589979 1.665808 6.138611
v -58.589979 1.653819 6.148694
v -58.589979 1.428801 6.215573
v -58.589979 1.419123 6.203457
v -58.589979 1.468577 6.380546
v -58.589979 1.449299 6.252403
v -58.589979 1.984858 6.267744
v -58.589979 1.979295 6.247450
v -58.589979 1.982216 6.257305
v -58.589979 1.976069 6.238077
v -58.589979 1.895170 6.133581
v -58.589979 1.673657 6.133251
v -58.589979 1.661871 6.141659
v -58.589979 1.657833 6.145062
v -58.589979 1.440840 6.235385
v -58.589979 1.425651 6.211280
v -58.589979 1.422425 6.207241
v -58.589979 1.468095 6.355171
v -58.589979 1.591005 6.317300
v -58.589979 1.466952 6.331422
v -58.589979 1.594460 6.274907
v -58.589979 1.459865 6.282020
v -58.589979 1.461465 6.288496
v -58.589979 1.452626 6.260302
v -58.589979 1.900326 6.136909
v -58.589979 1.685315 6.126927
v -58.589979 1.677594 6.130914
v -58.589979 1.597787 6.255146
v -58.589979 1.599946 6.245875
v -58.589979 1.595933 6.264900
v -58.589979 1.445387 6.244097
v -58.589979 1.235405 6.168227
v -58.589979 1.462684 6.294491
v -58.589979 1.464208 6.303863
v -58.589979 1.592758 6.290909
v -58.589979 1.457858 6.275034
v -58.589979 1.916532 6.149558
v -58.589979 1.910994 6.144834
v -58.589979 1.905610 6.140643
v -58.589979 1.681531 6.128781
v -58.589979 1.465605 6.315420
v -58.589979 1.455471 6.267846
v -58.589979 1.602435 6.236858
v -58.589979 1.605255 6.228044
v -58.599987 1.468603 6.556796
v -58.599987 1.148258 6.556796
v -58.599987 1.282344 6.160303
v -58.599987 1.291514 6.160125
v -58.599987 1.273988 6.160785
v -58.599987 1.266342 6.161547
v -58.599987 1.259357 6.162486
v -58.599987 1.252957 6.163630
v -58.599987 1.247038 6.164925
v -58.599987 1.240968 6.166526
v -58.599987 1.235405 6.168227
v -58.599987 1.230300 6.170056
v -58.599987 1.225601 6.171987
v -58.599987 1.221664 6.173765
v -58.599987 1.217879 6.175669
v -58.599987 1.213993 6.177828
v -58.599987 1.210310 6.180089
v -58.599987 1.206830 6.182451
v -58.599987 1.203503 6.184889
v -58.599987 1.200328 6.187430
v -58.599987 1.197331 6.190071
v -58.599987 1.194435 6.192814
v -58.599987 1.191692 6.195659
v -58.599987 1.189050 6.198631
v -58.599987 1.186510 6.201730
v -58.599987 1.184097 6.204955
v -58.599987 1.181786 6.208309
v -58.599987 1.179576 6.211839
v -58.599987 1.177442 6.215548
v -58.599987 1.173734 6.222659
v -58.599987 1.169949 6.230660
v -58.599987 1.166571 6.238534
v -58.599987 1.163345 6.247018
v -58.599987 1.160577 6.255324
v -58.599987 1.158265 6.263477
v -58.599987 1.156310 6.271631
v -58.599987 1.154684 6.279886
v -58.599987 1.153389 6.288268
v -58.599987 1.152474 6.296446
v -58.599987 1.150442 6.323802
v -58.599987 1.148588 6.376126
v -58.599987 1.468603 6.492814
v -58.599987 1.468603 6.445113
v -58.599987 1.468603 6.409502
v -58.599987 1.468577 6.380546
v -58.599987 1.468095 6.355171
v -58.599987 1.466952 6.331422
v -58.599987 1.465605 6.315420
v -58.599987 1.464208 6.303863
v -58.599987 1.462684 6.294491
v -58.599987 1.461465 6.288496
v -58.599987 1.459865 6.282020
v -58.599987 1.457858 6.275034
v -58.599987 1.455471 6.267846
v -58.599987 1.452626 6.260302
v -58.599987 1.449299 6.252403
v -58.599987 1.445387 6.244097
v -58.599987 1.440840 6.235385
v -58.599987 1.435583 6.226164
v -58.599987 1.431646 6.219815
v -58.599987 1.428801 6.215573
v -58.599987 1.425651 6.211280
v -58.599987 1.422425 6.207241
v -58.599987 1.419123 6.203457
v -58.599987 1.415745 6.199875
v -58.599987 1.412291 6.196523
v -58.599987 1.408760 6.193348
v -58.599987 1.405103 6.190351
v -58.599987 1.401343 6.187505
v -58.599987 1.397457 6.184814
v -58.599987 1.393444 6.182299
v -58.599987 1.389278 6.179886
v -58.599987 1.384960 6.177625
v -58.599987 1.380465 6.175517
v -58.599987 1.375791 6.173536
v -58.599987 1.370787 6.171631
v -58.599987 1.364945 6.169675
v -58.599987 1.358621 6.167821
v -58.599987 1.351737 6.166093
v -58.599987 1.344219 6.164519
v -58.599987 1.335862 6.163122
v -58.599987 1.326566 6.161928
v -58.599987 1.316101 6.160963
v -58.599987 1.304188 6.160328
v -58.599987 1.996999 6.556796
v -58.599987 1.589557 6.556796
v -58.599987 1.773479 6.108588
v -58.599987 1.789684 6.108283
v -58.599987 1.759610 6.109401
v -58.599987 1.747520 6.110569
v -58.599987 1.736877 6.112017
v -58.599987 1.727378 6.113719
v -58.599987 1.718818 6.115573
v -58.599987 1.711020 6.117579
v -58.599987 1.703883 6.119738
v -58.599987 1.696593 6.122253
v -58.599987 1.689913 6.124920
v -58.599987 1.685315 6.126927
v -58.599987 1.681531 6.128781
v -58.599987 1.677594 6.130914
v -58.599987 1.673657 6.133251
v -58.599987 1.669745 6.135817
v -58.599987 1.665808 6.138611
v -58.599987 1.661871 6.141659
v -58.599987 1.657833 6.145062
v -58.599987 1.653819 6.148694
v -58.599987 1.649806 6.152682
v -58.599987 1.645717 6.157051
v -58.599987 1.641602 6.161877
v -58.599987 1.637411 6.167160
v -58.599987 1.633144 6.173002
v -58.599987 1.628800 6.179454
v -58.599987 1.624406 6.186617
v -58.599987 1.619910 6.194618
v -58.599987 1.615567 6.203051
v -58.599987 1.611986 6.210823
v -58.599987 1.608430 6.219383
v -58.599987 1.605255 6.228044
v -58.599987 1.602435 6.236858
v -58.599987 1.599946 6.245875
v -58.599987 1.597787 6.255146
v -58.599987 1.595933 6.264900
v -58.599987 1.594460 6.274907
v -58.599987 1.592758 6.290909
v -58.599987 1.591005 6.317300
v -58.599987 1.589659 6.367236
v -58.599987 1.589557 6.544325
v -58.599987 1.996999 6.500967
v -58.599987 1.996999 6.456187
v -58.599987 1.996897 6.416182
v -58.599987 1.995424 6.362715
v -58.599987 1.993189 6.327510
v -58.599987 1.990674 6.302847
v -58.599987 1.988922 6.289741
v -58.599987 1.987067 6.278540
v -58.599987 1.984858 6.267744
v -58.599987 1.982216 6.257305
v -58.599987 1.979295 6.247450
v -58.599987 1.976069 6.238077
v -58.599987 1.972564 6.229136
v -58.599987 1.968779 6.220551
v -58.599987 1.964715 6.212296
v -58.599987 1.960347 6.204269
v -58.599987 1.955673 6.196472
v -58.599987 1.950669 6.188852
v -58.599987 1.944624 6.180419
v -58.599987 1.938884 6.173053
v -58.599987 1.933296 6.166449
v -58.599987 1.927885 6.160531
v -58.599987 1.922018 6.154612
v -58.599987 1.916532 6.149558
v -58.599987 1.910994 6.144834
v -58.599987 1.905610 6.140643
v -58.599987 1.900326 6.136909
v -58.599987 1.895170 6.133581
v -58.599987 1.890116 6.130584
v -58.599987 1.885137 6.127942
v -58.599987 1.879575 6.125276
v -58.599987 1.873809 6.122812
v -58.599987 1.867560 6.120399
v -58.599987 1.860906 6.118164
v -58.599987 1.853819 6.116081
v -58.599987 1.846224 6.114176
v -58.599987 1.838046 6.112499
v -58.599987 1.829232 6.111026
v -58.599987 1.819707 6.109807
v -58.599987 1.809344 6.108918
v -58.599987 1.798041 6.108410
v -61.399981 3.199994 31.024972
v -61.399981 -3.199994 31.024972
v -61.399092 -3.242437 31.024972
v -61.396375 -3.284804 31.024972
v -61.399092 3.242437 31.024972
v -61.091930 -3.921938 31.024972
v -61.060663 -3.950665 31.024972
v -58.849999 -3.199994 31.024972
v -58.849999 3.199994 31.024972
v -58.853581 3.284804 31.024972
v -58.858076 3.326993 31.024972
v -61.396375 3.284804 31.024972
v -61.391879 3.326993 31.024972
v -61.391879 -3.326993 31.024972
v -61.385605 -3.368980 31.024972
v -61.121953 -3.891915 31.024972
v -58.850888 3.242437 31.024972
v -58.864376 3.368980 31.024972
v -61.327871 -3.572840 31.024972
v -61.342857 -3.533115 31.024972
v -61.311208 -3.611880 31.024972
v -61.292920 -3.650183 31.024972
v -61.273007 -3.687673 31.024972
v -61.228506 -3.759962 31.024972
v -61.203995 -3.794633 31.024972
v -61.028201 -3.978021 31.024972
v -58.853581 -3.284804 31.024972
v -58.850888 -3.242437 31.024972
v -61.385605 3.368980 31.024972
v -61.377553 -3.410661 31.024972
v -61.367723 -3.451962 31.024972
v -61.356166 -3.492805 31.024972
v -61.251518 -3.724300 31.024972
v -60.994623 -4.003980 31.024972
v -60.959952 -4.028491 31.024972
v -60.924290 -4.051529 31.024972
v -58.872427 3.410661 31.024972
v -58.882257 3.451962 31.024972
v -58.907098 3.533115 31.024972
v -58.922110 3.572840 31.024972
v -61.367723 3.451962 31.024972
v -61.356166 3.492805 31.024972
v -61.377553 3.410661 31.024972
v -61.178036 -3.828212 31.024972
v -61.150655 -3.860673 31.024972
v -60.887689 -4.072992 31.024972
v -60.850198 -4.092905 31.024972
v -58.864376 -3.368980 31.024972
v -58.858076 -3.326993 31.024972
v -58.893814 3.492805 31.024972
v -61.311208 3.611880 31.024972
v -61.292920 3.650183 31.024972
v -61.327871 3.572840 31.024972
v -61.342857 3.533115 31.024972
v -60.811895 -4.111219 31.024972
v -60.733130 -4.142867 31.024972
v -60.772855 -4.127881 31.024972
v -60.692820 -4.156151 31.024972
v -59.021474 -3.759962 31.024972
v -58.998462 -3.724300 31.024972
v -58.872427 -3.410661 31.024972
v -59.128028 -3.891915 31.024972
v -59.099326 -3.860673 31.024972
v -59.045985 -3.794633 31.024972
v -59.071944 -3.828212 31.024972
v -58.957060 -3.650183 31.024972
v -58.938772 -3.611880 31.024972
v -58.922110 -3.572840 31.024972
v -58.907098 -3.533115 31.024972
v -58.882257 -3.451962 31.024972
v -58.938772 3.611880 31.024972
v -59.021474 3.759962 31.024972
v -58.998462 3.724300 31.024972
v -59.045985 3.794633 31.024972
v -60.651977 -4.167708 31.024972
v -60.610676 -4.177538 31.024972
v -60.568995 -4.185615 31.024972
v -60.527009 -4.191889 31.024972
v -60.399983 -4.199992 31.024972
v -59.477125 -4.127881 31.024972
v -59.516851 -4.142867 31.024972
v -59.438085 -4.111219 31.024972
v -59.290003 -4.028491 31.024972
v -59.325690 -4.051529 31.024972
v -59.255358 -4.003980 31.024972
v -59.158050 -3.921938 31.024972
v -58.976974 -3.687673 31.024972
v -58.893814 -3.492805 31.024972
v -59.071944 3.828212 31.024972
v -59.099326 3.860673 31.024972
v -59.128028 3.891915 31.024972
v -59.477125 4.127881 31.024972
v -59.516851 4.142867 31.024972
v -61.178036 3.828212 31.024972
v -61.150655 3.860673 31.024972
v -61.203995 3.794633 31.024972
v -61.228506 3.759962 31.024972
v -61.251518 3.724300 31.024972
v -59.849997 -4.199992 31.024972
v -59.807554 -4.199077 31.024972
v -59.765187 -4.196385 31.024972
v -59.722972 -4.191889 31.024972
v -59.399782 -4.092905 31.024972
v -59.362292 -4.072992 31.024972
v -59.221779 -3.978021 31.024972
v -59.189318 -3.950665 31.024972
v -58.957060 3.650183 31.024972
v -58.976974 3.687673 31.024972
v -59.158050 3.921938 31.024972
v -59.189318 3.950665 31.024972
v -59.255358 4.003980 31.024972
v -59.290003 4.028491 31.024972
v -59.399782 4.092905 31.024972
v -59.362292 4.072992 31.024972
v -59.438085 4.111219 31.024972
v -59.557161 4.156151 31.024972
v -61.121953 3.891915 31.024972
v -61.091930 3.921938 31.024972
v -61.273007 3.687673 31.024972
v -59.639304 -4.177538 31.024972
v -59.598004 -4.167708 31.024972
v -59.557161 -4.156151 31.024972
v -59.221779 3.978021 31.024972
v -59.325690 4.051529 31.024972
v -61.060663 3.950665 31.024972
v -61.028201 3.978021 31.024972
v -59.680986 -4.185615 31.024972
v -59.680986 4.185615 31.024972
v -59.722972 4.191889 31.024972
v -60.484794 4.196385 31.024972
v -60.442427 4.199077 31.024972
v -60.527009 4.191889 31.024972
v -60.568995 4.185615 31.024972
v -60.610676 4.177538 31.024972
v -60.692820 4.156151 31.024972
v -60.651977 4.167708 31.024972
v -60.733130 4.142867 31.024972
v -60.994623 4.003980 31.024972
v -60.484794 -4.196385 31.024972
v -60.442427 -4.199077 31.024972
v -59.598004 4.167708 31.024972
v -59.639304 4.177538 31.024972
v -59.765187 4.196385 31.024972
v -60.811895 4.111219 31.024972
v -60.772855 4.127881 31.024972
v -60.850198 4.092905 31.024972
v -59.849997 4.199992 31.024972
v -60.399983 4.199992 31.024972
v -60.959952 4.028491 31.024972
v -60.924290 4.051529 31.024972
v -59.807554 4.199077 31.024972
v -60.887689 4.072992 31.024972
v -60.399983 -4.199992 25.024984
v -60.442427 -4.199077 25.024984
v -60.484794 -4.196385 25.024984
v -60.527009 -4.191889 25.024984
v -60.568995 -4.185615 25.024984
v -60.610676 -4.177538 25.024984
v -60.651977 -4.167708 25.024984
v -60.692820 -4.156151 25.024984
v -60.733130 -4.142867 25.024984
v -60.772855 -4.127881 25.024984
v -60.811895 -4.111219 25.024984
v -60.850198 -4.092905 25.024984
v -60.887689 -4.072992 25.024984
v -60.924290 -4.051529 25.024984
v -60.959952 -4.028491 25.024984
v -60.994623 -4.003980 25.024984
v -61.028201 -3.978021 25.024984
v -61.060663 -3.950665 25.024984
v -61.091930 -3.921938 25.024984
v -61.121953 -3.891915 25.024984
v -61.150655 -3.860673 25.024984
v -61.178036 -3.828212 25.024984
v -61.203995 -3.794633 25.024984
v -61.228506 -3.759962 25.024984
v -61.251518 -3.724300 25.024984
v -61.273007 -3.687673 25.024984
v -61.292920 -3.650183 25.024984
v -61.311208 -3.611880 25.024984
v -61.327871 -3.572840 25.024984
v -61.342857 -3.533115 25.024984
v -61.356166 -3.492805 25.024984
v -61.367723 -3.451962 25.024984
v -61.377553 -3.410661 25.024984
v -61.385605 -3.368980 25.024984
v -61.391879 -3.326993 25.024984
v -61.396375 -3.284804 25.024984
v -61.399092 -3.242437 25.024984
v -61.399981 -3.199994 25.024984
v -61.399981 3.199994 25.024984
v -61.399092 3.242437 25.024984
v -61.396375 3.284804 25.024984
v -61.391879 3.326993 25.024984
v -61.385605 3.368980 25.024984
v -61.377553 3.410661 25.024984
v -61.367723 3.451962 25.024984
v -61.356166 3.492805 25.024984
v -61.342857 3.533115 25.024984
v -61.327871 3.572840 25.024984
v -61.311208 3.611880 25.024984
v -61.292920 3.650183 25.024984
v -61.273007 3.687673 25.024984
v -61.251518 3.724300 25.024984
v -61.228506 3.759962 25.024984
v -61.203995 3.794633 25.024984
v -61.178036 3.828212 25.024984
v -61.150655 3.860673 25.024984
v -61.121953 3.891915 25.024984
v -61.091930 3.921938 25.024984
v -61.060663 3.950665 25.024984
v -61.028201 3.978021 25.024984
v -60.994623 4.003980 25.024984
v -60.959952 4.028491 25.024984
v -60.924290 4.051529 25.024984
v -60.887689 4.072992 25.024984
v -60.850198 4.092905 25.024984
v -60.811895 4.111219 25.024984
v -60.772855 4.127881 25.024984
v -60.733130 4.142867 25.024984
v -60.692820 4.156151 25.024984
v -60.651977 4.167708 25.024984
v -60.610676 4.177538 25.024984
v -60.568995 4.185615 25.024984
v -60.527009 4.191889 25.024984
v -60.484794 4.196385 25.024984
v -60.442427 4.199077 25.024984
v -60.399983 4.199992 25.024984
v -59.849997 4.199992 25.024984
v -59.807554 4.199077 25.024984
v -59.765187 4.196385 25.024984
v -59.722972 4.191889 25.024984
v -59.680986 4.185615 25.024984
v -59.639304 4.177538 25.024984
v -59.598004 4.167708 25.024984
v -59.557161 4.156151 25.024984
v -59.516851 4.142867 25.024984
v -59.477125 4.127881 25.024984
v -59.438085 4.111219 25.024984
v -59.399782 4.092905 25.024984
v -59.362292 4.072992 25.024984
v -59.325690 4.051529 25.024984
v -59.290003 4.028491 25.024984
v -59.255358 4.003980 25.024984
v -59.221779 3.978021 25.024984
v -59.189318 3.950665 25.024984
v -59.158050 3.921938 25.024984
v -59.128028 3.891915 25.024984
v -59.099326 3.860673 25.024984
v -59.071944 3.828212 25.024984
v -59.045985 3.794633 25.024984
v -59.021474 3.759962 25.024984
v -58.998462 3.724300 25.024984
v -58.976974 3.687673 25.024984
v -58.957060 3.650183 25.024984
v -58.938772 3.611880 25.024984
v -58.922110 3.572840 25.024984
v -58.907098 3.533115 25.024984
v -58.893814 3.492805 25.024984
v -58.882257 3.451962 25.024984
v -58.872427 3.410661 25.024984
v -58.864376 3.368980 25.024984
v -58.858076 3.326993 25.024984
v -58.853581 3.284804 25.024984
v -58.850888 3.242437 25.024984
v -58.849999 3.199994 25.024984
v -58.849999 -3.199994 25.024984
v -58.850888 -3.242437 25.024984
v -58.853581 -3.284804 25.024984
v -58.858076 -3.326993 25.024984
v -58.864376 -3.368980 25.024984
v -58.872427 -3.410661 25.024984
v -58.882257 -3.451962 25.024984
v -58.893814 -3.492805 25.024984
v -58.907098 -3.533115 25.024984
v -58.922110 -3.572840 25.024984
v -58.938772 -3.611880 25.024984
v -58.957060 -3.650183 25.024984
v -58.976974 -3.687673 25.024984
v -58.998462 -3.724300 25.024984
v -59.021474 -3.759962 25.024984
v -59.045985 -3.794633 25.024984
v -59.071944 -3.828212 25.024984
v -59.099326 -3.860673 25.024984
v -59.128028 -3.891915 25.024984
v -59.158050 -3.921938 25.024984
v -59.189318 -3.950665 25.024984
v -59.221779 -3.978021 25.024984
v -59.255358 -4.003980 25.024984
v -59.290003 -4.028491 25.024984
v -59.325690 -4.051529 25.024984
v -59.362292 -4.072992 25.024984
v -59.399782 -4.092905 25.024984
v -59.438085 -4.111219 25.024984
v -59.477125 -4.127881 25.024984
v -59.516851 -4.142867 25.024984
v -59.557161 -4.156151 25.024984
v -59.598004 -4.167708 25.024984
v -59.639304 -4.177538 25.024984
v -59.680986 -4.185615 25.024984
v -59.722972 -4.191889 25.024984
v -59.765187 -4.196385 25.024984
v -59.807554 -4.199077 25.024984
v -59.849997 -4.199992 25.024984
v -60.524977 -3.249981 25.024984
v -59.724978 -3.249981 25.024984
v -59.724978 3.249981 25.024984
v -60.524977 3.249981 25.024984
v -59.724978 -3.249981 30.424973
v -60.524977 -3.249981 30.424973
v -59.724978 3.249981 30.424973
v -60.524977 3.249981 30.424973
usemtl 54,111,178
f 1 2 3
f 3 4 1
f 1 5 2
f 4 6 1
f 7 8 9
f 6 10 1
f 9 11 7
f 10 12 1
f 11 13 7
f 12 14 1
f 13 15 7
f 16 17 18
f 14 19 1
f 15 20 7
f 18 21 16
f 19 22 1
f 20 23 7
f 21 24 16
f 22 25 1
f 23 26 7
f 24 27 16
f 25 28 1
f 26 29 7
f 27 30 16
f 1 31 32
f 1 33 5
f 29 34 7
f 35 36 37
f 30 38 16
f 32 39 1
f 28 40 1
f 34 41 7
f 37 42 35
f 43 44 45
f 16 46 47
f 38 48 16
f 39 49 1
f 40 50 1
f 41 51 7
f 42 52 35
f 35 53 54
f 45 55 43
f 56 57 58
f 47 59 16
f 48 60 16
f 49 61 1
f 50 62 1
f 63 64 7
f 52 65 35
f 54 66 35
f 67 68 43
f 58 69 56
f 60 46 16
f 61 70 1
f 62 71 1
f 51 63 7
f 65 72 35
f 35 73 53
f 55 67 43
f 69 74 56
f 16 75 17
f 70 76 1
f 71 77 1
f 63 78 64
f 79 1 80
f 35 81 36
f 66 82 35
f 67 83 68
f 74 84 56
f 59 85 16
f 16 86 87
f 76 88 1
f 77 89 1
f 80 64 79
f 35 90 81
f 35 91 73
f 83 92 68
f 84 93 56
f 85 94 16
f 87 95 16
f 88 96 1
f 89 97 1
f 78 79 64
f 35 98 90
f 35 99 100
f 82 101 35
f 92 102 68
f 56 35 57
f 94 103 16
f 95 104 16
f 96 105 1
f 1 106 33
f 79 107 1
f 35 108 98
f 100 109 35
f 101 110 35
f 111 112 68
f 93 113 56
f 103 114 16
f 104 115 16
f 105 116 1
f 97 117 1
f 107 118 1
f 35 119 108
f 109 120 35
f 110 121 35
f 102 111 68
f 113 122 56
f 114 123 16
f 16 124 86
f 116 125 1
f 117 126 1
f 118 127 1
f 35 128 119
f 35 129 130
f 120 131 35
f 35 132 133
f 121 134 35
f 122 112 56
f 123 135 16
f 16 136 124
f 16 137 138
f 125 139 1
f 127 106 1
f 130 128 35
f 35 140 99
f 134 132 35
f 111 56 112
f 135 141 16
f 16 142 136
f 16 143 137
f 139 144 1
f 126 145 1
f 131 129 35
f 56 91 35
f 141 146 16
f 16 147 142
f 16 148 143
f 1 149 31
f 145 150 1
f 133 140 35
f 115 75 16
f 138 151 16
f 1 152 153
f 150 149 1
f 16 154 35
f 151 147 16
f 1 155 152
f 144 156 1
f 146 154 16
f 156 155 1
f 72 16 35
f 16 1 148
f 153 148 1
usemtl 255,255,255
f 157 152 155
f 158 153 152
f 148 153 158
f 159 143 148
f 160 137 143
f 161 138 137
f 162 151 138
f 163 147 151
f 164 142 147
f 136 142 164
f 165 124 136
f 86 124 165
f 166 87 86
f 167 95 87
f 168 104 95
f 169 115 104
f 170 75 115
f 171 17 75
f 172 18 17
f 21 18 172
f 173 24 21
f 174 27 24
f 30 27 174
f 175 38 30
f 48 38 175
f 176 60 48
f 177 46 60
f 178 47 46
f 179 59 47
f 180 85 59
f 181 94 85
f 182 103 94
f 183 114 103
f 184 123 114
f 185 135 123
f 186 141 135
f 187 146 141
f 188 154 146
f 35 154 188
f 189 57 35
f 190 58 57
f 191 69 58
f 192 74 69
f 193 84 74
f 194 93 84
f 113 93 194
f 195 122 113
f 196 112 122
f 197 68 112
f 43 68 197
f 198 44 43
f 199 45 44
f 200 55 45
f 201 67 55
f 202 83 67
f 203 92 83
f 204 102 92
f 205 111 102
f 206 56 111
f 207 91 56
f 208 73 91
f 209 53 73
f 210 54 53
f 211 66 54
f 212 82 66
f 213 101 82
f 214 110 101
f 121 110 214
f 215 134 121
f 216 132 134
f 217 133 132
f 140 133 217
f 218 99 140
f 219 100 99
f 220 109 100
f 221 120 109
f 222 131 120
f 223 129 131
f 130 129 223
f 224 128 130
f 225 119 128
f 226 108 119
f 227 98 108
f 90 98 227
f 81 90 228
f 229 36 81
f 230 37 36
f 231 42 37
f 232 52 42
f 233 65 52
f 234 72 65
f 235 16 72
f 236 1 16
f 80 1 236
f 237 64 80
f 238 7 64
f 239 8 7
f 240 9 8
f 241 11 9
f 242 13 11
f 243 15 13
f 20 15 243
f 244 23 20
f 245 26 23
f 246 29 26
f 34 29 246
f 247 41 34
f 248 51 41
f 63 51 248
f 249 78 63
f 250 79 78
f 251 107 79
f 252 118 107
f 253 127 118
f 254 106 127
f 255 33 106
f 256 5 33
f 257 2 5
f 258 3 2
f 259 4 3
f 260 6 4
f 261 10 6
f 262 12 10
f 263 14 12
f 264 19 14
f 265 22 19
f 266 25 22
f 267 28 25
f 268 40 28
f 269 50 40
f 270 62 50
f 271 71 62
f 272 77 71
f 273 89 77
f 274 97 89
f 275 117 97
f 276 126 117
f 277 145 126
f 278 150 145
f 279 149 150
f 31 149 279
f 280 32 31
f 281 39 32
f 282 49 39
f 283 61 49
f 284 70 61
f 285 76 70
f 88 76 285
f 96 88 286
f 287 105 96
f 116 105 287
f 288 125 116
f 139 125 288
f 289 144 139
f 290 156 144
f 291 155 156
f 156 290 291
f 144 289 290
f 139 292 289
f 288 292 139
f 116 293 288
f 287 293 116
f 96 294 287
f 286 294 96
f 285 286 88
f 70 284 285
f 61 283 284
f 49 282 283
f 39 281 282
f 32 280 281
f 31 295 280
f 279 295 31
f 150 278 279
f 145 277 278
f 126 276 277
f 117 275 276
f 97 274 275
f 89 273 274
f 77 272 273
f 71 271 272
f 62 270 271
f 50 269 270
f 40 268 269
f 28 267 268
f 25 266 267
f 22 265 266
f 19 264 265
f 14 263 264
f 12 262 263
f 10 261 262
f 6 260 261
f 4 259 260
f 3 258 259
f 2 257 258
f 5 256 257
f 33 255 256
f 106 254 255
f 127 253 254
f 118 252 253
f 107 251 252
f 79 250 251
f 78 249 250
f 63 296 249
f 248 296 63
f 41 247 248
f 34 297 247
f 246 297 34
f 26 245 246
f 23 244 245
f 20 298 244
f 243 298 20
f 13 242 243
f 11 241 242
f 9 240 241
f 8 239 240
f 7 238 239
f 64 237 238
f 80 299 237
f 236 299 80
f 16 235 236
f 72 234 235
f 65 233 234
f 52 232 233
f 42 231 232
f 37 230 231
f 36 229 230
f 81 300 229
f 228 300 81
f 227 228 90
f 108 226 227
f 119 225 226
f 128 224 225
f 130 301 224
f 223 301 130
f 131 222 223
f 120 221 222
f 109 220 221
f 100 219 220
f 99 218 219
f 140 302 218
f 217 302 140
f 132 216 217
f 134 215 216
f 121 303 215
f 214 303 121
f 101 213 214
f 82 212 213
f 66 211 212
f 54 210 211
f 53 209 210
f 73 208 209
f 91 207 208
f 56 206 207
f 111 205 206
f 102 204 205
f 92 203 204
f 83 202 203
f 67 201 202
f 55 200 201
f 45 199 200
f 44 198 199
f 43 304 198
f 197 304 43
f 112 196 197
f 122 195 196
f 113 305 195
f 194 305 113
f 84 193 194
f 74 192 193
f 69 191 192
f 58 190 191
f 57 189 190
f 35 306 189
f 188 306 35
f 146 187 188
f 141 186 187
f 135 185 186
f 123 184 185
f 114 183 184
f 103 182 183
f 94 181 182
f 85 180 181
f 59 179 180
f 47 178 179
f 46 177 178
f 60 176 177
f 48 307 176
f 175 307 48
f 30 308 175
f 174 308 30
f 24 173 174
f 21 309 173
f 172 309 21
f 17 171 172
f 75 170 171
f 115 169 170
f 104 168 169
f 95 167 168
f 87 166 167
f 86 310 166
f 165 310 86
f 136 311 165
f 164 311 136
f 147 163 164
f 151 162 163
f 138 161 162
f 137 160 161
f 143 159 160
f 148 312 159
f 158 312 148
f 152 157 158
f 155 291 157
f 313 291 290
f 314 157 291
f 315 290 289
f 291 313 314
f 316 289 292
f 290 315 313
f 317 292 288
f 289 316 315
f 318 288 293
f 292 317 316
f 288 318 317
f 319 158 157
f 157 314 319
f 320 312 158
f 158 319 320
f 321 159 312
f 322 163 162
f 323 164 163
f 312 320 321
f 324 160 159
f 325 162 161
f 163 322 323
f 326 327 311
f 293 287 328
f 159 321 324
f 162 325 322
f 164 323 326
f 293 329 318
f 330 161 160
f 311 164 326
f 327 331 165
f 332 328 287
f 160 324 330
f 165 311 327
f 331 333 310
f 328 329 293
f 310 165 331
f 334 332 294
f 161 330 325
f 335 334 286
f 287 294 332
f 279 278 336
f 337 338 295
f 335 285 284
f 294 286 334
f 295 279 337
f 280 295 338
f 339 340 284
f 286 285 335
f 341 254 253
f 341 342 255
f 278 277 343
f 338 344 280
f 345 339 283
f 284 340 335
f 255 254 341
f 277 276 346
f 336 337 279
f 347 345 282
f 284 283 339
f 348 349 252
f 253 349 341
f 350 346 276
f 343 336 278
f 344 347 281
f 283 282 345
f 351 348 251
f 253 252 349
f 346 343 277
f 282 281 347
f 252 251 348
f 342 352 256
f 275 274 353
f 281 280 344
f 354 207 206
f 351 250 249
f 256 255 342
f 355 353 274
f 276 275 350
f 206 356 354
f 208 207 357
f 358 249 296
f 251 250 351
f 359 355 273
f 353 350 275
f 356 206 205
f 357 360 208
f 361 296 248
f 249 358 351
f 272 271 362
f 274 273 355
f 205 204 363
f 354 357 207
f 364 248 247
f 296 361 358
f 271 270 365
f 273 272 359
f 204 203 366
f 205 367 356
f 248 364 361
f 270 269 368
f 362 359 272
f 203 202 369
f 363 367 205
f 370 216 215
f 371 217 216
f 372 373 297
f 247 373 364
f 365 362 271
f 333 374 166
f 375 376 188
f 366 363 204
f 377 209 208
f 378 215 303
f 216 370 371
f 247 297 373
f 352 379 257
f 269 268 380
f 166 310 333
f 376 306 188
f 381 189 306
f 202 201 382
f 208 360 377
f 383 303 214
f 215 378 370
f 384 372 246
f 257 256 352
f 268 267 385
f 368 365 270
f 386 375 187
f 306 376 381
f 369 366 203
f 377 387 210
f 303 383 378
f 388 302 217
f 389 384 245
f 297 246 372
f 267 266 390
f 380 368 269
f 391 386 186
f 188 187 375
f 392 196 195
f 393 197 196
f 382 201 200
f 210 209 377
f 394 395 213
f 214 395 383
f 217 371 388
f 218 302 396
f 397 389 244
f 246 245 384
f 398 390 266
f 385 380 268
f 399 391 185
f 187 186 386
f 196 392 393
f 393 400 304
f 401 200 199
f 382 369 202
f 402 394 212
f 214 213 395
f 396 403 218
f 219 218 403
f 404 397 298
f 245 244 389
f 405 398 265
f 390 385 267
f 406 177 176
f 407 178 177
f 399 184 183
f 186 185 391
f 304 197 393
f 400 408 198
f 200 401 382
f 213 212 394
f 403 409 219
f 410 222 221
f 411 223 222
f 412 413 224
f 414 236 235
f 414 415 299
f 415 416 237
f 237 416 417
f 418 419 242
f 419 404 243
f 244 298 397
f 420 405 264
f 266 265 398
f 421 176 307
f 177 406 407
f 422 183 182
f 185 184 399
f 198 304 400
f 199 408 401
f 387 402 211
f 388 396 302
f 423 221 220
f 222 410 411
f 301 424 412
f 413 425 225
f 426 235 234
f 299 236 414
f 417 238 237
f 238 417 427
f 241 428 418
f 298 243 404
f 429 420 263
f 265 264 405
f 430 307 175
f 176 421 406
f 431 182 181
f 183 422 399
f 199 198 408
f 212 211 402
f 432 220 219
f 221 423 410
f 225 224 413
f 425 433 226
f 235 426 414
f 427 239 238
f 240 434 428
f 243 242 419
f 429 262 261
f 264 263 420
f 169 435 436
f 308 437 438
f 307 430 421
f 182 431 422
f 211 210 387
f 220 432 423
f 226 225 425
f 433 439 227
f 440 234 233
f 237 299 415
f 239 427 434
f 242 241 418
f 441 261 260
f 263 262 429
f 169 442 435
f 170 436 443
f 174 444 437
f 175 438 430
f 445 446 180
f 181 446 431
f 447 195 305
f 219 409 432
f 227 226 433
f 439 448 228
f 449 233 232
f 234 440 426
f 428 241 240
f 450 260 259
f 261 441 429
f 443 171 170
f 171 443 451
f 173 452 444
f 438 175 308
f 407 445 179
f 181 180 446
f 453 305 194
f 195 447 392
f 228 227 439
f 448 454 300
f 233 449 440
f 379 258 257
f 455 259 258
f 260 450 441
f 168 456 442
f 451 172 171
f 309 457 452
f 437 308 174
f 180 179 445
f 458 190 189
f 459 194 193
f 305 453 447
f 300 228 448
f 454 460 229
f 434 240 239
f 259 455 450
f 167 461 456
f 436 170 169
f 444 174 173
f 189 381 458
f 462 193 192
f 194 459 453
f 424 301 223
f 229 300 454
f 463 232 231
f 258 379 455
f 374 461 167
f 442 169 168
f 172 451 457
f 179 178 407
f 464 192 191
f 193 462 459
f 224 301 412
f 460 465 230
f 465 466 231
f 232 463 449
f 456 168 167
f 452 173 309
f 467 191 190
f 192 464 462
f 230 229 460
f 231 466 463
f 457 309 172
f 191 467 464
f 231 230 465
f 190 458 467
f 167 166 374
f 223 411 424
f 442 468 469
f 456 470 468
f 461 471 470
f 374 472 471
f 473 472 374
f 331 474 473
f 327 475 474
f 326 476 475
f 323 477 476
f 322 478 477
f 479 478 322
f 330 480 479
f 324 481 480
f 321 482 481
f 320 483 482
f 319 484 483
f 314 485 484
f 313 486 485
f 487 486 313
f 316 488 487
f 317 489 488
f 318 490 489
f 329 491 490
f 328 492 491
f 493 492 328
f 334 494 493
f 335 495 494
f 340 496 495
f 339 497 496
f 345 498 497
f 347 499 498
f 344 500 499
f 338 501 500
f 337 502 501
f 336 503 502
f 343 504 503
f 346 505 504
f 350 506 505
f 353 507 506
f 355 508 507
f 509 508 355
f 362 510 509
f 365 511 510
f 368 512 511
f 380 513 512
f 385 514 513
f 390 515 514
f 398 516 515
f 405 517 516
f 420 518 517
f 519 518 420
f 441 520 519
f 450 521 520
f 455 522 521
f 379 523 522
f 352 524 523
f 525 524 352
f 341 526 525
f 349 527 526
f 348 528 527
f 351 529 528
f 358 530 529
f 361 531 530
f 364 532 531
f 373 533 532
f 372 534 533
f 384 535 534
f 389 536 535
f 397 537 536
f 404 538 537
f 419 539 538
f 418 540 539
f 428 541 540
f 434 542 541
f 543 542 434
f 417 544 543
f 416 545 544
f 415 546 545
f 414 547 546
f 426 548 547
f 549 548 426
f 449 550 549
f 463 551 550
f 466 552 551
f 465 553 552
f 460 554 553
f 454 555 554
f 448 556 555
f 439 557 556
f 433 558 557
f 425 559 558
f 413 560 559
f 561 560 413
f 424 562 561
f 411 563 562
f 410 564 563
f 423 565 564
f 566 565 423
f 409 567 566
f 403 568 567
f 396 569 568
f 388 570 569
f 371 571 570
f 370 572 571
f 378 573 572
f 383 574 573
f 395 575 574
f 394 576 575
f 402 577 576
f 387 578 577
f 377 579 578
f 360 580 579
f 581 580 360
f 354 582 581
f 356 583 582
f 367 584 583
f 363 585 584
f 366 586 585
f 369 587 586
f 382 588 587
f 401 589 588
f 408 590 589
f 400 591 590
f 592 591 400
f 392 593 592
f 447 594 593
f 453 595 594
f 459 596 595
f 462 597 596
f 464 598 597
f 467 599 598
f 458 600 599
f 381 601 600
f 376 602 601
f 375 603 602
f 386 604 603
f 391 605 604
f 399 606 605
f 422 607 606
f 431 608 607
f 446 609 608
f 445 610 609
f 407 611 610
f 406 612 611
f 613 612 406
f 430 614 613
f 438 615 614
f 616 615 438
f 444 617 616
f 452 618 617
f 457 619 618
f 451 620 619
f 443 621 620
f 436 622 621
f 435 469 622
f 622 436 435
f 621 443 436
f 620 451 443
f 619 457 451
f 618 452 457
f 617 444 452
f 616 437 444
f 438 437 616
f 614 430 438
f 613 421 430
f 406 421 613
f 611 407 406
f 610 445 407
f 609 446 445
f 608 431 446
f 607 422 431
f 606 399 422
f 605 391 399
f 604 386 391
f 603 375 386
f 602 376 375
f 601 381 376
f 600 458 381
f 599 467 458
f 598 464 467
f 597 462 464
f 596 459 462
f 595 453 459
f 594 447 453
f 593 392 447
f 592 393 392
f 400 393 592
f 590 408 400
f 589 401 408
f 588 382 401
f 587 369 382
f 586 366 369
f 585 363 366
f 584 367 363
f 583 356 367
f 582 354 356
f 581 357 354
f 360 357 581
f 579 377 360
f 578 387 377
f 577 402 387
f 576 394 402
f 575 395 394
f 574 383 395
f 573 378 383
f 572 370 378
f 571 371 370
f 570 388 371
f 569 396 388
f 568 403 396
f 567 409 403
f 566 432 409
f 423 432 566
f 564 410 423
f 563 411 410
f 562 424 411
f 561 412 424
f 413 412 561
f 559 425 413
f 558 433 425
f 557 439 433
f 556 448 439
f 555 454 448
f 554 460 454
f 553 465 460
f 552 466 465
f 551 463 466
f 550 449 463
f 549 440 449
f 426 440 549
f 547 414 426
f 546 415 414
f 545 416 415
f 544 417 416
f 543 427 417
f 434 427 543
f 541 428 434
f 540 418 428
f 539 419 418
f 538 404 419
f 537 397 404
f 536 389 397
f 535 384 389
f 534 372 384
f 533 373 372
f 532 364 373
f 531 361 364
f 530 358 361
f 529 351 358
f 528 348 351
f 527 349 348
f 526 341 349
f 525 342 341
f 352 342 525
f 523 379 352
f 522 455 379
f 521 450 455
f 520 441 450
f 519 429 441
f 420 429 519
f 517 405 420
f 516 398 405
f 515 390 398
f 514 385 390
f 513 380 385
f 512 368 380
f 511 365 368
f 510 362 365
f 509 359 362
f 355 359 509
f 507 353 355
f 506 350 353
f 505 346 350
f 504 343 346
f 503 336 343
f 502 337 336
f 501 338 337
f 500 344 338
f 499 347 344
f 498 345 347
f 497 339 345
f 496 340 339
f 495 335 340
f 494 334 335
f 493 332 334
f 328 332 493
f 491 329 328
f 490 318 329
f 489 317 318
f 488 316 317
f 487 315 316
f 313 315 487
f 485 314 313
f 484 319 314
f 483 320 319
f 482 321 320
f 481 324 321
f 480 330 324
f 479 325 330
f 322 325 479
f 477 323 322
f 476 326 323
f 475 327 326
f 474 331 327
f 473 333 331
f 374 333 473
f 471 461 374
f 470 456 461
f 468 442 456
f 469 435 442
usemtl 54,111,178
f 623 624 625
f 1888 625 626
f 1889 626 627
f 1890 627 628
f 1891 628 629
f 1892 629 630
f 1893 630 631
f 1894 631 632
f 1895 632 633
f 1896 633 634
f 1897 634 635
f 1898 635 636
f 1899 636 637
f 1900 1889 1890
f 1901 1890 1891
f 1902 1891 1892
f 1903 1892 1893
f 1904 1893 1894
f 1905 1894 1895
f 1906 1897 1898
f 1907 1898 1899
f 1908 1905 1909
f 1910 1906 1907
f 1911 1907 1912
f 1913 1914 1915
f 1916 1915 1917
f 1918 1917 1919
f 1920 1919 1921
f 1922 1921 1908
f 1923 1908 1924
f 1925 1924 1926
f 1927 1926 1910
f 1928 1910 1911
f 1929 1911 1930
f 1931 1913 1916
f 1918 1932 638
f 1932 1933 639
f 1916 640 639
f 1918 641 640
f 639 638 1932
f 640 1916 1918
f 639 1933 1916
f 1932 1918 1920
f 1922 1934 642
f 1935 643 642
f 1920 644 643
f 1920 1922 645
f 642 1934 1935
f 645 644 1920
f 643 1935 1920
f 1923 1936 646
f 1936 1934 647
f 1922 648 647
f 1923 649 648
f 647 646 1936
f 648 1922 1923
f 647 1934 1922
f 1936 1923 1925
f 1937 1925 1927
f 1938 1927 1928
f 1939 1928 1929
f 1940 1929 1941
f 1942 1931 1933
f 1943 1937 1938
f 1944 1938 1939
f 1945 1939 1940
f 1946 1940 1947
f 1948 1942 1949
f 1950 1949 1951
f 1952 1951 1953
f 1954 1953 1955
f 1956 1955 1957
f 1958 1957 1943
f 1959 650 651
f 1960 652 650
f 1960 653 654
f 650 1959 1960
f 651 655 1959
f 656 654 657
f 654 656 1960
f 656 652 1960
f 657 658 656
f 1960 659 653
f 660 661 662
f 660 663 664
f 1960 665 659
f 664 661 660
f 662 666 660
f 1960 667 665
f 1959 668 669
f 660 670 663
f 1960 671 667
f 1959 672 668
f 660 673 670
f 1960 674 671
f 1959 675 672
f 660 676 673
f 1960 677 674
f 1959 678 675
f 660 679 676
f 660 680 681
f 1960 682 677
f 1959 683 678
f 1959 684 685
f 660 686 679
f 660 687 680
f 655 688 1959
f 1959 689 683
f 1959 690 691
f 685 692 1959
f 660 693 686
f 660 694 687
f 1960 695 682
f 1960 696 697
f 1959 698 689
f 1959 699 690
f 1959 700 684
f 660 701 693
f 660 702 694
f 658 703 656
f 1960 704 696
f 691 698 1959
f 1959 705 700
f 660 706 701
f 660 707 702
f 697 695 1960
f 1959 708 699
f 1959 709 705
f 681 706 660
f 1960 710 704
f 1959 711 708
f 1959 712 709
f 660 713 707
f 713 660 714
f 1960 715 710
f 1959 716 711
f 1959 717 712
f 714 718 713
f 1960 719 715
f 1959 720 716
f 1959 721 717
f 666 722 660
f 718 714 723
f 724 725 726
f 1960 727 719
f 1959 728 720
f 1959 729 721
f 1959 730 731
f 723 724 718
f 724 723 725
f 726 732 724
f 688 733 1959
f 1960 734 735
f 1959 736 728
f 1959 737 729
f 731 738 1959
f 739 722 666
f 1960 740 727
f 1960 741 742
f 735 743 1960
f 744 745 746
f 1959 747 736
f 738 737 1959
f 666 656 739
f 732 726 748
f 1960 749 740
f 1960 750 741
f 1960 751 734
f 1960 1948 752
f 744 753 745
f 692 747 1959
f 748 754 732
f 742 749 1960
f 754 755 756
f 1960 757 751
f 1960 758 759
f 752 760 1960
f 744 761 753
f 1959 762 730
f 703 739 656
f 754 748 755
f 756 763 754
f 763 756 764
f 743 765 1960
f 1960 766 758
f 760 767 1960
f 744 768 761
f 769 770 771
f 1959 772 762
f 764 773 763
f 773 774 763
f 1960 775 757
f 767 766 1960
f 744 776 768
f 769 777 770
f 1959 778 772
f 774 779 780
f 774 773 781
f 1960 782 775
f 759 783 1960
f 744 784 776
f 769 746 777
f 1959 785 778
f 1960 786 750
f 781 779 774
f 1960 787 782
f 783 788 1960
f 771 789 769
f 1959 790 785
f 780 744 774
f 788 787 1960
f 744 791 784
f 744 780 792
f 1959 793 790
f 765 786 1960
f 792 791 744
f 746 769 744
f 1959 733 793
f 1961 669 752
f 752 1948 1961
f 1961 1948 1950
f 1962 1963 794
f 1950 795 794
f 794 1963 1950
f 1952 796 795
f 795 1950 1952
f 1952 1962 797
f 797 796 1952
f 1962 1952 1954
f 1964 798 799
f 1954 800 798
f 798 1964 1954
f 1954 1956 801
f 801 800 1954
f 1956 1965 799
f 799 801 1956
f 1966 1965 802
f 1956 803 802
f 802 1965 1956
f 1958 804 803
f 803 1956 1958
f 1958 1966 805
f 805 804 1958
f 1967 1959 1961
f 1968 1961 1963
f 1969 806 807
f 1970 808 806
f 806 1969 1970
f 1970 1963 809
f 809 808 1970
f 1963 1962 807
f 807 809 1963
f 1971 810 811
f 1971 1969 812
f 812 810 1971
f 1969 1962 813
f 813 812 1969
f 1964 811 813
f 813 1962 1964
f 1972 814 815
f 1972 1971 816
f 816 814 1972
f 1971 1964 817
f 817 816 1971
f 1965 815 817
f 817 1964 1965
f 1973 818 819
f 1973 1972 820
f 820 818 1973
f 1972 1965 821
f 821 820 1972
f 1966 819 821
f 821 1965 1966
f 1974 1975 822
f 1975 1976 823
f 1974 824 825
f 823 822 1975
f 822 824 1974
f 1977 825 823
f 823 1976 1977
f 1977 1976 826
f 1976 1978 827
f 1977 828 829
f 827 826 1976
f 826 828 1977
f 1979 829 827
f 827 1978 1979
f 1979 1978 830
f 1978 1980 831
f 1979 832 833
f 831 830 1978
f 830 832 1979
f 1981 833 831
f 831 1980 1981
f 1981 1980 834
f 1982 835 834
f 1983 1981 836
f 834 1980 1982
f 834 836 1981
f 1983 837 835
f 835 1982 1983
f 1984 1974 1977
f 1985 1977 1979
f 1986 1979 1981
f 1987 1981 1983
f 1988 1989 1990
f 1991 1990 1992
f 1993 1992 1994
f 1995 1996 1984
f 1997 1984 1985
f 1998 1985 1986
f 1999 1986 1987
f 2000 1987 2001
f 838 1995 1997
f 839 1997 1998
f 840 1998 1999
f 841 1999 2000
f 842 2000 2002
f 1905 564 565
f 565 566 1905
f 1905 568 569
f 566 567 1905
f 1905 562 563
f 1905 1908 561
f 567 568 1905
f 561 562 1905
f 563 564 1905
f 1908 560 561
f 1908 559 560
f 1908 554 555
f 1904 599 600
f 1908 558 559
f 555 556 1908
f 1908 542 543
f 600 601 1904
f 1905 598 599
f 1905 590 591
f 1908 557 558
f 1908 553 554
f 1908 541 542
f 599 1904 1905
f 1905 589 590
f 556 557 1908
f 543 544 1908
f 1905 597 598
f 1905 588 589
f 1908 552 553
f 1908 540 541
f 1905 596 597
f 1905 587 588
f 1908 551 552
f 1908 539 540
f 1905 595 596
f 1905 586 587
f 1908 550 551
f 1908 538 539
f 1905 594 595
f 1905 592 593
f 1905 585 586
f 1908 549 550
f 1908 537 538
f 593 594 1905
f 1905 584 585
f 1905 570 571
f 1908 548 549
f 1908 536 537
f 591 592 1905
f 1905 580 581
f 571 572 1905
f 1908 547 548
f 1908 535 536
f 1905 583 584
f 581 582 1905
f 569 570 1905
f 1908 534 535
f 582 583 1905
f 1908 546 547
f 1908 533 534
f 1905 579 580
f 1908 545 546
f 1908 532 533
f 1905 578 579
f 544 545 1908
f 1908 1921 531
f 1905 577 578
f 531 532 1908
f 1905 576 577
f 1921 530 531
f 1905 575 576
f 1921 529 530
f 1905 574 575
f 1921 528 529
f 1905 573 574
f 1921 527 528
f 1921 524 525
f 572 573 1905
f 525 526 1921
f 526 527 1921
f 2003 1943 843
f 1943 1944 844
f 844 843 1943
f 2004 845 844
f 844 1944 2004
f 2004 1944 846
f 1944 1945 847
f 847 846 1944
f 2005 848 847
f 847 1945 2005
f 2005 1945 849
f 1945 1946 850
f 850 849 1945
f 2006 851 850
f 850 1946 2006
f 1942 1948 852
f 1960 853 852
f 852 1948 1960
f 854 855 1931
f 2007 1913 856
f 1931 855 856
f 856 1913 1931
f 1914 1913 857
f 2007 858 857
f 857 1913 2007
f 859 1914 860
f 1914 861 862
f 863 864 865
f 1900 866 863
f 862 860 1914
f 867 868 862
f 863 869 1900
f 870 871 866
f 862 861 867
f 869 865 867
f 866 1900 870
f 1900 1914 859
f 867 861 869
f 859 870 1900
f 865 869 863
f 1888 1889 872
f 1900 869 872
f 872 1889 1900
f 873 623 874
f 1888 875 874
f 874 623 1888
f 876 877 878
f 879 880 881
f 876 882 881
f 881 880 876
f 883 884 1989
f 885 886 887
f 888 1941 889
f 1930 890 889
f 889 1941 1930
f 1947 1941 888
f 891 892 893
f 891 894 895
f 891 896 897
f 891 898 899
f 891 900 892
f 895 901 891
f 891 902 903
f 891 904 905
f 891 906 896
f 899 907 891
f 901 900 891
f 903 908 891
f 891 909 910
f 891 911 904
f 891 912 913
f 891 914 915
f 916 917 918
f 907 906 891
f 908 894 891
f 891 919 909
f 905 920 891
f 891 921 922
f 915 912 891
f 891 918 923
f 916 924 917
f 893 898 891
f 920 919 891
f 913 921 891
f 918 891 916
f 910 902 891
f 923 914 891
f 2008 1947 897
f 922 911 891
f 897 1947 891
f 2009 2008 925
f 1983 1982 926
f 927 928 929
f 929 930 927
f 928 931 932
f 928 933 934
f 928 935 929
f 928 936 937
f 928 938 939
f 934 931 928
f 928 940 941
f 937 935 928
f 939 942 928
f 941 933 928
f 942 936 928
f 932 943 928
f 943 938 928
f 928 944 945
f 945 940 928
f 946 947 948
f 946 949 950
f 948 951 946
f 946 952 953
f 946 954 955
f 949 956 950
f 946 957 947
f 946 958 959
f 953 960 946
f 950 954 946
f 959 957 946
f 955 952 946
f 961 2001 956
f 1983 962 956
f 946 963 944
f 960 958 946
f 956 2001 1983
f 951 963 946
f 944 928 946
f 2002 2001 961
f 964 965 966
f 965 967 968
f 968 966 965
f 2002 969 968
f 968 967 2002
f 970 971 972
f 973 974 975
f 878 976 977
f 878 978 979
f 878 980 981
f 877 982 983
f 973 984 985
f 973 986 987
f 973 988 974
f 973 989 990
f 979 976 878
f 878 983 980
f 877 991 982
f 973 992 993
f 987 984 973
f 990 988 973
f 994 973 995
f 878 996 978
f 983 878 877
f 877 997 998
f 973 999 1000
f 993 1001 973
f 973 1002 1003
f 975 986 973
f 973 1004 1005
f 973 994 1006
f 878 1007 994
f 981 996 878
f 998 1008 877
f 1001 999 973
f 985 1002 973
f 973 1009 1004
f 1006 1010 973
f 1010 1009 973
f 878 1011 1007
f 1008 991 877
f 1003 992 973
f 1005 989 973
f 977 1011 878
f 1012 1013 995
f 1014 1000 1015
f 995 973 1012
f 1000 1014 973
f 1015 1016 1014
f 1016 1017 1018
f 2010 1019 1018
f 1018 1017 2010
f 1017 1020 2011
f 2011 1021 1022
f 2011 1020 1023
f 1023 1021 2011
f 1020 1024 1025
f 1025 1023 1020
f 2012 1022 1025
f 1025 1024 2012
f 1024 1026 1967
f 1026 1027 1959
f 1028 1959 1029
f 1959 1027 1030
f 1031 1032 1033
f 1960 1034 1031
f 1030 1029 1959
f 1030 1027 1035
f 1031 1036 1960
f 1037 1038 1034
f 1035 1039 1030
f 1027 1036 1033
f 1034 1960 1037
f 1959 1028 1037
f 1033 1035 1027
f 1037 1960 1959
f 1033 1036 1031
f 1960 1036 1040
f 1041 1042 1040
f 1040 1036 1041
f 1043 1044 1045
f 1042 1041 1046
f 1045 1047 1043
f 1046 1043 1042
f 1046 1044 1043
f 1048 1049 1050
f 1048 1051 1052
f 1048 1053 1054
f 1048 1055 1056
f 1052 1049 1048
f 1048 1043 1057
f 1048 1058 1059
f 1056 1053 1048
f 1048 1060 1061
f 1057 1051 1048
f 1054 1058 1048
f 1050 1060 1048
f 1061 1055 1048
f 2007 1062 1048
f 1048 1063 2007
f 1064 1065 1066
f 1066 1067 1064
f 1064 1068 1069
f 1064 1070 1065
f 1064 1071 1068
f 1064 1072 1073
f 1069 1070 1064
f 1064 1074 1075
f 1067 1072 1064
f 1064 1076 1074
f 1064 1077 1063
f 1075 1071 1064
f 1063 1078 1064
f 2007 1063 1077
f 1078 1076 1064
f 1073 1079 1064
f 873 1080 1081
f 873 1082 1080
f 873 1083 1084
f 1085 1064 1079
f 1084 1082 873
f 1079 873 1085
f 1079 1083 873
f 1086 1934 1936
f 1087 1935 1934
f 1088 1932 1935
f 1951 1949 1089
f 1933 1090 1089
f 1089 1949 1933
f 1932 1088 1090
f 1090 1933 1932
f 1951 1091 1092
f 1953 1092 1093
f 1955 1093 1094
f 1937 1943 1095
f 1957 1094 1095
f 1936 1937 1096
f 1095 1943 1957
f 1095 1096 1937
f 1097 1098 1975
f 1099 1972 1973
f 1100 1971 1972
f 1101 1969 1971
f 1102 1970 1969
f 1103 1968 1970
f 2012 1967 1104
f 1968 1103 1104
f 1104 1967 1968
f 2012 1105 1106
f 2012 1107 1105
f 2012 1108 1107
f 1109 1110 1111
f 1109 1112 1113
f 2012 1114 1108
f 1113 1110 1109
f 1111 1115 1109
f 2012 1116 1114
f 2011 1117 1118
f 1109 1119 1112
f 2011 1120 1121
f 2012 1122 1120
f 2012 1123 1116
f 2011 1124 1117
f 1109 1125 1119
f 1120 2011 2012
f 1121 1126 2011
f 1127 2012 1128
f 2012 1129 1123
f 2011 1130 1124
f 1109 1131 1125
f 1128 1132 1127
f 2012 1133 1129
f 2011 1134 1130
f 1109 1135 1131
f 1109 1136 1137
f 1127 1122 2012
f 2012 1138 1133
f 2011 1139 1134
f 2011 1140 1141
f 1109 1142 1135
f 1109 1143 1136
f 1106 1128 2012
f 2011 1144 1139
f 2011 1145 1146
f 1141 1147 2011
f 1109 1148 1142
f 1109 1149 1143
f 2012 1150 1138
f 2012 1151 1152
f 2011 1153 1144
f 2011 1154 1145
f 2011 1155 1140
f 1109 1156 1148
f 1109 1157 1149
f 1126 1158 2011
f 2012 1159 1151
f 1146 1153 2011
f 2011 1160 1155
f 1109 1161 1156
f 1109 1162 1157
f 1152 1150 2012
f 2011 1163 1154
f 2011 1164 1160
f 1137 1161 1109
f 2012 1165 1159
f 2011 1166 1163
f 2011 1167 1164
f 1109 1168 1162
f 1168 1109 1169
f 2012 1170 1165
f 2011 1171 1166
f 2011 1172 1167
f 1169 1173 1168
f 2012 1174 1170
f 2011 1175 1171
f 2011 1176 1172
f 1115 1177 1109
f 1173 1169 1178
f 1179 1180 1181
f 2012 1182 1174
f 2011 1183 1175
f 2011 1184 1176
f 2011 1185 1186
f 1178 1179 1173
f 1179 1178 1180
f 1181 1187 1179
f 1158 1188 2011
f 2012 1189 1190
f 2011 1191 1183
f 2011 1192 1184
f 1186 1193 2011
f 1194 1177 1115
f 2012 1195 1182
f 2012 1196 1197
f 1190 1198 2012
f 1199 1200 1201
f 2011 1202 1191
f 1193 1192 2011
f 1115 1127 1194
f 1187 1181 1203
f 2012 1204 1195
f 2012 1205 1196
f 2012 1206 1189
f 2012 1207 1208
f 1199 1209 1200
f 1147 1202 2011
f 1203 1210 1187
f 1197 1204 2012
f 1210 1211 1212
f 2012 1213 1206
f 2012 1214 1215
f 1208 1216 2012
f 1199 1217 1209
f 2011 1218 1185
f 1132 1194 1127
f 1210 1203 1211
f 1212 1219 1210
f 1219 1212 1220
f 1198 1221 2012
f 2012 1222 1214
f 1216 1223 2012
f 1199 1224 1217
f 1225 1226 1227
f 2011 1228 1218
f 1220 1229 1219
f 1229 1230 1219
f 2012 1231 1213
f 1223 1222 2012
f 1199 1232 1224
f 1225 1233 1226
f 2011 1234 1228
f 1230 1235 1236
f 1230 1229 1237
f 2012 1238 1231
f 1215 1239 2012
f 1199 1240 1232
f 1225 1201 1233
f 2011 1241 1234
f 2012 1242 1205
f 1237 1235 1230
f 2012 1243 1238
f 1239 1244 2012
f 1227 1245 1225
f 2011 1246 1241
f 1236 1199 1230
f 1244 1243 2012
f 1199 1247 1240
f 1199 1236 1248
f 2011 1249 1246
f 1221 1242 2012
f 1248 1247 1199
f 1201 1225 1199
f 2011 1188 1249
f 1250 1118 1208
f 1208 1207 1250
f 2010 2011 1250
f 2010 1251 1252
f 1253 1254 1252
f 1252 1251 1253
f 1989 1255 1256
f 1254 1253 1256
f 1255 1257 1013
f 1989 884 1257
f 1256 1255 1254
f 1257 1255 1989
f 1013 1012 1255
f 1989 1258 1259
f 1990 1259 1260
f 1259 1261 1262
f 1262 1260 1259
f 1992 1263 1262
f 1990 1264 1263
f 1262 1261 1992
f 1260 1264 1990
f 1992 1261 1265
f 1266 1267 1265
f 1265 1261 1266
f 1994 1268 1267
f 1994 1992 1269
f 1267 1266 1994
f 1265 1269 1992
f 1994 1266 1270
f 1271 1272 1270
f 1270 1266 1271
f 2013 1273 1272
f 2013 1994 1274
f 1272 1271 2013
f 1270 1274 1994
f 2013 1271 1275
f 1276 1277 1275
f 1275 1271 1276
f 1996 1278 1277
f 1996 2013 1279
f 1277 1276 1996
f 1275 1279 2013
f 1974 1984 1280
f 1996 1276 1280
f 1280 1984 1996
f 1973 1966 1281
f 1282 1283 1284
f 1283 1285 1286
f 1285 1287 1288
f 2009 1289 1290
f 1288 1287 1290
f 1290 1289 1288
f 2006 1291 1292
f 1293 1294 1292
f 1292 1291 1293
f 2005 1295 1294
f 1294 1293 2005
f 2005 1293 1296
f 1297 1298 1296
f 1296 1293 1297
f 2004 1299 1298
f 1298 1297 2004
f 2004 1297 1300
f 1301 1302 1300
f 1300 1297 1301
f 2003 1303 1302
f 1302 1301 2003
f 1966 1958 1304
f 2003 1305 1304
f 1306 1305 1307
f 2003 1301 1307
f 1304 1958 2003
f 1307 1305 2003
f 1307 1308 1306
f 1309 1306 1308
f 1310 1311 1312
f 1311 1313 1314
f 1314 1312 1311
f 1315 1316 1314
f 1973 1316 1315
f 1314 1313 1315
f 1312 1309 1310
f 1317 1313 1311
f 1975 1098 1318
f 1317 1319 1318
f 1318 1098 1317
f 1975 1320 1321
f 1976 1321 1322
f 1978 1322 1323
f 1980 1323 1324
f 926 1982 1325
f 1325 1326 926
f 1325 1282 1326
f 1982 1324 1325
f 2009 1327 1328
f 1327 1291 1329
f 1329 1328 1327
f 2006 1330 1329
f 1329 1291 2006
f 2006 1946 1331
f 2008 1332 1331
f 1331 1946 2008
f 2009 1333 1332
f 1332 2008 2009
f 1915 1914 1334
f 1900 1335 1334
f 1334 1914 1900
f 1901 1336 1335
f 1335 1900 1901
f 1901 1902 1337
f 1902 1917 1338
f 1338 1337 1902
f 1338 1917 1339
f 1339 1340 1338
f 1915 1341 1339
f 1339 1917 1915
f 1342 1343 1341
f 1341 1915 1342
f 1344 1345 1346
f 1344 1347 1345
f 1348 1349 1350
f 1346 1351 1344
f 1348 1352 1347
f 1348 1353 1349
f 1347 1344 1348
f 1348 1354 1353
f 1355 1356 1357
f 1348 1358 1352
f 1348 1359 1354
f 1357 1360 1355
f 1348 1361 1358
f 1348 1362 1359
f 1360 1363 1355
f 1348 1364 1361
f 1348 1365 1362
f 1363 1366 1355
f 1348 1367 1364
f 1348 1368 1365
f 1348 1369 1370
f 1371 1372 1373
f 1366 1374 1355
f 1375 1376 1377
f 1351 1378 1344
f 1348 1379 1368
f 1348 1380 1369
f 1373 1381 1371
f 1374 1382 1355
f 1375 1383 1384
f 1377 1385 1375
f 1348 1386 1367
f 1370 1379 1348
f 1381 1387 1371
f 1355 1388 1389
f 1382 1390 1355
f 1385 1383 1375
f 1350 1386 1348
f 1387 1391 1371
f 1390 1388 1355
f 1375 1392 1393
f 1375 1394 1376
f 1348 1395 1380
f 1993 1396 1397
f 1391 1398 1371
f 1375 1399 1355
f 1384 1392 1375
f 1348 1400 1395
f 1993 1401 1396
f 1371 1402 1403
f 1398 1404 1371
f 1393 1399 1375
f 1348 1405 1400
f 1397 1348 1993
f 1404 1402 1371
f 1375 1406 1394
f 1348 1407 1405
f 1397 1408 1348
f 1371 1409 1410
f 1371 1375 1372
f 1375 1411 1406
f 1348 1412 1407
f 1408 1413 1348
f 1410 1414 1371
f 1403 1415 1371
f 1375 1416 1411
f 1348 1417 1412
f 1348 1418 1419
f 1413 1420 1348
f 1415 1409 1371
f 1375 1371 1416
f 1421 1422 1423
f 1348 1424 1417
f 1419 1425 1348
f 1420 1426 1348
f 1389 1375 1355
f 1423 1427 1421
f 1348 1428 1424
f 1426 1418 1348
f 1421 1429 1371
f 1427 1430 1421
f 1348 1431 1428
f 1425 1432 1348
f 1430 1429 1421
f 1432 1431 1348
f 1993 2014 1433
f 2014 1422 1434
f 1414 1421 1371
f 1433 1401 1993
f 1421 1434 1422
f 1434 1433 2014
f 1435 1436 1437
f 883 1438 1437
f 1437 1436 883
f 1988 1439 1438
f 1438 883 1988
f 879 1440 1436
f 1436 1435 879
f 1441 1442 1443
f 1988 1444 1441
f 1441 1439 1988
f 1991 1445 1444
f 1444 1988 1991
f 1442 1446 1447
f 1447 1443 1442
f 1435 1448 1447
f 1447 1446 1435
f 1991 1993 1449
f 1993 1348 1450
f 1450 1449 1993
f 1450 1348 1451
f 1451 1452 1450
f 1446 1453 1451
f 1451 1348 1446
f 1442 1454 1453
f 1453 1446 1442
f 1921 522 523
f 1455 1456 1457
f 1921 521 522
f 1458 484 485
f 1457 1459 1455
f 1921 520 521
f 490 1460 1458
f 1458 483 484
f 1461 477 478
f 1459 1462 1455
f 1921 519 520
f 496 1463 1464
f 492 1465 1466
f 491 1466 1467
f 490 1467 1460
f 1458 487 488
f 485 486 1458
f 1461 482 483
f 1461 476 477
f 1468 1469 1470
f 1462 1471 1455
f 1472 1473 1474
f 1472 1475 1476
f 1921 518 519
f 1464 495 496
f 1467 490 491
f 488 489 1458
f 483 1458 1461
f 1461 475 476
f 1470 1477 1468
f 1471 1478 1455
f 1474 1479 1472
f 1476 1480 1472
f 1921 517 518
f 1921 1919 516
f 497 1481 1463
f 493 1482 1465
f 1458 489 490
f 1461 481 482
f 1461 474 475
f 1461 621 622
f 1477 1483 1468
f 1455 1484 1485
f 1478 1486 1455
f 1480 1473 1472
f 516 517 1921
f 1919 514 515
f 1919 503 504
f 497 1487 1481
f 1466 491 492
f 1461 480 481
f 1461 473 474
f 622 469 1461
f 1468 1488 1469
f 1486 1484 1455
f 1479 1489 1472
f 515 516 1919
f 504 505 1919
f 497 1490 1487
f 495 1491 1492
f 486 487 1458
f 1461 472 473
f 1461 620 621
f 1461 609 610
f 1483 1493 1468
f 1485 1494 1455
f 1489 1495 1472
f 1919 513 514
f 505 506 1919
f 497 1496 1490
f 495 1497 1491
f 497 1498 1499
f 497 1500 1501
f 1461 479 480
f 1461 471 472
f 1461 619 620
f 1461 608 609
f 1493 1502 1468
f 1488 1468 1455
f 1472 1503 1475
f 1919 512 513
f 506 507 1919
f 501 1919 1504
f 497 1505 1496
f 495 1464 1497
f 1501 1498 497
f 1499 1506 497
f 478 479 1461
f 1461 618 619
f 1461 607 608
f 1494 1488 1455
f 1495 1507 1472
f 1472 1508 1509
f 1919 511 512
f 1919 502 503
f 1919 1510 1504
f 1492 494 495
f 497 1511 1512
f 1461 470 471
f 1461 617 618
f 1461 606 607
f 1904 605 606
f 1507 1468 1472
f 1472 1513 1508
f 1919 510 511
f 1919 501 502
f 1919 1514 1510
f 497 1515 1505
f 1506 1516 497
f 497 1517 1511
f 1512 1500 497
f 1461 468 470
f 1461 616 617
f 606 1461 1904
f 1472 1518 1503
f 1472 1519 1513
f 1919 509 510
f 1504 500 501
f 500 1504 1520
f 497 1521 1515
f 1516 1521 497
f 469 468 1461
f 1461 611 612
f 1904 604 605
f 1904 602 603
f 1509 1518 1472
f 1903 1522 1523
f 1919 508 509
f 1520 499 500
f 1919 1524 1525
f 498 1526 1517
f 494 1527 1482
f 494 1492 1528
f 1461 615 616
f 612 613 1461
f 603 604 1904
f 1472 1529 1519
f 1472 1530 1531
f 1523 1472 1903
f 507 508 1919
f 499 1520 1526
f 1919 1532 1533
f 1525 1534 1919
f 1517 497 498
f 496 497 1463
f 1528 1527 494
f 1461 614 615
f 610 611 1461
f 1472 1535 1529
f 1523 1530 1472
f 1526 498 499
f 1534 1532 1919
f 1482 493 494
f 613 614 1461
f 1531 1535 1472
f 1903 1904 1461
f 1533 1514 1919
f 1465 492 493
f 1461 1522 1903
f 523 524 1921
f 1919 1536 1537
f 1919 1538 1536
f 1917 1539 1540
f 1541 1542 1543
f 1537 1544 1919
f 1919 1917 1545
f 1917 1546 1539
f 1543 1547 1541
f 1545 1538 1919
f 1917 1548 1546
f 1547 1549 1541
f 1917 1550 1545
f 1917 1551 1548
f 1549 1552 1541
f 1917 1553 1550
f 1917 1554 1551
f 1555 1556 1557
f 1552 1558 1541
f 1559 1560 1561
f 1917 1562 1553
f 1917 1563 1554
f 1557 1564 1555
f 1558 1565 1541
f 1559 1566 1567
f 1561 1568 1559
f 1917 1569 1562
f 1917 1570 1563
f 1917 1571 1572
f 1564 1573 1555
f 1541 1574 1575
f 1565 1576 1541
f 1568 1566 1559
f 1544 1577 1919
f 1917 1578 1570
f 1917 1579 1571
f 1573 1580 1555
f 1576 1574 1541
f 1559 1581 1582
f 1559 1583 1560
f 1917 1584 1569
f 1572 1578 1917
f 1580 1585 1555
f 1559 1586 1541
f 1567 1581 1559
f 1540 1584 1917
f 1555 1587 1588
f 1585 1589 1555
f 1582 1586 1559
f 1917 1590 1579
f 1917 1902 1591
f 1589 1587 1555
f 1559 1592 1583
f 1917 1593 1590
f 1902 1594 1591
f 1555 1595 1596
f 1555 1559 1556
f 1559 1597 1592
f 1917 1598 1593
f 1591 1599 1917
f 1596 1600 1555
f 1588 1601 1555
f 1559 1602 1597
f 1917 1603 1598
f 1599 1604 1917
f 1601 1595 1555
f 1559 1555 1602
f 1605 1472 1606
f 1917 1607 1603
f 1604 1608 1917
f 1575 1559 1541
f 1606 1609 1605
f 1917 1610 1607
f 1917 1611 1612
f 1608 1613 1917
f 1605 1614 1555
f 1609 1615 1605
f 1917 1616 1610
f 1612 1617 1917
f 1613 1618 1917
f 1615 1614 1605
f 1917 1619 1616
f 1618 1611 1917
f 1903 1472 1620
f 1600 1605 1555
f 1917 1621 1619
f 1617 1622 1917
f 1902 1903 1623
f 1605 1620 1472
f 1622 1621 1917
f 1620 1623 1903
f 1623 1594 1902
f 1995 1624 1625
f 1625 1626 1995
f 1995 1627 1628
f 1626 1629 1995
f 1995 1630 1631
f 1629 1627 1995
f 1995 1632 1630
f 1631 1624 1995
f 1995 838 1633
f 1633 1632 1995
f 838 1634 1633
f 838 1635 1636
f 838 1637 1634
f 1636 1638 838
f 838 1639 1640
f 1995 1641 1642
f 838 1643 1637
f 838 1644 1635
f 838 1645 1639
f 1995 1646 1641
f 1638 1643 838
f 1640 1647 838
f 1995 1648 1646
f 838 1649 1644
f 838 1650 1645
f 1995 1651 1648
f 838 1652 1649
f 838 1653 1650
f 1995 1654 1655
f 1995 1656 1651
f 838 1657 1652
f 838 1658 1653
f 1995 1659 1654
f 1995 1660 1661
f 1995 1662 1656
f 838 1663 1657
f 838 1664 1658
f 1661 1659 1995
f 1995 1665 1662
f 1995 1666 1667
f 838 1668 1663
f 838 1669 1664
f 1642 1660 1995
f 1995 1670 1671
f 1667 1672 1995
f 838 1673 1668
f 838 1674 1669
f 1995 1675 1665
f 1671 1676 1995
f 1628 1666 1995
f 838 1677 1674
f 1676 1675 1995
f 838 1678 1673
f 838 1679 1677
f 1995 1680 1670
f 838 1681 1678
f 838 1682 1679
f 1995 1683 1680
f 1647 1681 838
f 1995 1684 1683
f 838 1685 1682
f 838 1686 1687
f 1995 1688 1684
f 1687 1685 838
f 1995 1689 1688
f 1686 1690 1687
f 1995 1691 1689
f 1686 1692 1690
f 1995 1693 1691
f 1686 1694 1692
f 1686 1695 1696
f 1672 1693 1995
f 1696 1697 1686
f 1697 1694 1686
f 2013 1698 1699
f 1699 1700 2013
f 1996 1995 1701
f 2013 1702 1698
f 1701 2013 1996
f 1701 1702 2013
f 1994 2013 1703
f 2013 1704 1703
f 2013 1705 1704
f 2013 1706 1705
f 2013 1707 1708
f 1708 1706 2013
f 1709 1710 1711
f 1711 1712 1709
f 1712 1713 1709
f 1686 1714 1715
f 1716 1717 1718
f 1713 1719 1709
f 1422 1720 1721
f 1422 1722 1723
f 1686 1724 1714
f 1725 1726 1727
f 1718 1728 1716
f 1719 1729 1709
f 1721 1730 1422
f 1723 1731 1422
f 1686 1732 1724
f 1733 1734 1725
f 1725 1735 1726
f 1736 1737 1738
f 1728 1739 1716
f 1709 1740 1741
f 1729 1742 1709
f 1731 1720 1422
f 1686 1743 1732
f 1744 1745 1746
f 1747 1748 1749
f 1750 1749 1751
f 1733 1751 1734
f 1725 1752 1753
f 1727 1754 1725
f 1736 1755 1735
f 1736 1756 1737
f 1716 1757 1717
f 1742 1740 1709
f 1730 1758 1422
f 1686 1759 1743
f 1686 1344 1760
f 1746 1761 1744
f 1751 1733 1750
f 1753 1762 1725
f 1735 1725 1736
f 1736 1763 1756
f 1739 1764 1716
f 1741 1765 1709
f 1758 1766 1422
f 1760 1759 1686
f 1767 1768 1745
f 1769 1770 1748
f 1725 1762 1733
f 1736 1771 1755
f 1736 1772 1763
f 1736 1773 1774
f 1764 1775 1716
f 1757 1716 1709
f 1422 1776 1722
f 1344 1777 1760
f 1344 1778 1779
f 1344 1780 1781
f 1767 1782 1768
f 1749 1750 1747
f 1736 1783 1771
f 1736 1784 1772
f 1774 1785 1736
f 1765 1757 1709
f 1766 1786 1422
f 1422 1787 1788
f 1779 1777 1344
f 1781 1789 1344
f 1767 1790 1782
f 1761 1791 1792
f 1754 1752 1725
f 1736 1793 1784
f 1736 1794 1773
f 1786 1716 1422
f 1422 1795 1787
f 1344 1796 1778
f 1789 1797 1344
f 1767 1798 1790
f 1761 1799 1791
f 1767 1800 1801
f 1767 1802 1803
f 1736 1804 1783
f 1736 1805 1793
f 1736 1806 1794
f 1422 1807 1776
f 1422 1808 1795
f 1344 1809 1796
f 1797 1810 1344
f 1780 1344 1811
f 1767 1812 1798
f 1761 1746 1799
f 1803 1800 1767
f 1801 1813 1767
f 1738 1804 1736
f 1736 1814 1806
f 1788 1807 1422
f 1344 1815 1809
f 1811 1816 1780
f 1816 1811 1817
f 1792 1818 1761
f 1767 1819 1820
f 1736 1821 1805
f 1736 1822 1814
f 1422 1823 1808
f 1344 1824 1815
f 1817 1825 1816
f 1825 1817 1826
f 1767 1827 1812
f 1813 1828 1767
f 1767 1829 1819
f 1820 1802 1767
f 1736 1830 1821
f 1736 1831 1822
f 1736 1832 1833
f 1422 1834 1823
f 1344 1835 1824
f 1826 1836 1825
f 1836 1826 1837
f 1767 1838 1827
f 1828 1838 1767
f 1785 1830 1736
f 1736 1839 1840
f 1736 1841 1832
f 1422 1842 1834
f 1344 1843 1835
f 1837 1844 1836
f 1344 1845 1846
f 1847 1848 1829
f 1818 1849 1770
f 1818 1792 1850
f 1736 1851 1831
f 1840 1852 1736
f 1736 1703 1841
f 1422 1853 1842
f 1810 1843 1344
f 1844 1837 1848
f 1344 1854 1855
f 1846 1856 1344
f 1829 1767 1847
f 1744 1767 1745
f 1850 1849 1818
f 1736 1857 1851
f 1833 1839 1736
f 1422 1858 1853
f 2014 1859 1858
f 1848 1847 1844
f 1856 1854 1344
f 1770 1769 1818
f 1852 1857 1736
f 1858 1422 2014
f 2014 1703 1736
f 1855 1811 1344
f 1748 1747 1769
f 1736 1859 2014
f 1715 1695 1686
f 1906 1910 1860
f 1926 1861 1860
f 1860 1910 1926
f 1896 1897 1862
f 1906 1863 1862
f 1862 1897 1906
f 1909 1895 1864
f 1896 1865 1864
f 1864 1895 1896
f 1926 1924 1866
f 1909 1867 1866
f 1866 1924 1909
f 1868 890 1869
f 1930 1870 1869
f 1869 890 1930
f 1912 1871 1870
f 1870 1930 1912
f 1899 1872 1873
f 1868 1874 1873
f 1873 1872 1868
f 1875 1876 1872
f 1872 1899 1875
f 886 885 1876
f 1912 1899 1877
f 1876 1875 886
f 1873 1877 1899
f 1877 1871 1912
f 1869 1874 1868
f 1866 1861 1926
f 1864 1867 1909
f 1862 1865 1896
f 1860 1863 1906
f 1775 1422 1716
f 1703 2014 1994
f 1700 1707 2013
f 1655 1701 1995
f 1577 1524 1919
f 1502 1472 1468
f 1449 1445 1991
f 1443 1439 1441
f 1437 1448 1435
f 1378 1845 1344
f 1337 1336 1901
f 1334 1342 1915
f 1331 1330 2006
f 1328 1333 2009
f 1324 1982 1980
f 1323 1980 1978
f 1322 1978 1976
f 1321 1976 1975
f 1318 1320 1975
f 1311 1319 1317
f 1315 1878 1973
f 1308 1310 1309
f 1304 1281 1966
f 1300 845 2004
f 1296 848 2005
f 1292 851 2006
f 1290 1327 2009
f 1288 1286 1285
f 1286 1284 1283
f 1284 1326 1282
f 1281 1316 1973
f 1280 1097 1974
f 1279 1278 1996
f 1274 1273 2013
f 1269 1268 1994
f 1263 1992 1990
f 1259 1990 1989
f 1256 1258 1989
f 1252 1019 2010
f 1250 1251 2010
f 1118 1250 2011
f 1104 1207 2012
f 1970 1102 1103
f 1969 1101 1102
f 1971 1100 1101
f 1972 1099 1100
f 1973 1878 1099
f 1975 1974 1097
f 1096 1879 1936
f 1094 1957 1955
f 1093 1955 1953
f 1092 1953 1951
f 1089 1091 1951
f 1935 1087 1088
f 1934 1086 1087
f 1936 1879 1086
f 1081 1880 873
f 1077 858 2007
f 1059 1063 1048
f 1047 1057 1043
f 1040 853 1960
f 1029 1881 1028
f 1959 1967 1026
f 1967 2012 1024
f 1022 2012 2011
f 2011 2010 1017
f 1018 1014 1016
f 995 878 994
f 972 964 970
f 972 971 1882
f 966 970 964
f 961 969 2002
f 956 949 961
f 930 1883 927
f 926 962 1983
f 925 1289 2009
f 897 925 2008
f 888 891 1947
f 889 1884 888
f 887 1885 885
f 1885 887 1886
f 1989 1988 883
f 881 1440 879
f 878 882 876
f 874 1085 873
f 872 875 1888
f 860 1887 859
f 857 861 1914
f 856 1062 2007
f 1931 1942 854
f 852 854 1942
f 849 1295 2005
f 846 1299 2004
f 843 1303 2003
f 601 602 1904
f 2002 967 842
f 2000 842 841
f 1999 841 840
f 1998 840 839
f 1997 839 838
f 2001 2002 2000
f 1987 2000 1999
f 1986 1999 1998
f 1985 1998 1997
f 1984 1997 1995
f 1994 2014 1993
f 1992 1993 1991
f 1990 1991 1988
f 1983 2001 1987
f 1981 1987 1986
f 1979 1986 1985
f 1977 1985 1984
f 836 837 1983
f 833 1981 1979
f 829 1979 1977
f 825 1977 1974
f 819 1966 1973
f 815 1965 1972
f 811 1964 1971
f 807 1962 1969
f 1963 1970 1968
f 1961 1968 1967
f 802 805 1966
f 799 1965 1964
f 1954 1964 1962
f 794 797 1962
f 1950 1963 1961
f 669 1961 1959
f 1943 2003 1958
f 1957 1958 1956
f 1955 1956 1954
f 1953 1954 1952
f 1951 1952 1950
f 1949 1950 1948
f 1947 2008 1946
f 1940 1946 1945
f 1939 1945 1944
f 1938 1944 1943
f 1933 1949 1942
f 1941 1947 1940
f 1929 1940 1939
f 1928 1939 1938
f 1927 1938 1937
f 1925 1937 1936
f 646 649 1923
f 642 645 1922
f 1920 1935 1932
f 638 641 1918
f 1916 1933 1931
f 1930 1941 1929
f 1911 1929 1928
f 1910 1928 1927
f 1926 1927 1925
f 1924 1925 1923
f 1908 1923 1922
f 1921 1922 1920
f 1919 1920 1918
f 1917 1918 1916
f 1915 1916 1913
f 1912 1930 1911
f 1907 1911 1910
f 1909 1924 1908
f 1899 1912 1907
f 1898 1907 1906
f 1895 1909 1905
f 1894 1905 1904
f 1893 1904 1903
f 1892 1903 1902
f 1891 1902 1901
f 1890 1901 1900
f 637 1875 1899
f 636 1899 1898
f 635 1898 1897
f 634 1897 1896
f 633 1896 1895
f 632 1895 1894
f 631 1894 1893
f 630 1893 1892
f 629 1892 1891
f 628 1891 1890
f 627 1890 1889
f 626 1889 1888
f 625 1888 623
usemtl 209,209,209
f 950 2015 2016
f 950 2017 2015
f 954 2018 2019
f 954 2016 2018
f 955 2020 2021
f 955 2019 2020
f 952 2022 2023
f 952 2021 2022
f 953 2024 2025
f 953 2023 2024
f 960 2026 2027
f 960 2025 2026
f 958 2028 2029
f 958 2027 2028
f 959 2030 2031
f 959 2029 2030
f 957 2032 2033
f 957 2031 2032
f 947 2034 2035
f 947 2033 2034
f 948 2036 2037
f 948 2035 2036
f 951 2038 2039
f 951 2037 2038
f 963 2040 2041
f 963 2039 2040
f 944 2042 2043
f 944 2041 2042
f 945 2044 2045
f 945 2043 2044
f 940 2046 2047
f 940 2045 2046
f 941 2048 2049
f 941 2047 2048
f 933 2050 2051
f 933 2049 2050
f 934 2052 2053
f 934 2051 2052
f 931 2054 2055
f 931 2053 2054
f 932 2056 2057
f 932 2055 2056
f 943 2058 2059
f 943 2057 2058
f 938 2060 2061
f 938 2059 2060
f 939 2062 2063
f 939 2061 2062
f 942 2064 2065
f 942 2063 2064
f 936 2066 2067
f 936 2065 2066
f 937 2068 2069
f 937 2067 2068
f 935 2070 2071
f 935 2069 2070
f 930 929 2072
f 929 2071 2072
f 930 2073 2074
f 2074 1883 930
f 2072 2073 930
f 2071 929 935
f 2069 935 937
f 2067 937 936
f 2065 936 942
f 2063 942 939
f 2061 939 938
f 2059 938 943
f 2057 943 932
f 2055 932 931
f 2053 931 934
f 2051 934 933
f 2049 933 941
f 2047 941 940
f 2045 940 945
f 2043 945 944
f 2041 944 963
f 2039 963 951
f 2037 951 948
f 2035 948 947
f 2033 947 957
f 2031 957 959
f 2029 959 958
f 2027 958 960
f 2025 960 953
f 2023 953 952
f 2021 952 955
f 2019 955 954
f 2016 954 950
f 917 924 2075
f 917 2076 2077
f 2077 918 917
f 923 918 2078
f 2078 2079 923
f 914 923 2080
f 2080 2081 914
f 915 914 2082
f 2082 2083 915
f 912 915 2084
f 2084 2085 912
f 913 912 2086
f 2086 2087 913
f 921 913 2088
f 2088 2089 921
f 922 921 2090
f 2090 2091 922
f 911 922 2092
f 2092 2093 911
f 904 911 2094
f 2094 2095 904
f 905 904 2096
f 2096 2097 905
f 920 905 2098
f 2098 2099 920
f 919 920 2100
f 2100 2101 919
f 909 919 2102
f 2102 2103 909
f 910 909 2104
f 2104 2105 910
f 902 910 2106
f 2106 2107 902
f 903 902 2108
f 2108 2109 903
f 908 903 2110
f 2110 2111 908
f 894 908 2112
f 2112 2113 894
f 895 894 2114
f 2114 2115 895
f 901 895 2116
f 2116 2117 901
f 900 901 2118
f 2118 2119 900
f 892 900 2120
f 2120 2121 892
f 893 892 2122
f 2122 2123 893
f 898 893 2124
f 2124 2125 898
f 899 898 2126
f 2126 2127 899
f 907 899 2128
f 2128 2129 907
f 906 907 2130
f 2130 2131 906
f 896 906 2132
f 2132 2133 896
f 2131 2132 906
f 2129 2130 907
f 2127 2128 899
f 2125 2126 898
f 2123 2124 893
f 2121 2122 892
f 2119 2120 900
f 2117 2118 901
f 2115 2116 895
f 2113 2114 894
f 2111 2112 908
f 2109 2110 903
f 2107 2108 902
f 2105 2106 910
f 2103 2104 909
f 2101 2102 919
f 2099 2100 920
f 2097 2098 905
f 2095 2096 904
f 2093 2094 911
f 2091 2092 922
f 2089 2090 921
f 2087 2088 913
f 2085 2086 912
f 2083 2084 915
f 2081 2082 914
f 2079 2080 923
f 2077 2078 918
f 2075 2076 917
f 2134 797 794
f 2135 2134 2136
f 2137 2135 2138
f 2139 2137 2140
f 2141 2139 2142
f 2143 2141 2144
f 2145 2143 2146
f 2147 2145 2148
f 2149 2147 2150
f 2151 2149 2152
f 2153 2151 2154
f 2155 2153 2156
f 2157 2155 2158
f 2159 2157 2160
f 2161 2159 2162
f 2163 2161 2164
f 2165 2163 2166
f 2167 2165 2168
f 2169 2167 2170
f 2171 2169 2172
f 2173 2171 2174
f 2175 2173 2176
f 2177 2175 2178
f 2179 2177 2180
f 2181 2179 2182
f 2183 2181 2184
f 2185 2183 2186
f 2187 2185 2188
f 2189 2187 2190
f 2191 2189 2192
f 2193 2191 2194
f 2194 2195 2193
f 2192 2194 2191
f 2190 2192 2189
f 2188 2190 2187
f 2186 2188 2185
f 2184 2186 2183
f 2182 2184 2181
f 2180 2182 2179
f 2178 2180 2177
f 2176 2178 2175
f 2174 2176 2173
f 2172 2174 2171
f 2170 2172 2169
f 2168 2170 2167
f 2166 2168 2165
f 2164 2166 2163
f 2162 2164 2161
f 2160 2162 2159
f 2158 2160 2157
f 2156 2158 2155
f 2154 2156 2153
f 2152 2154 2151
f 2150 2152 2149
f 2148 2150 2147
f 2146 2148 2145
f 2144 2146 2143
f 2142 2144 2141
f 2140 2142 2139
f 2138 2140 2137
f 2136 2138 2135
f 794 2136 2134
f 2196 2197 2193
f 2193 2195 2196
f 2197 2196 2198
f 2199 2198 2200
f 2201 2200 2202
f 2203 2202 2204
f 2205 2204 2206
f 2207 2206 2208
f 2209 2208 2210
f 2211 2210 2212
f 2213 2212 2214
f 2215 2214 2216
f 2217 2216 2218
f 2219 2218 2220
f 2221 2220 2222
f 2223 2222 2224
f 2225 2224 2226
f 2227 2226 2228
f 2229 2228 2230
f 2231 2230 2232
f 2233 2232 2234
f 2235 2234 2236
f 2237 2236 2238
f 2239 2238 2240
f 2241 2240 2242
f 2243 2242 2244
f 2245 2244 2246
f 2247 2246 2248
f 2249 2248 2250
f 2251 2250 2252
f 2253 2252 2254
f 2255 2254 2256
f 2257 2256 2258
f 2258 2259 2257
f 2256 2257 2255
f 2254 2255 2253
f 2252 2253 2251
f 2250 2251 2249
f 2248 2249 2247
f 2246 2247 2245
f 2244 2245 2243
f 2242 2243 2241
f 2240 2241 2239
f 2238 2239 2237
f 2236 2237 2235
f 2234 2235 2233
f 2232 2233 2231
f 2230 2231 2229
f 2228 2229 2227
f 2226 2227 2225
f 2224 2225 2223
f 2222 2223 2221
f 2220 2221 2219
f 2218 2219 2217
f 2216 2217 2215
f 2214 2215 2213
f 2212 2213 2211
f 2210 2211 2209
f 2208 2209 2207
f 2206 2207 2205
f 2204 2205 2203
f 2202 2203 2201
f 2200 2201 2199
f 2198 2199 2197
f 2260 2261 2262
f 2263 2262 2264
f 2265 2264 2266
f 2267 2266 2268
f 2269 2268 2270
f 2271 2270 2272
f 2273 2272 2274
f 2275 2274 2276
f 2277 2276 2278
f 2279 2278 2280
f 2281 2280 2282
f 2283 2282 2284
f 2285 2284 2286
f 2287 2286 795
f 795 796 2287
f 2286 2287 2285
f 2284 2285 2283
f 2282 2283 2281
f 2280 2281 2279
f 2278 2279 2277
f 2276 2277 2275
f 2274 2275 2273
f 2272 2273 2271
f 2270 2271 2269
f 2268 2269 2267
f 2266 2267 2265
f 2264 2265 2263
f 2262 2263 2260
f 2261 2260 2288
f 2288 2289 2261
f 2290 2291 2292
f 2293 2290 2294
f 2295 2293 2296
f 2297 2295 2298
f 2299 2297 2300
f 2301 2299 2302
f 2303 2301 2304
f 2305 2303 2306
f 2307 2305 2308
f 2309 2307 2310
f 2311 2309 2312
f 2313 2311 2314
f 2315 2313 2316
f 2317 2315 2318
f 2319 2317 2320
f 2321 2319 2322
f 2323 2321 2324
f 2325 2323 2326
f 2327 2325 2328
f 2329 2327 2330
f 2331 2329 2332
f 2333 2331 2334
f 2335 2333 2336
f 2337 2335 2338
f 2339 2337 2340
f 2341 2339 2342
f 2343 2341 2344
f 2345 2343 2346
f 2347 2345 2348
f 2349 2347 2350
f 2288 2349 2351
f 2351 2289 2288
f 2350 2351 2349
f 2348 2350 2347
f 2346 2348 2345
f 2344 2346 2343
f 2342 2344 2341
f 2340 2342 2339
f 2338 2340 2337
f 2336 2338 2335
f 2334 2336 2333
f 2332 2334 2331
f 2330 2332 2329
f 2328 2330 2327
f 2326 2328 2325
f 2324 2326 2323
f 2322 2324 2321
f 2320 2322 2319
f 2318 2320 2317
f 2316 2318 2315
f 2314 2316 2313
f 2312 2314 2311
f 2310 2312 2309
f 2308 2310 2307
f 2306 2308 2305
f 2304 2306 2303
f 2302 2304 2301
f 2300 2302 2299
f 2298 2300 2297
f 2296 2298 2295
f 2294 2296 2293
f 2292 2294 2290
f 2352 799 798
f 2353 2352 2354
f 2355 2353 2356
f 2357 2355 2358
f 2359 2357 2360
f 2361 2359 2362
f 2363 2361 2364
f 2365 2363 2366
f 2367 2365 2368
f 2369 2367 2370
f 2371 2369 2372
f 2373 2371 2374
f 2375 2373 2376
f 2377 2375 2378
f 2379 2377 2380
f 2381 2379 2382
f 2383 2381 2384
f 2385 2383 2386
f 2387 2385 2388
f 2389 2387 2390
f 2391 2389 2392
f 2393 2391 2394
f 2395 2393 2396
f 2397 2395 2398
f 2399 2397 2400
f 2401 2399 2402
f 2403 2401 2404
f 2405 2403 2406
f 2407 2405 2408
f 2409 2407 2410
f 2411 2409 2412
f 2412 2413 2411
f 2410 2412 2409
f 2408 2410 2407
f 2406 2408 2405
f 2404 2406 2403
f 2402 2404 2401
f 2400 2402 2399
f 2398 2400 2397
f 2396 2398 2395
f 2394 2396 2393
f 2392 2394 2391
f 2390 2392 2389
f 2388 2390 2387
f 2386 2388 2385
f 2384 2386 2383
f 2382 2384 2381
f 2380 2382 2379
f 2378 2380 2377
f 2376 2378 2375
f 2374 2376 2373
f 2372 2374 2371
f 2370 2372 2369
f 2368 2370 2367
f 2366 2368 2365
f 2364 2366 2363
f 2362 2364 2361
f 2360 2362 2359
f 2358 2360 2357
f 2356 2358 2355
f 2354 2356 2353
f 798 2354 2352
f 2414 2415 2411
f 2411 2413 2414
f 2415 2414 2416
f 2417 2416 2418
f 2419 2418 2420
f 2421 2420 2422
f 2423 2422 2424
f 2425 2424 2426
f 2427 2426 2428
f 2429 2428 2430
f 2431 2430 2432
f 2433 2432 2434
f 2435 2434 2436
f 2437 2436 2438
f 2439 2438 2440
f 2441 2440 2442
f 2443 2442 2444
f 2445 2444 2446
f 2447 2446 2448
f 2449 2448 2450
f 2451 2450 2452
f 2453 2452 2454
f 2455 2454 2456
f 2457 2456 2458
f 2459 2458 2460
f 2461 2460 2462
f 2463 2462 2464
f 2465 2464 2466
f 2467 2466 2468
f 2469 2468 2470
f 2471 2470 2472
f 2473 2472 2474
f 2475 2474 2476
f 2476 2477 2475
f 2474 2475 2473
f 2472 2473 2471
f 2470 2471 2469
f 2468 2469 2467
f 2466 2467 2465
f 2464 2465 2463
f 2462 2463 2461
f 2460 2461 2459
f 2458 2459 2457
f 2456 2457 2455
f 2454 2455 2453
f 2452 2453 2451
f 2450 2451 2449
f 2448 2449 2447
f 2446 2447 2445
f 2444 2445 2443
f 2442 2443 2441
f 2440 2441 2439
f 2438 2439 2437
f 2436 2437 2435
f 2434 2435 2433
f 2432 2433 2431
f 2430 2431 2429
f 2428 2429 2427
f 2426 2427 2425
f 2424 2425 2423
f 2422 2423 2421
f 2420 2421 2419
f 2418 2419 2417
f 2416 2417 2415
f 2478 2479 2480
f 2481 2480 2482
f 2483 2482 2484
f 2485 2484 2486
f 2487 2486 2488
f 2489 2488 2490
f 2491 2490 2492
f 2493 2492 2494
f 2495 2494 2496
f 2497 2496 2498
f 2499 2498 2500
f 2501 2500 2502
f 2503 2502 2504
f 2505 2504 800
f 800 801 2505
f 2504 2505 2503
f 2502 2503 2501
f 2500 2501 2499
f 2498 2499 2497
f 2496 2497 2495
f 2494 2495 2493
f 2492 2493 2491
f 2490 2491 2489
f 2488 2489 2487
f 2486 2487 2485
f 2484 2485 2483
f 2482 2483 2481
f 2480 2481 2478
f 2479 2478 2506
f 2506 2507 2479
f 2508 2509 2510
f 2511 2508 2512
f 2513 2511 2514
f 2515 2513 2516
f 2517 2515 2518
f 2519 2517 2520
f 2521 2519 2522
f 2523 2521 2524
f 2525 2523 2526
f 2527 2525 2528
f 2529 2527 2530
f 2531 2529 2532
f 2533 2531 2534
f 2535 2533 2536
f 2537 2535 2538
f 2539 2537 2540
f 2541 2539 2542
f 2543 2541 2544
f 2545 2543 2546
f 2547 2545 2548
f 2549 2547 2550
f 2551 2549 2552
f 2553 2551 2554
f 2555 2553 2556
f 2557 2555 2558
f 2559 2557 2560
f 2561 2559 2562
f 2563 2561 2564
f 2565 2563 2566
f 2567 2565 2568
f 2506 2567 2569
f 2569 2507 2506
f 2568 2569 2567
f 2566 2568 2565
f 2564 2566 2563
f 2562 2564 2561
f 2560 2562 2559
f 2558 2560 2557
f 2556 2558 2555
f 2554 2556 2553
f 2552 2554 2551
f 2550 2552 2549
f 2548 2550 2547
f 2546 2548 2545
f 2544 2546 2543
f 2542 2544 2541
f 2540 2542 2539
f 2538 2540 2537
f 2536 2538 2535
f 2534 2536 2533
f 2532 2534 2531
f 2530 2532 2529
f 2528 2530 2527
f 2526 2528 2525
f 2524 2526 2523
f 2522 2524 2521
f 2520 2522 2519
f 2518 2520 2517
f 2516 2518 2515
f 2514 2516 2513
f 2512 2514 2511
f 2510 2512 2508
f 2570 805 802
f 2571 2570 2572
f 2573 2571 2574
f 2575 2573 2576
f 2577 2575 2578
f 2579 2577 2580
f 2581 2579 2582
f 2583 2581 2584
f 2585 2583 2586
f 2587 2585 2588
f 2589 2587 2590
f 2591 2589 2592
f 2593 2591 2594
f 2595 2593 2596
f 2597 2595 2598
f 2599 2597 2600
f 2601 2599 2602
f 2603 2601 2604
f 2605 2603 2606
f 2607 2605 2608
f 2609 2607 2610
f 2611 2609 2612
f 2613 2611 2614
f 2615 2613 2616
f 2617 2615 2618
f 2619 2617 2620
f 2621 2619 2622
f 2623 2621 2624
f 2625 2623 2626
f 2627 2625 2628
f 2629 2627 2630
f 2630 2631 2629
f 2628 2630 2627
f 2626 2628 2625
f 2624 2626 2623
f 2622 2624 2621
f 2620 2622 2619
f 2618 2620 2617
f 2616 2618 2615
f 2614 2616 2613
f 2612 2614 2611
f 2610 2612 2609
f 2608 2610 2607
f 2606 2608 2605
f 2604 2606 2603
f 2602 2604 2601
f 2600 2602 2599
f 2598 2600 2597
f 2596 2598 2595
f 2594 2596 2593
f 2592 2594 2591
f 2590 2592 2589
f 2588 2590 2587
f 2586 2588 2585
f 2584 2586 2583
f 2582 2584 2581
f 2580 2582 2579
f 2578 2580 2577
f 2576 2578 2575
f 2574 2576 2573
f 2572 2574 2571
f 802 2572 2570
f 2632 2633 2629
f 2629 2631 2632
f 2633 2632 2634
f 2635 2634 2636
f 2637 2636 2638
f 2639 2638 2640
f 2641 2640 2642
f 2643 2642 2644
f 2645 2644 2646
f 2647 2646 2648
f 2649 2648 2650
f 2651 2650 2652
f 2653 2652 2654
f 2655 2654 2656
f 2657 2656 2658
f 2659 2658 2660
f 2661 2660 2662
f 2663 2662 2664
f 2665 2664 2666
f 2667 2666 2668
f 2669 2668 2670
f 2671 2670 2672
f 2673 2672 2674
f 2675 2674 2676
f 2677 2676 2678
f 2679 2678 2680
f 2681 2680 2682
f 2683 2682 2684
f 2685 2684 2686
f 2687 2686 2688
f 2689 2688 2690
f 2691 2690 2692
f 2693 2692 2694
f 2694 2695 2693
f 2692 2693 2691
f 2690 2691 2689
f 2688 2689 2687
f 2686 2687 2685
f 2684 2685 2683
f 2682 2683 2681
f 2680 2681 2679
f 2678 2679 2677
f 2676 2677 2675
f 2674 2675 2673
f 2672 2673 2671
f 2670 2671 2669
f 2668 2669 2667
f 2666 2667 2665
f 2664 2665 2663
f 2662 2663 2661
f 2660 2661 2659
f 2658 2659 2657
f 2656 2657 2655
f 2654 2655 2653
f 2652 2653 2651
f 2650 2651 2649
f 2648 2649 2647
f 2646 2647 2645
f 2644 2645 2643
f 2642 2643 2641
f 2640 2641 2639
f 2638 2639 2637
f 2636 2637 2635
f 2634 2635 2633
f 2696 2697 2698
f 2699 2698 2700
f 2701 2700 2702
f 2703 2702 2704
f 2705 2704 2706
f 2707 2706 2708
f 2709 2708 2710
f 2711 2710 2712
f 2713 2712 2714
f 2715 2714 2716
f 2717 2716 2718
f 2719 2718 2720
f 2721 2720 2722
f 2723 2722 803
f 803 804 2723
f 2722 2723 2721
f 2720 2721 2719
f 2718 2719 2717
f 2716 2717 2715
f 2714 2715 2713
f 2712 2713 2711
f 2710 2711 2709
f 2708 2709 2707
f 2706 2707 2705
f 2704 2705 2703
f 2702 2703 2701
f 2700 2701 2699
f 2698 2699 2696
f 2697 2696 2724
f 2724 2725 2697
f 2726 2727 2728
f 2729 2726 2730
f 2731 2729 2732
f 2733 2731 2734
f 2735 2733 2736
f 2737 2735 2738
f 2739 2737 2740
f 2741 2739 2742
f 2743 2741 2744
f 2745 2743 2746
f 2747 2745 2748
f 2749 2747 2750
f 2751 2749 2752
f 2753 2751 2754
f 2755 2753 2756
f 2757 2755 2758
f 2759 2757 2760
f 2761 2759 2762
f 2763 2761 2764
f 2765 2763 2766
f 2767 2765 2768
f 2769 2767 2770
f 2771 2769 2772
f 2773 2771 2774
f 2775 2773 2776
f 2777 2775 2778
f 2779 2777 2780
f 2781 2779 2782
f 2783 2781 2784
f 2785 2783 2786
f 2724 2785 2787
f 2787 2725 2724
f 2786 2787 2785
f 2784 2786 2783
f 2782 2784 2781
f 2780 2782 2779
f 2778 2780 2777
f 2776 2778 2775
f 2774 2776 2773
f 2772 2774 2771
f 2770 2772 2769
f 2768 2770 2767
f 2766 2768 2765
f 2764 2766 2763
f 2762 2764 2761
f 2760 2762 2759
f 2758 2760 2757
f 2756 2758 2755
f 2754 2756 2753
f 2752 2754 2751
f 2750 2752 2749
f 2748 2750 2747
f 2746 2748 2745
f 2744 2746 2743
f 2742 2744 2741
f 2740 2742 2739
f 2738 2740 2737
f 2736 2738 2735
f 2734 2736 2733
f 2732 2734 2731
f 2730 2732 2729
f 2728 2730 2726
f 2788 2789 2259
f 2259 2258 2788
f 2789 2788 2790
f 2791 2790 2792
f 2793 2792 2794
f 2795 2794 2796
f 2797 2796 2798
f 2799 2798 2800
f 2801 2800 2802
f 2803 2802 2804
f 2805 2804 2806
f 2807 2806 2808
f 2809 2808 2810
f 2811 2810 2812
f 2813 2812 2814
f 2815 2814 2816
f 2817 2816 2818
f 2819 2818 2820
f 2821 2820 2822
f 2823 2822 2824
f 2825 2824 2826
f 2827 2826 2828
f 2829 2828 2830
f 2831 2830 2832
f 2833 2832 2834
f 2835 2834 2836
f 2837 2836 2838
f 2839 2838 2840
f 2841 2840 2842
f 2843 2842 2844
f 2845 2844 2846
f 2847 2846 2848
f 2849 2848 2850
f 2850 2851 2849
f 2848 2849 2847
f 2846 2847 2845
f 2844 2845 2843
f 2842 2843 2841
f 2840 2841 2839
f 2838 2839 2837
f 2836 2837 2835
f 2834 2835 2833
f 2832 2833 2831
f 2830 2831 2829
f 2828 2829 2827
f 2826 2827 2825
f 2824 2825 2823
f 2822 2823 2821
f 2820 2821 2819
f 2818 2819 2817
f 2816 2817 2815
f 2814 2815 2813
f 2812 2813 2811
f 2810 2811 2809
f 2808 2809 2807
f 2806 2807 2805
f 2804 2805 2803
f 2802 2803 2801
f 2800 2801 2799
f 2798 2799 2797
f 2796 2797 2795
f 2794 2795 2793
f 2792 2793 2791
f 2790 2791 2789
f 2852 2853 2851
f 2851 2850 2852
f 2854 2853 2852
f 2855 2854 2856
f 2857 2855 2858
f 2859 2857 2860
f 2861 2859 2862
f 2863 2861 2864
f 2865 2863 2866
f 2867 2865 2868
f 2869 2867 2870
f 2871 2869 2872
f 2873 2871 2874
f 2875 2873 2876
f 2877 2875 2878
f 2879 2877 2880
f 2881 2879 2882
f 2883 2881 2884
f 2885 2883 2886
f 2887 2885 2888
f 2889 2887 2890
f 2891 2889 2892
f 2893 2891 2894
f 2895 2893 2896
f 2897 2895 2898
f 2899 2897 2900
f 2901 2899 2902
f 2903 2901 2904
f 2905 2903 2906
f 2907 2905 2908
f 2909 2907 2910
f 2911 2909 2912
f 641 2911 2913
f 2913 640 641
f 2912 2913 2911
f 2910 2912 2909
f 2908 2910 2907
f 2906 2908 2905
f 2904 2906 2903
f 2902 2904 2901
f 2900 2902 2899
f 2898 2900 2897
f 2896 2898 2895
f 2894 2896 2893
f 2892 2894 2891
f 2890 2892 2889
f 2888 2890 2887
f 2886 2888 2885
f 2884 2886 2883
f 2882 2884 2881
f 2880 2882 2879
f 2878 2880 2877
f 2876 2878 2875
f 2874 2876 2873
f 2872 2874 2871
f 2870 2872 2869
f 2868 2870 2867
f 2866 2868 2865
f 2864 2866 2863
f 2862 2864 2861
f 2860 2862 2859
f 2858 2860 2857
f 2856 2858 2855
f 2852 2856 2854
f 638 639 2914
f 2915 2914 2916
f 2917 2916 2918
f 2919 2918 2920
f 2921 2920 2922
f 2923 2922 2924
f 2925 2924 2926
f 2927 2926 2928
f 2929 2928 2930
f 2931 2930 2932
f 2933 2932 2934
f 2935 2934 2936
f 2937 2936 2938
f 2939 2938 2940
f 2940 2941 2939
f 2938 2939 2937
f 2936 2937 2935
f 2934 2935 2933
f 2932 2933 2931
f 2930 2931 2929
f 2928 2929 2927
f 2926 2927 2925
f 2924 2925 2923
f 2922 2923 2921
f 2920 2921 2919
f 2918 2919 2917
f 2916 2917 2915
f 2914 2915 638
f 2788 2942 2943
f 2292 2942 2788
f 2788 2258 2292
f 2258 2256 2294
f 2828 2944 2945
f 2828 2826 2946
f 2808 2947 2948
f 2806 2949 2947
f 2802 2950 2951
f 2802 2800 2952
f 2294 2292 2258
f 2256 2254 2296
f 2240 2238 2312
f 2238 2236 2314
f 2220 2330 2328
f 2220 2218 2332
f 795 2140 2138
f 795 2148 2146
f 795 2164 2162
f 2946 2944 2828
f 2826 2824 2953
f 2822 2954 2953
f 2822 2820 2955
f 2810 2948 2956
f 2947 2808 2806
f 2804 2951 2949
f 2952 2950 2802
f 2798 2957 2952
f 2796 2958 2957
f 2790 2943 2959
f 2296 2294 2256
f 2250 2300 2298
f 2250 2248 2302
f 2240 2310 2308
f 2314 2312 2238
f 2234 2316 2314
f 2232 2318 2316
f 2228 2322 2320
f 2228 2226 2324
f 2222 2328 2326
f 2332 2330 2220
f 795 2142 2140
f 2146 2144 795
f 795 2152 2150
f 795 2156 2154
f 795 2160 2158
f 795 2166 2164
f 2284 2282 2174
f 2282 2280 2176
f 2262 2261 2195
f 2261 2289 2196
f 2960 2940 2852
f 2850 2848 2961
f 2838 2962 2963
f 2838 2836 2964
f 2953 2946 2826
f 2955 2954 2822
f 2818 2965 2955
f 2818 2816 2966
f 2814 2967 2966
f 2814 2812 2956
f 2948 2810 2808
f 2951 2804 2802
f 2957 2798 2796
f 2796 2794 2968
f 2943 2790 2788
f 2252 2298 2296
f 2302 2300 2250
f 2248 2246 2304
f 2244 2306 2304
f 2244 2242 2308
f 2312 2310 2240
f 2316 2234 2232
f 2230 2320 2318
f 2324 2322 2228
f 2226 2224 2326
f 2328 2222 2220
f 2216 2334 2332
f 2216 2214 2336
f 2144 2142 795
f 2154 2152 795
f 2162 2160 795
f 795 2286 2170
f 2286 2284 2172
f 2176 2174 2282
f 2276 2274 2182
f 2274 2272 2184
f 2200 2350 2348
f 2200 2198 2351
f 2198 2196 2289
f 2196 2195 2261
f 2961 2960 2850
f 2938 2856 2852
f 639 2890 2888
f 639 2900 2898
f 639 2906 2904
f 2964 2962 2838
f 2836 2834 2969
f 2953 2824 2822
f 2966 2965 2818
f 2956 2967 2814
f 2949 2806 2804
f 2968 2958 2796
f 2794 2792 2959
f 2296 2254 2252
f 2304 2302 2248
f 2308 2306 2244
f 2314 2236 2234
f 2320 2230 2228
f 2326 2224 2222
f 2336 2334 2216
f 2214 2212 2338
f 2210 2340 2338
f 2210 2208 2342
f 2138 2136 795
f 2158 2156 795
f 2170 2168 795
f 2174 2172 2284
f 2184 2182 2274
f 2272 2270 2186
f 2270 2268 2188
f 2268 2266 2190
f 2266 2264 2192
f 2264 2262 2194
f 2351 2350 2200
f 2195 2194 2262
f 2852 2940 2938
f 2936 2858 2856
f 2934 2860 2858
f 2932 2862 2860
f 2930 2864 2862
f 2928 2866 2864
f 2926 2868 2866
f 2924 2870 2868
f 639 2892 2890
f 2898 2896 639
f 2904 2902 639
f 639 2913 2912
f 2844 2970 2971
f 2844 2842 2972
f 2840 2963 2972
f 2969 2964 2836
f 2832 2973 2969
f 2832 2830 2945
f 2955 2820 2818
f 2956 2812 2810
f 2959 2968 2794
f 2298 2252 2250
f 2308 2242 2240
f 2326 2324 2226
f 2338 2336 2214
f 2342 2340 2210
f 2150 2148 795
f 2172 2170 2286
f 2280 2278 2178
f 2278 2276 2180
f 2186 2184 2272
f 2190 2188 2268
f 2194 2192 2264
f 2289 2351 2198
f 2856 2938 2936
f 2860 2934 2932
f 2864 2930 2928
f 2868 2926 2924
f 2922 2872 2870
f 2920 2874 2872
f 2918 2876 2874
f 2916 2878 2876
f 2914 2880 2878
f 639 2882 2880
f 639 2894 2892
f 2902 2900 639
f 639 2910 2908
f 639 640 2913
f 2912 2910 639
f 2846 2971 2961
f 2972 2970 2844
f 2963 2840 2838
f 2945 2973 2832
f 2966 2816 2814
f 2959 2792 2790
f 2318 2232 2230
f 2338 2212 2210
f 2206 2344 2342
f 2206 2204 2346
f 2168 2166 795
f 2180 2178 2278
f 2188 2186 2270
f 2348 2202 2200
f 2858 2936 2934
f 2866 2928 2926
f 2872 2922 2920
f 2876 2918 2916
f 2880 2914 639
f 639 2886 2884
f 2896 2894 639
f 2971 2846 2844
f 2969 2834 2832
f 2952 2800 2798
f 2332 2218 2216
f 2346 2344 2206
f 2204 2202 2348
f 2178 2176 2280
f 2192 2190 2266
f 2862 2932 2930
f 2874 2920 2918
f 2884 2882 639
f 2908 2906 639
f 2972 2842 2840
f 2304 2246 2244
f 2348 2346 2204
f 2182 2180 2276
f 2870 2924 2922
f 2888 2886 639
f 2945 2830 2828
f 2136 794 795
f 2878 2916 2914
f 2342 2208 2206
f 2961 2848 2846
f 2852 2850 2960
f 2259 2789 2974
f 2789 2791 2975
f 2221 2327 2329
f 2221 2223 2325
f 2239 2309 2311
f 2241 2307 2309
f 2259 2291 2290
f 2975 2974 2789
f 2197 2288 2260
f 2199 2349 2288
f 796 2157 2159
f 796 2134 2135
f 2325 2327 2221
f 2223 2225 2323
f 2229 2319 2321
f 2229 2231 2317
f 2233 2235 2313
f 2235 2237 2311
f 2309 2239 2241
f 2241 2243 2305
f 2257 2290 2293
f 2974 2291 2259
f 2288 2197 2199
f 2263 2191 2193
f 2283 2171 2173
f 2285 2169 2171
f 2159 2161 796
f 796 2153 2155
f 796 2149 2151
f 796 2145 2147
f 796 2141 2143
f 796 797 2134
f 2135 2137 796
f 2217 2331 2333
f 2217 2219 2329
f 2323 2325 2223
f 2227 2321 2323
f 2317 2319 2229
f 2231 2233 2315
f 2311 2313 2235
f 2305 2307 2241
f 2245 2303 2305
f 2245 2247 2301
f 2251 2297 2299
f 2251 2253 2295
f 2290 2257 2259
f 2791 2793 2976
f 2797 2799 2977
f 2799 2801 2978
f 2803 2979 2978
f 2803 2805 2980
f 2807 2809 2981
f 2809 2811 2982
f 2829 2983 2984
f 2829 2831 2985
f 2193 2260 2263
f 2265 2189 2191
f 2201 2347 2349
f 2201 2203 2345
f 2275 2179 2181
f 2277 2177 2179
f 2171 2283 2285
f 2287 2167 2169
f 796 2165 2167
f 2155 2157 796
f 2147 2149 796
f 796 2139 2141
f 2211 2337 2339
f 2211 2213 2335
f 2215 2333 2335
f 2329 2331 2217
f 2323 2225 2227
f 2315 2317 2231
f 2311 2237 2239
f 2301 2303 2245
f 2249 2299 2301
f 2295 2297 2251
f 2253 2255 2293
f 2976 2975 2791
f 2797 2986 2987
f 2978 2977 2799
f 2980 2979 2803
f 2805 2807 2988
f 2982 2981 2809
f 2811 2813 2989
f 2823 2990 2991
f 2823 2825 2992
f 2827 2984 2992
f 2985 2983 2829
f 2839 2993 2994
f 2839 2841 2995
f 638 2899 2901
f 638 2893 2895
f 2851 2996 2997
f 2996 2851 2853
f 2191 2263 2265
f 2345 2347 2201
f 2269 2185 2187
f 2271 2183 2185
f 2273 2181 2183
f 2179 2275 2277
f 2169 2285 2287
f 796 2163 2165
f 2151 2153 796
f 2137 2139 796
f 2335 2337 2211
f 2333 2215 2217
f 2321 2227 2229
f 2305 2243 2245
f 2299 2249 2251
f 2293 2255 2257
f 2795 2987 2976
f 2977 2986 2797
f 2988 2980 2805
f 2989 2982 2811
f 2815 2998 2989
f 2815 2817 2999
f 2819 3000 2999
f 2819 2821 2991
f 2992 2990 2823
f 2984 2827 2829
f 2837 2994 3001
f 2995 2993 2839
f 638 2897 2899
f 638 2891 2893
f 638 2887 2889
f 638 2883 2885
f 2939 2941 2853
f 2853 2941 2996
f 2349 2199 2201
f 2267 2187 2189
f 2185 2269 2271
f 2181 2273 2275
f 2279 2175 2177
f 2281 2173 2175
f 2167 2287 796
f 2143 2145 796
f 2335 2213 2215
f 2313 2315 2233
f 2293 2295 2253
f 2987 2795 2797
f 2981 2988 2807
f 2999 2998 2815
f 2991 3000 2819
f 2992 2825 2827
f 2833 3002 2985
f 2833 2835 3001
f 2994 2837 2839
f 2841 2843 3003
f 2845 3004 3003
f 2845 2847 3005
f 638 2907 2909
f 638 2903 2905
f 2895 2897 638
f 2885 2887 638
f 638 2915 2877
f 2915 2917 2875
f 2925 2927 2865
f 2927 2929 2863
f 2929 2931 2861
f 2931 2933 2859
f 2933 2935 2857
f 2935 2937 2855
f 2937 2939 2854
f 2997 2849 2851
f 2189 2265 2267
f 2183 2271 2273
f 2175 2279 2281
f 2161 2163 796
f 2207 2341 2343
f 2207 2209 2339
f 2329 2219 2221
f 2976 2793 2795
f 2989 2813 2815
f 2991 2821 2823
f 3001 3002 2833
f 3003 2995 2841
f 3005 3004 2845
f 2847 2849 2997
f 2905 2907 638
f 2889 2891 638
f 638 2879 2881
f 2875 2877 2915
f 2917 2919 2873
f 2919 2921 2871
f 2921 2923 2869
f 2923 2925 2867
f 2863 2865 2927
f 2859 2861 2931
f 2855 2857 2935
f 2853 2854 2939
f 2187 2267 2269
f 2173 2281 2283
f 2205 2343 2345
f 2339 2341 2207
f 2301 2247 2249
f 2999 2817 2819
f 3001 2835 2837
f 2997 3005 2847
f 2901 2903 638
f 2877 2879 638
f 2871 2873 2919
f 2867 2869 2923
f 2861 2863 2929
f 2854 2855 2937
f 2177 2277 2279
f 2343 2205 2207
f 2978 2801 2803
f 3003 2843 2845
f 2881 2883 638
f 2869 2871 2921
f 2857 2859 2933
f 2345 2203 2205
f 2985 2831 2833
f 2909 2911 638
f 2865 2867 2925
f 2339 2209 2211
f 2873 2875 2917
f 2911 641 638
f 2260 2193 2197
f 2996 2941 2940
f 2940 2960 2996
f 2997 2996 2960
f 3005 2997 2961
f 3004 3005 2971
f 3003 3004 2970
f 2995 3003 2972
f 2993 2995 2963
f 2994 2993 2962
f 3001 2994 2964
f 3002 3001 2969
f 2985 3002 2973
f 2983 2985 2945
f 2984 2983 2944
f 2992 2984 2946
f 2990 2992 2953
f 2991 2990 2954
f 3000 2991 2955
f 2999 3000 2965
f 2998 2999 2966
f 2989 2998 2967
f 2982 2989 2956
f 2981 2982 2948
f 2988 2981 2947
f 2980 2988 2949
f 2979 2980 2951
f 2978 2979 2950
f 2977 2978 2952
f 2986 2977 2957
f 2987 2986 2958
f 2976 2987 2968
f 2975 2976 2959
f 2974 2975 2943
f 2943 2942 2974
f 2959 2943 2975
f 2968 2959 2976
f 2958 2968 2987
f 2957 2958 2986
f 2952 2957 2977
f 2950 2952 2978
f 2951 2950 2979
f 2949 2951 2980
f 2947 2949 2988
f 2948 2947 2981
f 2956 2948 2982
f 2967 2956 2989
f 2966 2967 2998
f 2965 2966 2999
f 2955 2965 3000
f 2954 2955 2991
f 2953 2954 2990
f 2946 2953 2992
f 2944 2946 2984
f 2945 2944 2983
f 2973 2945 2985
f 2969 2973 3002
f 2964 2969 3001
f 2962 2964 2994
f 2963 2962 2993
f 2972 2963 2995
f 2970 2972 3003
f 2971 2970 3004
f 2961 2971 3005
f 2960 2961 2997
f 2292 2291 2974
f 2974 2942 2292
f 3006 3007 2477
f 2477 2476 3006
f 3007 3006 3008
f 3009 3008 3010
f 3011 3010 3012
f 3013 3012 3014
f 3015 3014 3016
f 3017 3016 3018
f 3019 3018 3020
f 3021 3020 3022
f 3023 3022 3024
f 3025 3024 3026
f 3027 3026 3028
f 3029 3028 3030
f 3031 3030 3032
f 3033 3032 3034
f 3035 3034 3036
f 3037 3036 3038
f 3039 3038 3040
f 3041 3040 3042
f 3043 3042 3044
f 3045 3044 3046
f 3047 3046 3048
f 3049 3048 3050
f 3051 3050 3052
f 3053 3052 3054
f 3055 3054 3056
f 3057 3056 3058
f 3059 3058 3060
f 3061 3060 3062
f 3063 3062 3064
f 3065 3064 3066
f 3067 3066 3068
f 3068 3069 3067
f 3066 3067 3065
f 3064 3065 3063
f 3062 3063 3061
f 3060 3061 3059
f 3058 3059 3057
f 3056 3057 3055
f 3054 3055 3053
f 3052 3053 3051
f 3050 3051 3049
f 3048 3049 3047
f 3046 3047 3045
f 3044 3045 3043
f 3042 3043 3041
f 3040 3041 3039
f 3038 3039 3037
f 3036 3037 3035
f 3034 3035 3033
f 3032 3033 3031
f 3030 3031 3029
f 3028 3029 3027
f 3026 3027 3025
f 3024 3025 3023
f 3022 3023 3021
f 3020 3021 3019
f 3018 3019 3017
f 3016 3017 3015
f 3014 3015 3013
f 3012 3013 3011
f 3010 3011 3009
f 3008 3009 3007
f 3070 3071 3069
f 3069 3068 3070
f 3072 3071 3070
f 3073 3072 3074
f 3075 3073 3076
f 3077 3075 3078
f 3079 3077 3080
f 3081 3079 3082
f 3083 3081 3084
f 3085 3083 3086
f 3087 3085 3088
f 3089 3087 3090
f 3091 3089 3092
f 3093 3091 3094
f 3095 3093 3096
f 3097 3095 3098
f 3099 3097 3100
f 3101 3099 3102
f 3103 3101 3104
f 3105 3103 3106
f 3107 3105 3108
f 3109 3107 3110
f 3111 3109 3112
f 3113 3111 3114
f 3115 3113 3116
f 3117 3115 3118
f 3119 3117 3120
f 3121 3119 3122
f 3123 3121 3124
f 3125 3123 3126
f 3127 3125 3128
f 3129 3127 3130
f 645 3129 3131
f 3131 644 645
f 3130 3131 3129
f 3128 3130 3127
f 3126 3128 3125
f 3124 3126 3123
f 3122 3124 3121
f 3120 3122 3119
f 3118 3120 3117
f 3116 3118 3115
f 3114 3116 3113
f 3112 3114 3111
f 3110 3112 3109
f 3108 3110 3107
f 3106 3108 3105
f 3104 3106 3103
f 3102 3104 3101
f 3100 3102 3099
f 3098 3100 3097
f 3096 3098 3095
f 3094 3096 3093
f 3092 3094 3091
f 3090 3092 3089
f 3088 3090 3087
f 3086 3088 3085
f 3084 3086 3083
f 3082 3084 3081
f 3080 3082 3079
f 3078 3080 3077
f 3076 3078 3075
f 3074 3076 3073
f 3070 3074 3072
f 642 643 3132
f 3133 3132 3134
f 3135 3134 3136
f 3137 3136 3138
f 3139 3138 3140
f 3141 3140 3142
f 3143 3142 3144
f 3145 3144 3146
f 3147 3146 3148
f 3149 3148 3150
f 3151 3150 3152
f 3153 3152 3154
f 3155 3154 3156
f 3157 3156 3158
f 3158 3159 3157
f 3156 3157 3155
f 3154 3155 3153
f 3152 3153 3151
f 3150 3151 3149
f 3148 3149 3147
f 3146 3147 3145
f 3144 3145 3143
f 3142 3143 3141
f 3140 3141 3139
f 3138 3139 3137
f 3136 3137 3135
f 3134 3135 3133
f 3132 3133 642
f 3006 3160 3161
f 2510 3160 3006
f 3006 2476 2510
f 2476 2474 2512
f 3046 3162 3163
f 3046 3044 3164
f 3026 3165 3166
f 3024 3167 3165
f 3020 3168 3169
f 3020 3018 3170
f 2512 2510 2476
f 2474 2472 2514
f 2458 2456 2530
f 2456 2454 2532
f 2438 2548 2546
f 2438 2436 2550
f 800 2504 2388
f 2504 2502 2390
f 2502 2500 2392
f 3164 3162 3046
f 3044 3042 3171
f 3040 3172 3171
f 3040 3038 3173
f 3028 3166 3174
f 3165 3026 3024
f 3022 3169 3167
f 3170 3168 3020
f 3016 3175 3170
f 3014 3176 3175
f 3008 3161 3177
f 2514 2512 2474
f 2468 2518 2516
f 2468 2466 2520
f 2458 2528 2526
f 2532 2530 2456
f 2452 2534 2532
f 2450 2536 2534
f 2446 2540 2538
f 2446 2444 2542
f 2440 2546 2544
f 2550 2548 2438
f 800 2358 2356
f 800 2366 2364
f 800 2382 2380
f 2388 2386 800
f 2392 2390 2502
f 2500 2498 2394
f 2498 2496 2396
f 2494 2492 2400
f 2492 2490 2402
f 2480 2479 2413
f 2479 2507 2414
f 3178 3158 3070
f 3068 3066 3179
f 3056 3180 3181
f 3056 3054 3182
f 3171 3164 3044
f 3173 3172 3040
f 3036 3183 3173
f 3036 3034 3184
f 3032 3185 3184
f 3032 3030 3174
f 3166 3028 3026
f 3169 3022 3020
f 3175 3016 3014
f 3014 3012 3186
f 3161 3008 3006
f 2470 2516 2514
f 2520 2518 2468
f 2466 2464 2522
f 2462 2524 2522
f 2462 2460 2526
f 2530 2528 2458
f 2534 2452 2450
f 2448 2538 2536
f 2542 2540 2446
f 2444 2442 2544
f 2546 2440 2438
f 2434 2552 2550
f 2434 2432 2554
f 800 2360 2358
f 2364 2362 800
f 800 2370 2368
f 800 2374 2372
f 800 2378 2376
f 800 2384 2382
f 2390 2388 2504
f 2396 2394 2498
f 2496 2494 2398
f 2402 2400 2492
f 2418 2568 2566
f 2418 2416 2569
f 2416 2414 2507
f 2414 2413 2479
f 3179 3178 3068
f 3156 3074 3070
f 643 3108 3106
f 643 3118 3116
f 643 3124 3122
f 3182 3180 3056
f 3054 3052 3187
f 3171 3042 3040
f 3184 3183 3036
f 3174 3185 3032
f 3167 3024 3022
f 3186 3176 3014
f 3012 3010 3177
f 2514 2472 2470
f 2522 2520 2466
f 2526 2524 2462
f 2532 2454 2452
f 2538 2448 2446
f 2544 2442 2440
f 2554 2552 2434
f 2432 2430 2556
f 2428 2558 2556
f 2428 2426 2560
f 2362 2360 800
f 2372 2370 800
f 2380 2378 800
f 2394 2392 2500
f 2400 2398 2494
f 2488 2486 2406
f 2486 2484 2408
f 2569 2568 2418
f 2413 2412 2480
f 3070 3158 3156
f 3154 3076 3074
f 3152 3078 3076
f 3150 3080 3078
f 3148 3082 3080
f 3146 3084 3082
f 3144 3086 3084
f 3142 3088 3086
f 643 3110 3108
f 3116 3114 643
f 3122 3120 643
f 643 3131 3130
f 3062 3188 3189
f 3062 3060 3190
f 3058 3181 3190
f 3187 3182 3054
f 3050 3191 3187
f 3050 3048 3163
f 3173 3038 3036
f 3174 3030 3028
f 3177 3186 3012
f 2516 2470 2468
f 2526 2460 2458
f 2544 2542 2444
f 2556 2554 2432
f 2560 2558 2428
f 2356 2354 800
f 2376 2374 800
f 2398 2396 2496
f 2490 2488 2404
f 2408 2406 2486
f 2484 2482 2410
f 2482 2480 2412
f 2507 2569 2416
f 3074 3156 3154
f 3078 3152 3150
f 3082 3148 3146
f 3086 3144 3142
f 3140 3090 3088
f 3138 3092 3090
f 3136 3094 3092
f 3134 3096 3094
f 3132 3098 3096
f 643 3100 3098
f 643 3112 3110
f 3120 3118 643
f 643 3128 3126
f 643 644 3131
f 3130 3128 643
f 3064 3189 3179
f 3190 3188 3062
f 3181 3058 3056
f 3163 3191 3050
f 3184 3034 3032
f 3177 3010 3008
f 2536 2450 2448
f 2556 2430 2428
f 2424 2562 2560
f 2424 2422 2564
f 2368 2366 800
f 2404 2402 2490
f 2410 2408 2484
f 2566 2420 2418
f 3076 3154 3152
f 3084 3146 3144
f 3090 3140 3138
f 3094 3136 3134
f 3098 3132 643
f 643 3104 3102
f 3114 3112 643
f 3189 3064 3062
f 3187 3052 3050
f 3170 3018 3016
f 2550 2436 2434
f 2564 2562 2424
f 2422 2420 2566
f 2386 2384 800
f 2412 2410 2482
f 3080 3150 3148
f 3092 3138 3136
f 3102 3100 643
f 3126 3124 643
f 3190 3060 3058
f 2522 2464 2462
f 2566 2564 2422
f 2406 2404 2488
f 3088 3142 3140
f 3106 3104 643
f 3163 3048 3046
f 2354 798 800
f 3096 3134 3132
f 2560 2426 2424
f 3179 3066 3064
f 3070 3068 3178
f 2477 3007 3192
f 3007 3009 3193
f 2439 2545 2547
f 2439 2441 2543
f 2457 2527 2529
f 2459 2525 2527
f 2477 2509 2508
f 3193 3192 3007
f 2543 2545 2439
f 2441 2443 2541
f 2447 2537 2539
f 2447 2449 2535
f 2451 2453 2531
f 2453 2455 2529
f 2527 2457 2459
f 2459 2461 2523
f 2475 2508 2511
f 3192 2509 2477
f 2478 2411 2415
f 2417 2567 2506
f 2493 2397 2399
f 2495 2395 2397
f 2503 2387 2389
f 2505 2385 2387
f 801 2383 2385
f 801 2375 2377
f 801 2352 2353
f 2435 2549 2551
f 2435 2437 2547
f 2541 2543 2441
f 2445 2539 2541
f 2535 2537 2447
f 2449 2451 2533
f 2529 2531 2453
f 2523 2525 2459
f 2463 2521 2523
f 2463 2465 2519
f 2469 2515 2517
f 2469 2471 2513
f 2508 2475 2477
f 3009 3011 3194
f 3015 3017 3195
f 3017 3019 3196
f 3021 3197 3196
f 3021 3023 3198
f 3025 3027 3199
f 3027 3029 3200
f 3047 3201 3202
f 3047 3049 3203
f 2506 2415 2417
f 2481 2409 2411
f 2397 2493 2495
f 2497 2393 2395
f 2499 2391 2393
f 2501 2389 2391
f 2387 2503 2505
f 801 2381 2383
f 2377 2379 801
f 801 2371 2373
f 801 2367 2369
f 801 2363 2365
f 801 2359 2361
f 801 799 2352
f 2353 2355 801
f 2429 2555 2557
f 2429 2431 2553
f 2433 2551 2553
f 2547 2549 2435
f 2541 2443 2445
f 2533 2535 2449
f 2529 2455 2457
f 2519 2521 2463
f 2467 2517 2519
f 2513 2515 2469
f 2471 2473 2511
f 3194 3193 3009
f 3015 3204 3205
f 3196 3195 3017
f 3198 3197 3021
f 3023 3025 3206
f 3200 3199 3027
f 3029 3031 3207
f 3041 3208 3209
f 3041 3043 3210
f 3045 3202 3210
f 3203 3201 3047
f 3057 3211 3212
f 3057 3059 3213
f 642 3117 3119
f 642 3111 3113
f 3069 3214 3215
f 3214 3069 3071
f 2411 2478 2481
f 2483 2407 2409
f 2419 2565 2567
f 2419 2421 2563
f 2487 2403 2405
f 2489 2401 2403
f 2491 2399 2401
f 2395 2495 2497
f 2391 2499 2501
f 2385 2505 801
f 2373 2375 801
f 2365 2367 801
f 801 2357 2359
f 2553 2555 2429
f 2551 2433 2435
f 2539 2445 2447
f 2523 2461 2463
f 2517 2467 2469
f 2511 2473 2475
f 3013 3205 3194
f 3195 3204 3015
f 3206 3198 3023
f 3207 3200 3029
f 3033 3216 3207
f 3033 3035 3217
f 3037 3218 3217
f 3037 3039 3209
f 3210 3208 3041
f 3202 3045 3047
f 3055 3212 3219
f 3213 3211 3057
f 642 3115 3117
f 642 3109 3111
f 642 3105 3107
f 642 3101 3103
f 3157 3159 3071
f 3071 3159 3214
f 2409 2481 2483
f 2563 2565 2419
f 2485 2405 2407
f 2403 2487 2489
f 2399 2491 2493
f 2389 2501 2503
f 2369 2371 801
f 2355 2357 801
f 2553 2431 2433
f 2531 2533 2451
f 2511 2513 2471
f 3205 3013 3015
f 3199 3206 3025
f 3217 3216 3033
f 3209 3218 3037
f 3210 3043 3045
f 3051 3220 3203
f 3051 3053 3219
f 3212 3055 3057
f 3059 3061 3221
f 3063 3222 3221
f 3063 3065 3223
f 642 3125 3127
f 642 3121 3123
f 3113 3115 642
f 3103 3105 642
f 642 3133 3095
f 3133 3135 3093
f 3143 3145 3083
f 3145 3147 3081
f 3147 3149 3079
f 3149 3151 3077
f 3151 3153 3075
f 3153 3155 3073
f 3155 3157 3072
f 3215 3067 3069
f 2567 2417 2419
f 2405 2485 2487
f 2393 2497 2499
f 2361 2363 801
f 2425 2559 2561
f 2425 2427 2557
f 2547 2437 2439
f 3194 3011 3013
f 3207 3031 3033
f 3209 3039 3041
f 3219 3220 3051
f 3221 3213 3059
f 3223 3222 3063
f 3065 3067 3215
f 3123 3125 642
f 3107 3109 642
f 642 3097 3099
f 3093 3095 3133
f 3135 3137 3091
f 3137 3139 3089
f 3139 3141 3087
f 3141 3143 3085
f 3081 3083 3145
f 3077 3079 3149
f 3073 3075 3153
f 3071 3072 3157
f 2407 2483 2485
f 2379 2381 801
f 2423 2561 2563
f 2557 2559 2425
f 2519 2465 2467
f 3217 3035 3037
f 3219 3053 3055
f 3215 3223 3065
f 3119 3121 642
f 3095 3097 642
f 3089 3091 3137
f 3085 3087 3141
f 3079 3081 3147
f 3072 3073 3155
f 2401 2489 2491
f 2561 2423 2425
f 3196 3019 3021
f 3221 3061 3063
f 3099 3101 642
f 3087 3089 3139
f 3075 3077 3151
f 2563 2421 2423
f 3203 3049 3051
f 3127 3129 642
f 3083 3085 3143
f 2557 2427 2429
f 3091 3093 3135
f 3129 645 642
f 2415 2506 2478
f 3178 3214 3159
f 3159 3158 3178
f 3215 3214 3178
f 3223 3215 3179
f 3222 3223 3189
f 3221 3222 3188
f 3213 3221 3190
f 3211 3213 3181
f 3212 3211 3180
f 3219 3212 3182
f 3220 3219 3187
f 3203 3220 3191
f 3201 3203 3163
f 3202 3201 3162
f 3210 3202 3164
f 3208 3210 3171
f 3209 3208 3172
f 3218 3209 3173
f 3217 3218 3183
f 3216 3217 3184
f 3207 3216 3185
f 3200 3207 3174
f 3199 3200 3166
f 3206 3199 3165
f 3198 3206 3167
f 3197 3198 3169
f 3196 3197 3168
f 3195 3196 3170
f 3204 3195 3175
f 3205 3204 3176
f 3194 3205 3186
f 3193 3194 3177
f 3192 3193 3161
f 3161 3160 3192
f 3177 3161 3193
f 3186 3177 3194
f 3176 3186 3205
f 3175 3176 3204
f 3170 3175 3195
f 3168 3170 3196
f 3169 3168 3197
f 3167 3169 3198
f 3165 3167 3206
f 3166 3165 3199
f 3174 3166 3200
f 3185 3174 3207
f 3184 3185 3216
f 3183 3184 3217
f 3173 3183 3218
f 3172 3173 3209
f 3171 3172 3208
f 3164 3171 3210
f 3162 3164 3202
f 3163 3162 3201
f 3191 3163 3203
f 3187 3191 3220
f 3182 3187 3219
f 3180 3182 3212
f 3181 3180 3211
f 3190 3181 3213
f 3188 3190 3221
f 3189 3188 3222
f 3179 3189 3223
f 3178 3179 3215
f 2510 2509 3192
f 3192 3160 2510
f 3224 1263 1264
f 3225 3224 3226
f 3227 3225 3228
f 3229 3227 3230
f 3231 3229 3232
f 3233 3231 3234
f 3235 3233 3236
f 3237 3235 3238
f 3239 3237 3240
f 3241 3239 3242
f 3243 3241 3244
f 3245 3243 3246
f 3247 3245 3248
f 3249 3247 3250
f 3251 3249 3252
f 3253 3251 3254
f 3255 3253 3256
f 3257 3255 3258
f 3259 3257 3260
f 3261 3259 3262
f 3263 3261 3264
f 3265 3263 3266
f 3267 3265 3268
f 3269 3267 3270
f 3271 3269 3272
f 3273 3271 3274
f 3275 3273 3276
f 3277 3275 3278
f 3279 3277 3280
f 3281 3279 3282
f 3283 3281 3284
f 3284 3285 3283
f 3282 3284 3281
f 3280 3282 3279
f 3278 3280 3277
f 3276 3278 3275
f 3274 3276 3273
f 3272 3274 3271
f 3270 3272 3269
f 3268 3270 3267
f 3266 3268 3265
f 3264 3266 3263
f 3262 3264 3261
f 3260 3262 3259
f 3258 3260 3257
f 3256 3258 3255
f 3254 3256 3253
f 3252 3254 3251
f 3250 3252 3249
f 3248 3250 3247
f 3246 3248 3245
f 3244 3246 3243
f 3242 3244 3241
f 3240 3242 3239
f 3238 3240 3237
f 3236 3238 3235
f 3234 3236 3233
f 3232 3234 3231
f 3230 3232 3229
f 3228 3230 3227
f 3226 3228 3225
f 1264 3226 3224
f 3286 3287 3283
f 3283 3285 3286
f 3287 3286 3288
f 3289 3288 3290
f 3291 3290 3292
f 3293 3292 3294
f 3295 3294 3296
f 3297 3296 3298
f 3299 3298 3300
f 3301 3300 3302
f 3303 3302 3304
f 3305 3304 3306
f 3307 3306 3308
f 3309 3308 3310
f 3311 3310 3312
f 3313 3312 3314
f 3315 3314 3316
f 3317 3316 3318
f 3319 3318 3320
f 3321 3320 3322
f 3323 3322 3324
f 3325 3324 3326
f 3327 3326 3328
f 3329 3328 3330
f 3331 3330 3332
f 3333 3332 3334
f 3335 3334 3336
f 3337 3336 3338
f 3339 3338 3340
f 3341 3340 3342
f 3343 3342 3344
f 3345 3344 3346
f 3347 3346 3348
f 3348 3349 3347
f 3346 3347 3345
f 3344 3345 3343
f 3342 3343 3341
f 3340 3341 3339
f 3338 3339 3337
f 3336 3337 3335
f 3334 3335 3333
f 3332 3333 3331
f 3330 3331 3329
f 3328 3329 3327
f 3326 3327 3325
f 3324 3325 3323
f 3322 3323 3321
f 3320 3321 3319
f 3318 3319 3317
f 3316 3317 3315
f 3314 3315 3313
f 3312 3313 3311
f 3310 3311 3309
f 3308 3309 3307
f 3306 3307 3305
f 3304 3305 3303
f 3302 3303 3301
f 3300 3301 3299
f 3298 3299 3297
f 3296 3297 3295
f 3294 3295 3293
f 3292 3293 3291
f 3290 3291 3289
f 3288 3289 3287
f 3350 3351 3352
f 3353 3352 3354
f 3355 3354 3356
f 3357 3356 3358
f 3359 3358 3360
f 3361 3360 3362
f 3363 3362 3364
f 3365 3364 3366
f 3367 3366 3368
f 3369 3368 3370
f 3371 3370 3372
f 3373 3372 3374
f 3375 3374 3376
f 3377 3376 1260
f 1260 1262 3377
f 3376 3377 3375
f 3374 3375 3373
f 3372 3373 3371
f 3370 3371 3369
f 3368 3369 3367
f 3366 3367 3365
f 3364 3365 3363
f 3362 3363 3361
f 3360 3361 3359
f 3358 3359 3357
f 3356 3357 3355
f 3354 3355 3353
f 3352 3353 3350
f 3351 3350 3378
f 3378 3379 3351
f 3380 3381 3382
f 3383 3380 3384
f 3385 3383 3386
f 3387 3385 3388
f 3389 3387 3390
f 3391 3389 3392
f 3393 3391 3394
f 3395 3393 3396
f 3397 3395 3398
f 3399 3397 3400
f 3401 3399 3402
f 3403 3401 3404
f 3405 3403 3406
f 3407 3405 3408
f 3409 3407 3410
f 3411 3409 3412
f 3413 3411 3414
f 3415 3413 3416
f 3417 3415 3418
f 3419 3417 3420
f 3421 3419 3422
f 3423 3421 3424
f 3425 3423 3426
f 3427 3425 3428
f 3429 3427 3430
f 3431 3429 3432
f 3433 3431 3434
f 3435 3433 3436
f 3437 3435 3438
f 3439 3437 3440
f 3378 3439 3441
f 3441 3379 3378
f 3440 3441 3439
f 3438 3440 3437
f 3436 3438 3435
f 3434 3436 3433
f 3432 3434 3431
f 3430 3432 3429
f 3428 3430 3427
f 3426 3428 3425
f 3424 3426 3423
f 3422 3424 3421
f 3420 3422 3419
f 3418 3420 3417
f 3416 3418 3415
f 3414 3416 3413
f 3412 3414 3411
f 3410 3412 3409
f 3408 3410 3407
f 3406 3408 3405
f 3404 3406 3403
f 3402 3404 3401
f 3400 3402 3399
f 3398 3400 3397
f 3396 3398 3395
f 3394 3396 3393
f 3392 3394 3391
f 3390 3392 3389
f 3388 3390 3387
f 3386 3388 3385
f 3384 3386 3383
f 3382 3384 3380
f 3442 1268 1269
f 3443 3442 3444
f 3445 3443 3446
f 3447 3445 3448
f 3449 3447 3450
f 3451 3449 3452
f 3453 3451 3454
f 3455 3453 3456
f 3457 3455 3458
f 3459 3457 3460
f 3461 3459 3462
f 3463 3461 3464
f 3465 3463 3466
f 3467 3465 3468
f 3469 3467 3470
f 3471 3469 3472
f 3473 3471 3474
f 3475 3473 3476
f 3477 3475 3478
f 3479 3477 3480
f 3481 3479 3482
f 3483 3481 3484
f 3485 3483 3486
f 3487 3485 3488
f 3489 3487 3490
f 3491 3489 3492
f 3493 3491 3494
f 3495 3493 3496
f 3497 3495 3498
f 3499 3497 3500
f 3501 3499 3502
f 3502 3503 3501
f 3500 3502 3499
f 3498 3500 3497
f 3496 3498 3495
f 3494 3496 3493
f 3492 3494 3491
f 3490 3492 3489
f 3488 3490 3487
f 3486 3488 3485
f 3484 3486 3483
f 3482 3484 3481
f 3480 3482 3479
f 3478 3480 3477
f 3476 3478 3475
f 3474 3476 3473
f 3472 3474 3471
f 3470 3472 3469
f 3468 3470 3467
f 3466 3468 3465
f 3464 3466 3463
f 3462 3464 3461
f 3460 3462 3459
f 3458 3460 3457
f 3456 3458 3455
f 3454 3456 3453
f 3452 3454 3451
f 3450 3452 3449
f 3448 3450 3447
f 3446 3448 3445
f 3444 3446 3443
f 1269 3444 3442
f 3504 3501 3503
f 3503 3505 3504
f 3504 3505 3506
f 3507 3506 3508
f 3509 3508 3510
f 3511 3510 3512
f 3513 3512 3514
f 3515 3514 3516
f 3517 3516 3518
f 3519 3518 3520
f 3521 3520 3522
f 3523 3522 3524
f 3525 3524 3526
f 3527 3526 3528
f 3529 3528 3530
f 3531 3530 3532
f 3533 3532 3534
f 3535 3534 3536
f 3537 3536 3538
f 3539 3538 3540
f 3541 3540 3542
f 3543 3542 3544
f 3545 3544 3546
f 3547 3546 3548
f 3549 3548 3550
f 3551 3550 3552
f 3553 3552 3554
f 3555 3554 3556
f 3557 3556 3558
f 3559 3558 3560
f 3561 3560 3562
f 3563 3562 3564
f 3565 3564 3566
f 3566 3567 3565
f 3564 3565 3563
f 3562 3563 3561
f 3560 3561 3559
f 3558 3559 3557
f 3556 3557 3555
f 3554 3555 3553
f 3552 3553 3551
f 3550 3551 3549
f 3548 3549 3547
f 3546 3547 3545
f 3544 3545 3543
f 3542 3543 3541
f 3540 3541 3539
f 3538 3539 3537
f 3536 3537 3535
f 3534 3535 3533
f 3532 3533 3531
f 3530 3531 3529
f 3528 3529 3527
f 3526 3527 3525
f 3524 3525 3523
f 3522 3523 3521
f 3520 3521 3519
f 3518 3519 3517
f 3516 3517 3515
f 3514 3515 3513
f 3512 3513 3511
f 3510 3511 3509
f 3508 3509 3507
f 3506 3507 3504
f 3568 3569 3570
f 3571 3570 3572
f 3573 3572 3574
f 3575 3574 3576
f 3577 3576 3578
f 3579 3578 3580
f 3581 3580 3582
f 3583 3582 3584
f 3585 3584 3586
f 3587 3586 3588
f 3589 3588 3590
f 3591 3590 3592
f 3593 3592 3594
f 3595 3594 1265
f 1265 1267 3595
f 3594 3595 3593
f 3592 3593 3591
f 3590 3591 3589
f 3588 3589 3587
f 3586 3587 3585
f 3584 3585 3583
f 3582 3583 3581
f 3580 3581 3579
f 3578 3579 3577
f 3576 3577 3575
f 3574 3575 3573
f 3572 3573 3571
f 3570 3571 3568
f 3569 3568 3596
f 3596 3597 3569
f 3598 3599 3600
f 3601 3598 3602
f 3603 3601 3604
f 3605 3603 3606
f 3607 3605 3608
f 3609 3607 3610
f 3611 3609 3612
f 3613 3611 3614
f 3615 3613 3616
f 3617 3615 3618
f 3619 3617 3620
f 3621 3619 3622
f 3623 3621 3624
f 3625 3623 3626
f 3627 3625 3628
f 3629 3627 3630
f 3631 3629 3632
f 3633 3631 3634
f 3635 3633 3636
f 3637 3635 3638
f 3639 3637 3640
f 3641 3639 3642
f 3643 3641 3644
f 3645 3643 3646
f 3647 3645 3648
f 3649 3647 3650
f 3651 3649 3652
f 3653 3651 3654
f 3655 3653 3656
f 3657 3655 3658
f 3596 3657 3659
f 3659 3597 3596
f 3658 3659 3657
f 3656 3658 3655
f 3654 3656 3653
f 3652 3654 3651
f 3650 3652 3649
f 3648 3650 3647
f 3646 3648 3645
f 3644 3646 3643
f 3642 3644 3641
f 3640 3642 3639
f 3638 3640 3637
f 3636 3638 3635
f 3634 3636 3633
f 3632 3634 3631
f 3630 3632 3629
f 3628 3630 3627
f 3626 3628 3625
f 3624 3626 3623
f 3622 3624 3621
f 3620 3622 3619
f 3618 3620 3617
f 3616 3618 3615
f 3614 3616 3613
f 3612 3614 3611
f 3610 3612 3609
f 3608 3610 3607
f 3606 3608 3605
f 3604 3606 3603
f 3602 3604 3601
f 3600 3602 3598
f 3660 1273 1274
f 3661 3660 3662
f 3663 3661 3664
f 3665 3663 3666
f 3667 3665 3668
f 3669 3667 3670
f 3671 3669 3672
f 3673 3671 3674
f 3675 3673 3676
f 3677 3675 3678
f 3679 3677 3680
f 3681 3679 3682
f 3683 3681 3684
f 3685 3683 3686
f 3687 3685 3688
f 3689 3687 3690
f 3691 3689 3692
f 3693 3691 3694
f 3695 3693 3696
f 3697 3695 3698
f 3699 3697 3700
f 3701 3699 3702
f 3703 3701 3704
f 3705 3703 3706
f 3707 3705 3708
f 3709 3707 3710
f 3711 3709 3712
f 3713 3711 3714
f 3715 3713 3716
f 3717 3715 3718
f 3719 3717 3720
f 3720 3721 3719
f 3718 3720 3717
f 3716 3718 3715
f 3714 3716 3713
f 3712 3714 3711
f 3710 3712 3709
f 3708 3710 3707
f 3706 3708 3705
f 3704 3706 3703
f 3702 3704 3701
f 3700 3702 3699
f 3698 3700 3697
f 3696 3698 3695
f 3694 3696 3693
f 3692 3694 3691
f 3690 3692 3689
f 3688 3690 3687
f 3686 3688 3685
f 3684 3686 3683
f 3682 3684 3681
f 3680 3682 3679
f 3678 3680 3677
f 3676 3678 3675
f 3674 3676 3673
f 3672 3674 3671
f 3670 3672 3669
f 3668 3670 3667
f 3666 3668 3665
f 3664 3666 3663
f 3662 3664 3661
f 1274 3662 3660
f 3722 3723 3719
f 3719 3721 3722
f 3723 3722 3724
f 3725 3724 3726
f 3727 3726 3728
f 3729 3728 3730
f 3731 3730 3732
f 3733 3732 3734
f 3735 3734 3736
f 3737 3736 3738
f 3739 3738 3740
f 3741 3740 3742
f 3743 3742 3744
f 3745 3744 3746
f 3747 3746 3748
f 3749 3748 3750
f 3751 3750 3752
f 3753 3752 3754
f 3755 3754 3756
f 3757 3756 3758
f 3759 3758 3760
f 3761 3760 3762
f 3763 3762 3764
f 3765 3764 3766
f 3767 3766 3768
f 3769 3768 3770
f 3771 3770 3772
f 3773 3772 3774
f 3775 3774 3776
f 3777 3776 3778
f 3779 3778 3780
f 3781 3780 3782
f 3783 3782 3784
f 3784 3785 3783
f 3782 3783 3781
f 3780 3781 3779
f 3778 3779 3777
f 3776 3777 3775
f 3774 3775 3773
f 3772 3773 3771
f 3770 3771 3769
f 3768 3769 3767
f 3766 3767 3765
f 3764 3765 3763
f 3762 3763 3761
f 3760 3761 3759
f 3758 3759 3757
f 3756 3757 3755
f 3754 3755 3753
f 3752 3753 3751
f 3750 3751 3749
f 3748 3749 3747
f 3746 3747 3745
f 3744 3745 3743
f 3742 3743 3741
f 3740 3741 3739
f 3738 3739 3737
f 3736 3737 3735
f 3734 3735 3733
f 3732 3733 3731
f 3730 3731 3729
f 3728 3729 3727
f 3726 3727 3725
f 3724 3725 3723
f 3786 3787 3788
f 3789 3788 3790
f 3791 3790 3792
f 3793 3792 3794
f 3795 3794 3796
f 3797 3796 3798
f 3799 3798 3800
f 3801 3800 3802
f 3803 3802 3804
f 3805 3804 3806
f 3807 3806 3808
f 3809 3808 3810
f 3811 3810 3812
f 3813 3812 1270
f 1270 1272 3813
f 3812 3813 3811
f 3810 3811 3809
f 3808 3809 3807
f 3806 3807 3805
f 3804 3805 3803
f 3802 3803 3801
f 3800 3801 3799
f 3798 3799 3797
f 3796 3797 3795
f 3794 3795 3793
f 3792 3793 3791
f 3790 3791 3789
f 3788 3789 3786
f 3787 3786 3814
f 3814 3815 3787
f 3816 3817 3818
f 3819 3816 3820
f 3821 3819 3822
f 3823 3821 3824
f 3825 3823 3826
f 3827 3825 3828
f 3829 3827 3830
f 3831 3829 3832
f 3833 3831 3834
f 3835 3833 3836
f 3837 3835 3838
f 3839 3837 3840
f 3841 3839 3842
f 3843 3841 3844
f 3845 3843 3846
f 3847 3845 3848
f 3849 3847 3850
f 3851 3849 3852
f 3853 3851 3854
f 3855 3853 3856
f 3857 3855 3858
f 3859 3857 3860
f 3861 3859 3862
f 3863 3861 3864
f 3865 3863 3866
f 3867 3865 3868
f 3869 3867 3870
f 3871 3869 3872
f 3873 3871 3874
f 3875 3873 3876
f 3814 3875 3877
f 3877 3815 3814
f 3876 3877 3875
f 3874 3876 3873
f 3872 3874 3871
f 3870 3872 3869
f 3868 3870 3867
f 3866 3868 3865
f 3864 3866 3863
f 3862 3864 3861
f 3860 3862 3859
f 3858 3860 3857
f 3856 3858 3855
f 3854 3856 3853
f 3852 3854 3851
f 3850 3852 3849
f 3848 3850 3847
f 3846 3848 3845
f 3844 3846 3843
f 3842 3844 3841
f 3840 3842 3839
f 3838 3840 3837
f 3836 3838 3835
f 3834 3836 3833
f 3832 3834 3831
f 3830 3832 3829
f 3828 3830 3827
f 3826 3828 3825
f 3824 3826 3823
f 3822 3824 3821
f 3820 3822 3819
f 3818 3820 3816
f 3878 1278 1279
f 3879 3878 3880
f 3881 3879 3882
f 3883 3881 3884
f 3885 3883 3886
f 3887 3885 3888
f 3889 3887 3890
f 3891 3889 3892
f 3893 3891 3894
f 3895 3893 3896
f 3897 3895 3898
f 3899 3897 3900
f 3901 3899 3902
f 3903 3901 3904
f 3905 3903 3906
f 3907 3905 3908
f 3909 3907 3910
f 3911 3909 3912
f 3913 3911 3914
f 3915 3913 3916
f 3917 3915 3918
f 3919 3917 3920
f 3921 3919 3922
f 3923 3921 3924
f 3925 3923 3926
f 3927 3925 3928
f 3929 3927 3930
f 3931 3929 3932
f 3933 3931 3934
f 3935 3933 3936
f 3937 3935 3938
f 3938 3939 3937
f 3936 3938 3935
f 3934 3936 3933
f 3932 3934 3931
f 3930 3932 3929
f 3928 3930 3927
f 3926 3928 3925
f 3924 3926 3923
f 3922 3924 3921
f 3920 3922 3919
f 3918 3920 3917
f 3916 3918 3915
f 3914 3916 3913
f 3912 3914 3911
f 3910 3912 3909
f 3908 3910 3907
f 3906 3908 3905
f 3904 3906 3903
f 3902 3904 3901
f 3900 3902 3899
f 3898 3900 3897
f 3896 3898 3895
f 3894 3896 3893
f 3892 3894 3891
f 3890 3892 3889
f 3888 3890 3887
f 3886 3888 3885
f 3884 3886 3883
f 3882 3884 3881
f 3880 3882 3879
f 1279 3880 3878
f 3940 3937 3939
f 3939 3941 3940
f 3940 3941 3942
f 3943 3942 3944
f 3945 3944 3946
f 3947 3946 3948
f 3949 3948 3950
f 3951 3950 3952
f 3953 3952 3954
f 3955 3954 3956
f 3957 3956 3958
f 3959 3958 3960
f 3961 3960 3962
f 3963 3962 3964
f 3965 3964 3966
f 3967 3966 3968
f 3969 3968 3970
f 3971 3970 3972
f 3973 3972 3974
f 3975 3974 3976
f 3977 3976 3978
f 3979 3978 3980
f 3981 3980 3982
f 3983 3982 3984
f 3985 3984 3986
f 3987 3986 3988
f 3989 3988 3990
f 3991 3990 3992
f 3993 3992 3994
f 3995 3994 3996
f 3997 3996 3998
f 3999 3998 4000
f 4001 4000 4002
f 4002 4003 4001
f 4000 4001 3999
f 3998 3999 3997
f 3996 3997 3995
f 3994 3995 3993
f 3992 3993 3991
f 3990 3991 3989
f 3988 3989 3987
f 3986 3987 3985
f 3984 3985 3983
f 3982 3983 3981
f 3980 3981 3979
f 3978 3979 3977
f 3976 3977 3975
f 3974 3975 3973
f 3972 3973 3971
f 3970 3971 3969
f 3968 3969 3967
f 3966 3967 3965
f 3964 3965 3963
f 3962 3963 3961
f 3960 3961 3959
f 3958 3959 3957
f 3956 3957 3955
f 3954 3955 3953
f 3952 3953 3951
f 3950 3951 3949
f 3948 3949 3947
f 3946 3947 3945
f 3944 3945 3943
f 3942 3943 3940
f 4004 4005 4006
f 4007 4006 4008
f 4009 4008 4010
f 4011 4010 4012
f 4013 4012 4014
f 4015 4014 4016
f 4017 4016 4018
f 4019 4018 4020
f 4021 4020 4022
f 4023 4022 4024
f 4025 4024 4026
f 4027 4026 4028
f 4029 4028 4030
f 4031 4030 1275
f 1275 1277 4031
f 4030 4031 4029
f 4028 4029 4027
f 4026 4027 4025
f 4024 4025 4023
f 4022 4023 4021
f 4020 4021 4019
f 4018 4019 4017
f 4016 4017 4015
f 4014 4015 4013
f 4012 4013 4011
f 4010 4011 4009
f 4008 4009 4007
f 4006 4007 4004
f 4005 4004 4032
f 4032 4033 4005
f 4034 4035 4036
f 4037 4034 4038
f 4039 4037 4040
f 4041 4039 4042
f 4043 4041 4044
f 4045 4043 4046
f 4047 4045 4048
f 4049 4047 4050
f 4051 4049 4052
f 4053 4051 4054
f 4055 4053 4056
f 4057 4055 4058
f 4059 4057 4060
f 4061 4059 4062
f 4063 4061 4064
f 4065 4063 4066
f 4067 4065 4068
f 4069 4067 4070
f 4071 4069 4072
f 4073 4071 4074
f 4075 4073 4076
f 4077 4075 4078
f 4079 4077 4080
f 4081 4079 4082
f 4083 4081 4084
f 4085 4083 4086
f 4087 4085 4088
f 4089 4087 4090
f 4091 4089 4092
f 4093 4091 4094
f 4032 4093 4095
f 4095 4033 4032
f 4094 4095 4093
f 4092 4094 4091
f 4090 4092 4089
f 4088 4090 4087
f 4086 4088 4085
f 4084 4086 4083
f 4082 4084 4081
f 4080 4082 4079
f 4078 4080 4077
f 4076 4078 4075
f 4074 4076 4073
f 4072 4074 4071
f 4070 4072 4069
f 4068 4070 4067
f 4066 4068 4065
f 4064 4066 4063
f 4062 4064 4061
f 4060 4062 4059
f 4058 4060 4057
f 4056 4058 4055
f 4054 4056 4053
f 4052 4054 4051
f 4050 4052 4049
f 4048 4050 4047
f 4046 4048 4045
f 4044 4046 4043
f 4042 4044 4041
f 4040 4042 4039
f 4038 4040 4037
f 4036 4038 4034
f 4096 4097 3349
f 3349 3348 4096
f 4097 4096 4098
f 4099 4098 4100
f 4101 4100 4102
f 4103 4102 4104
f 4105 4104 4106
f 4107 4106 4108
f 4109 4108 4110
f 4111 4110 4112
f 4113 4112 4114
f 4115 4114 4116
f 4117 4116 4118
f 4119 4118 4120
f 4121 4120 4122
f 4123 4122 4124
f 4125 4124 4126
f 4127 4126 4128
f 4129 4128 4130
f 4131 4130 4132
f 4133 4132 4134
f 4135 4134 4136
f 4137 4136 4138
f 4139 4138 4140
f 4141 4140 4142
f 4143 4142 4144
f 4145 4144 4146
f 4147 4146 4148
f 4149 4148 4150
f 4151 4150 4152
f 4153 4152 4154
f 4155 4154 4156
f 4157 4156 4158
f 4158 4159 4157
f 4156 4157 4155
f 4154 4155 4153
f 4152 4153 4151
f 4150 4151 4149
f 4148 4149 4147
f 4146 4147 4145
f 4144 4145 4143
f 4142 4143 4141
f 4140 4141 4139
f 4138 4139 4137
f 4136 4137 4135
f 4134 4135 4133
f 4132 4133 4131
f 4130 4131 4129
f 4128 4129 4127
f 4126 4127 4125
f 4124 4125 4123
f 4122 4123 4121
f 4120 4121 4119
f 4118 4119 4117
f 4116 4117 4115
f 4114 4115 4113
f 4112 4113 4111
f 4110 4111 4109
f 4108 4109 4107
f 4106 4107 4105
f 4104 4105 4103
f 4102 4103 4101
f 4100 4101 4099
f 4098 4099 4097
f 4160 4161 4159
f 4159 4158 4160
f 4162 4161 4160
f 4163 4162 4164
f 4165 4163 4166
f 4167 4165 4168
f 4169 4167 4170
f 4171 4169 4172
f 4173 4171 4174
f 4175 4173 4176
f 4177 4175 4178
f 4179 4177 4180
f 4181 4179 4182
f 4183 4181 4184
f 4185 4183 4186
f 4187 4185 4188
f 4189 4187 4190
f 4191 4189 4192
f 4193 4191 4194
f 4195 4193 4196
f 4197 4195 4198
f 4199 4197 4200
f 4201 4199 4202
f 4203 4201 4204
f 4205 4203 4206
f 4207 4205 4208
f 4209 4207 4210
f 4211 4209 4212
f 4213 4211 4214
f 4215 4213 4216
f 4217 4215 4218
f 4219 4217 4220
f 807 4219 4221
f 4221 809 807
f 4220 4221 4219
f 4218 4220 4217
f 4216 4218 4215
f 4214 4216 4213
f 4212 4214 4211
f 4210 4212 4209
f 4208 4210 4207
f 4206 4208 4205
f 4204 4206 4203
f 4202 4204 4201
f 4200 4202 4199
f 4198 4200 4197
f 4196 4198 4195
f 4194 4196 4193
f 4192 4194 4191
f 4190 4192 4189
f 4188 4190 4187
f 4186 4188 4185
f 4184 4186 4183
f 4182 4184 4181
f 4180 4182 4179
f 4178 4180 4177
f 4176 4178 4175
f 4174 4176 4173
f 4172 4174 4171
f 4170 4172 4169
f 4168 4170 4167
f 4166 4168 4165
f 4164 4166 4163
f 4160 4164 4162
f 806 808 4222
f 4223 4222 4224
f 4225 4224 4226
f 4227 4226 4228
f 4229 4228 4230
f 4231 4230 4232
f 4233 4232 4234
f 4235 4234 4236
f 4237 4236 4238
f 4239 4238 4240
f 4241 4240 4242
f 4243 4242 4244
f 4245 4244 4246
f 4247 4246 4248
f 4248 4249 4247
f 4246 4247 4245
f 4244 4245 4243
f 4242 4243 4241
f 4240 4241 4239
f 4238 4239 4237
f 4236 4237 4235
f 4234 4235 4233
f 4232 4233 4231
f 4230 4231 4229
f 4228 4229 4227
f 4226 4227 4225
f 4224 4225 4223
f 4222 4223 806
f 4106 4104 4250
f 4104 4102 4251
f 3336 3394 3392
f 3336 3334 3396
f 3334 3332 3398
f 3332 3330 3400
f 4244 4166 4164
f 4242 4168 4166
f 4240 4170 4168
f 4238 4172 4170
f 808 4204 4202
f 4144 4252 4253
f 4142 4254 4252
f 4118 4255 4256
f 4118 4116 4257
f 4114 4258 4257
f 4114 4112 4259
f 4110 4260 4259
f 4110 4108 4261
f 4108 4106 4262
f 4251 4250 4104
f 3382 4263 4096
f 3348 3346 3384
f 3396 3394 3336
f 3400 3398 3332
f 3330 3328 3402
f 3328 3326 3404
f 4166 4244 4242
f 4170 4240 4238
f 4236 4174 4172
f 4234 4176 4174
f 4226 4184 4182
f 4224 4186 4184
f 4202 4200 808
f 4252 4144 4142
f 4140 4264 4254
f 4138 4265 4264
f 4138 4136 4266
f 4134 4132 4267
f 4132 4130 4268
f 4257 4255 4118
f 4259 4258 4114
f 4261 4260 4110
f 4250 4262 4106
f 4096 4263 4269
f 3384 3382 3348
f 3398 3396 3334
f 3404 3402 3328
f 3324 3406 3404
f 3324 3322 3408
f 4168 4242 4240
f 4174 4236 4234
f 4232 4178 4176
f 4230 4180 4178
f 4228 4182 4180
f 4184 4226 4224
f 4222 4188 4186
f 808 4190 4188
f 808 4206 4204
f 4148 4270 4271
f 4148 4146 4253
f 4254 4142 4140
f 4266 4265 4138
f 4134 4272 4266
f 4268 4267 4132
f 4257 4116 4114
f 4262 4261 4108
f 4098 4269 4273
f 4096 3348 3382
f 3340 3390 3388
f 3340 3338 3392
f 3402 3400 3330
f 3408 3406 3324
f 3320 3410 3408
f 3320 3318 3412
f 4172 4238 4236
f 4178 4232 4230
f 4182 4228 4226
f 4188 4222 808
f 808 4208 4206
f 808 4212 4210
f 808 4218 4216
f 808 809 4221
f 4150 4271 4274
f 4253 4270 4148
f 4264 4140 4138
f 4267 4272 4134
f 4259 4112 4110
f 4102 4100 4273
f 4269 4098 4096
f 3346 3344 3386
f 3342 3388 3386
f 3392 3390 3340
f 3404 3326 3324
f 3412 3410 3320
f 1260 3228 3226
f 3374 3372 3264
f 3372 3370 3266
f 4176 4234 4232
f 4186 4224 4222
f 808 4198 4196
f 4210 4208 808
f 4216 4214 808
f 4221 4220 808
f 4220 4218 808
f 4154 4275 4276
f 4154 4152 4274
f 4271 4150 4148
f 4266 4136 4134
f 4128 4277 4268
f 4126 4278 4277
f 4273 4251 4102
f 3386 3384 3346
f 3388 3342 3340
f 3408 3322 3320
f 1260 3230 3228
f 1260 3376 3260
f 3266 3264 3372
f 3370 3368 3268
f 4279 4248 4160
f 4158 4156 4276
f 4180 4230 4228
f 808 4194 4192
f 4200 4198 808
f 4274 4275 4154
f 4253 4146 4144
f 4277 4128 4126
f 4126 4124 4280
f 4122 4281 4280
f 4122 4120 4256
f 4273 4100 4098
f 3392 3338 3336
f 3316 3414 3412
f 3316 3314 3416
f 1260 3232 3230
f 1260 3236 3234
f 1260 3242 3240
f 3260 3258 1260
f 3376 3374 3262
f 3268 3266 3370
f 3368 3366 3270
f 3366 3364 3272
f 3364 3362 3274
f 4276 4279 4158
f 4246 4164 4160
f 4192 4190 808
f 4214 4212 808
f 4274 4152 4150
f 4280 4278 4126
f 4256 4281 4122
f 3386 3344 3342
f 3416 3414 3316
f 3314 3312 3418
f 3300 3430 3428
f 3300 3298 3432
f 3298 3296 3434
f 3296 3294 3436
f 3234 3232 1260
f 3240 3238 1260
f 1260 3248 3246
f 3262 3260 3376
f 3270 3268 3368
f 3274 3272 3364
f 3362 3360 3276
f 3360 3358 3278
f 3358 3356 3280
f 3356 3354 3282
f 3354 3352 3284
f 4160 4248 4246
f 4196 4194 808
f 4268 4130 4128
f 4256 4120 4118
f 3418 3416 3314
f 3312 3310 3420
f 3308 3422 3420
f 3308 3306 3424
f 3304 3426 3424
f 3302 3428 3426
f 3432 3430 3300
f 3436 3434 3296
f 3238 3236 1260
f 3246 3244 1260
f 1260 3252 3250
f 1260 3256 3254
f 3264 3262 3374
f 3276 3274 3362
f 3280 3278 3358
f 3284 3282 3354
f 3352 3351 3285
f 3285 3351 3379
f 4164 4246 4244
f 4280 4124 4122
f 3420 3418 3312
f 3424 3422 3308
f 3426 3304 3302
f 3434 3432 3298
f 3292 3438 3436
f 3292 3290 3440
f 3244 3242 1260
f 3254 3252 1260
f 3272 3270 3366
f 3282 3280 3356
f 3288 3286 3379
f 3379 3286 3285
f 4276 4156 4154
f 3420 3310 3308
f 3428 3302 3300
f 3440 3438 3292
f 3250 3248 1260
f 3278 3276 3360
f 3288 3441 3440
f 3285 3284 3352
f 3412 3318 3316
f 3436 3294 3292
f 3258 3256 1260
f 3379 3441 3288
f 3424 3306 3304
f 3440 3290 3288
f 3226 1264 1260
f 4160 4158 4279
f 806 4197 4199
f 4239 4241 4167
f 4241 4243 4165
f 4243 4245 4163
f 4245 4247 4162
f 3333 3395 3397
f 3335 3393 3395
f 3337 3391 3393
f 3337 3339 3389
f 4105 4282 4283
f 4107 4284 4282
f 4199 4201 806
f 4225 4227 4181
f 4227 4229 4179
f 4235 4237 4171
f 4237 4239 4169
f 4165 4167 4241
f 4162 4163 4245
f 4143 4145 4285
f 4145 4147 4286
f 3329 3399 3401
f 3331 3397 3399
f 3395 3333 3335
f 3389 3391 3337
f 3349 3381 3380
f 3381 3349 4097
f 4282 4105 4107
f 4109 4287 4284
f 4111 4288 4287
f 4111 4113 4289
f 4115 4290 4289
f 4115 4117 4291
f 4119 4292 4291
f 4119 4121 4293
f 806 4195 4197
f 806 4223 4185
f 4223 4225 4183
f 4179 4181 4227
f 4229 4231 4177
f 4231 4233 4175
f 4233 4235 4173
f 4169 4171 4237
f 4163 4165 4243
f 4133 4294 4295
f 4135 4296 4294
f 4139 4297 4298
f 4139 4141 4299
f 4141 4143 4300
f 4286 4285 4145
f 3325 3403 3405
f 3325 3327 3401
f 3399 3329 3331
f 3393 3335 3337
f 4097 4301 3381
f 4097 4099 4302
f 4284 4107 4109
f 4289 4288 4111
f 4291 4290 4115
f 4293 4292 4119
f 806 4217 4219
f 806 4211 4213
f 806 4205 4207
f 4201 4203 806
f 4183 4185 4223
f 4177 4179 4229
f 4173 4175 4233
f 4167 4169 4239
f 4294 4133 4135
f 4135 4137 4298
f 4299 4297 4139
f 4285 4300 4143
f 4149 4303 4286
f 4149 4151 4304
f 4247 4249 4161
f 4161 4249 4305
f 3373 3261 3263
f 3375 3259 3261
f 1262 1263 3224
f 3321 3407 3409
f 3321 3323 3405
f 3401 3403 3325
f 3397 3331 3333
f 3341 3387 3389
f 3341 3343 3385
f 4302 4301 4097
f 4099 4101 4306
f 4287 4109 4111
f 4291 4117 4119
f 806 4215 4217
f 806 4209 4211
f 4203 4205 806
f 806 4191 4193
f 4181 4183 4225
f 4171 4173 4235
f 4298 4296 4135
f 4300 4299 4141
f 4304 4303 4149
f 4151 4153 4307
f 4155 4308 4307
f 4155 4157 4309
f 4159 4305 4309
f 4305 4159 4161
f 3371 3263 3265
f 3261 3373 3375
f 1262 3255 3257
f 3224 3225 1262
f 3225 3227 1262
f 3405 3407 3321
f 3401 3327 3329
f 3385 3387 3341
f 3343 3345 3383
f 3347 3380 3383
f 4306 4302 4099
f 4103 4283 4306
f 4289 4113 4115
f 4213 4215 806
f 4193 4195 806
f 806 4187 4189
f 4175 4177 4231
f 4298 4137 4139
f 4307 4304 4151
f 4309 4308 4155
f 4161 4162 4247
f 3365 3269 3271
f 3367 3267 3269
f 3369 3265 3267
f 3263 3371 3373
f 3377 3257 3259
f 1262 3253 3255
f 1262 3235 3237
f 1262 3229 3231
f 3317 3411 3413
f 3317 3319 3409
f 3405 3323 3325
f 3383 3385 3343
f 3380 3347 3349
f 4283 4103 4105
f 4127 4129 4310
f 4129 4131 4295
f 4207 4209 806
f 4185 4187 806
f 4286 4147 4149
f 4309 4157 4159
f 3355 3279 3281
f 3357 3277 3279
f 3359 3275 3277
f 3361 3273 3275
f 3363 3271 3273
f 3269 3365 3367
f 3265 3369 3371
f 3257 3377 1262
f 1262 3241 3243
f 1262 3233 3235
f 3227 3229 1262
f 3297 3431 3433
f 3299 3429 3431
f 3301 3427 3429
f 3301 3303 3425
f 3315 3413 3415
f 3409 3411 3317
f 3389 3339 3341
f 4306 4101 4103
f 4123 4311 4293
f 4123 4125 4312
f 4127 4313 4312
f 4295 4310 4129
f 4189 4191 806
f 4307 4153 4155
f 3287 3378 3350
f 3287 3289 3439
f 3279 3355 3357
f 3275 3359 3361
f 3271 3363 3365
f 3259 3375 3377
f 1262 3249 3251
f 1262 3245 3247
f 1262 3239 3241
f 3231 3233 1262
f 3431 3297 3299
f 3425 3427 3301
f 3303 3305 3423
f 3305 3307 3421
f 3309 3419 3421
f 3309 3311 3417
f 3313 3415 3417
f 3413 3315 3317
f 3383 3345 3347
f 4312 4311 4123
f 4310 4313 4127
f 4295 4131 4133
f 3439 3378 3287
f 3353 3281 3283
f 3277 3357 3359
f 3267 3367 3369
f 3247 3249 1262
f 3237 3239 1262
f 3293 3435 3437
f 3293 3295 3433
f 3429 3299 3301
f 3421 3423 3305
f 3417 3419 3309
f 3415 3313 3315
f 4293 4121 4123
f 4219 807 806
f 3283 3350 3353
f 3289 3291 3437
f 3273 3361 3363
f 3243 3245 1262
f 3433 3435 3293
f 3423 3425 3303
f 3417 3311 3313
f 4312 4125 4127
f 3437 3439 3289
f 3251 3253 1262
f 3433 3295 3297
f 3409 3319 3321
f 3281 3353 3355
f 3421 3307 3309
f 3437 3291 3293
f 3350 3283 3287
f 4279 4305 4249
f 4249 4248 4279
f 4309 4305 4279
f 4308 4309 4276
f 4307 4308 4275
f 4304 4307 4274
f 4303 4304 4271
f 4286 4303 4270
f 4285 4286 4253
f 4300 4285 4252
f 4299 4300 4254
f 4297 4299 4264
f 4298 4297 4265
f 4296 4298 4266
f 4294 4296 4272
f 4295 4294 4267
f 4310 4295 4268
f 4313 4310 4277
f 4312 4313 4278
f 4311 4312 4280
f 4293 4311 4281
f 4292 4293 4256
f 4291 4292 4255
f 4290 4291 4257
f 4289 4290 4258
f 4288 4289 4259
f 4287 4288 4260
f 4284 4287 4261
f 4282 4284 4262
f 4283 4282 4250
f 4306 4283 4251
f 4302 4306 4273
f 4301 4302 4269
f 4269 4263 4301
f 4273 4269 4302
f 4251 4273 4306
f 4250 4251 4283
f 4262 4250 4282
f 4261 4262 4284
f 4260 4261 4287
f 4259 4260 4288
f 4258 4259 4289
f 4257 4258 4290
f 4255 4257 4291
f 4256 4255 4292
f 4281 4256 4293
f 4280 4281 4311
f 4278 4280 4312
f 4277 4278 4313
f 4268 4277 4310
f 4267 4268 4295
f 4272 4267 4294
f 4266 4272 4296
f 4265 4266 4298
f 4264 4265 4297
f 4254 4264 4299
f 4252 4254 4300
f 4253 4252 4285
f 4270 4253 4286
f 4271 4270 4303
f 4274 4271 4304
f 4275 4274 4307
f 4276 4275 4308
f 4279 4276 4309
f 3382 3381 4301
f 4301 4263 3382
f 4314 4315 3567
f 3567 3566 4314
f 4315 4314 4316
f 4317 4316 4318
f 4319 4318 4320
f 4321 4320 4322
f 4323 4322 4324
f 4325 4324 4326
f 4327 4326 4328
f 4329 4328 4330
f 4331 4330 4332
f 4333 4332 4334
f 4335 4334 4336
f 4337 4336 4338
f 4339 4338 4340
f 4341 4340 4342
f 4343 4342 4344
f 4345 4344 4346
f 4347 4346 4348
f 4349 4348 4350
f 4351 4350 4352
f 4353 4352 4354
f 4355 4354 4356
f 4357 4356 4358
f 4359 4358 4360
f 4361 4360 4362
f 4363 4362 4364
f 4365 4364 4366
f 4367 4366 4368
f 4369 4368 4370
f 4371 4370 4372
f 4373 4372 4374
f 4375 4374 4376
f 4376 4377 4375
f 4374 4375 4373
f 4372 4373 4371
f 4370 4371 4369
f 4368 4369 4367
f 4366 4367 4365
f 4364 4365 4363
f 4362 4363 4361
f 4360 4361 4359
f 4358 4359 4357
f 4356 4357 4355
f 4354 4355 4353
f 4352 4353 4351
f 4350 4351 4349
f 4348 4349 4347
f 4346 4347 4345
f 4344 4345 4343
f 4342 4343 4341
f 4340 4341 4339
f 4338 4339 4337
f 4336 4337 4335
f 4334 4335 4333
f 4332 4333 4331
f 4330 4331 4329
f 4328 4329 4327
f 4326 4327 4325
f 4324 4325 4323
f 4322 4323 4321
f 4320 4321 4319
f 4318 4319 4317
f 4316 4317 4315
f 4378 4379 4377
f 4377 4376 4378
f 4380 4379 4378
f 4381 4380 4382
f 4383 4381 4384
f 4385 4383 4386
f 4387 4385 4388
f 4389 4387 4390
f 4391 4389 4392
f 4393 4391 4394
f 4395 4393 4396
f 4397 4395 4398
f 4399 4397 4400
f 4401 4399 4402
f 4403 4401 4404
f 4405 4403 4406
f 4407 4405 4408
f 4409 4407 4410
f 4411 4409 4412
f 4413 4411 4414
f 4415 4413 4416
f 4417 4415 4418
f 4419 4417 4420
f 4421 4419 4422
f 4423 4421 4424
f 4425 4423 4426
f 4427 4425 4428
f 4429 4427 4430
f 4431 4429 4432
f 4433 4431 4434
f 4435 4433 4436
f 4437 4435 4438
f 811 4437 4439
f 4439 813 811
f 4438 4439 4437
f 4436 4438 4435
f 4434 4436 4433
f 4432 4434 4431
f 4430 4432 4429
f 4428 4430 4427
f 4426 4428 4425
f 4424 4426 4423
f 4422 4424 4421
f 4420 4422 4419
f 4418 4420 4417
f 4416 4418 4415
f 4414 4416 4413
f 4412 4414 4411
f 4410 4412 4409
f 4408 4410 4407
f 4406 4408 4405
f 4404 4406 4403
f 4402 4404 4401
f 4400 4402 4399
f 4398 4400 4397
f 4396 4398 4395
f 4394 4396 4393
f 4392 4394 4391
f 4390 4392 4389
f 4388 4390 4387
f 4386 4388 4385
f 4384 4386 4383
f 4382 4384 4381
f 4378 4382 4380
f 810 812 4440
f 4441 4440 4442
f 4443 4442 4444
f 4445 4444 4446
f 4447 4446 4448
f 4449 4448 4450
f 4451 4450 4452
f 4453 4452 4454
f 4455 4454 4456
f 4457 4456 4458
f 4459 4458 4460
f 4461 4460 4462
f 4463 4462 4464
f 4465 4464 4466
f 4466 4467 4465
f 4464 4465 4463
f 4462 4463 4461
f 4460 4461 4459
f 4458 4459 4457
f 4456 4457 4455
f 4454 4455 4453
f 4452 4453 4451
f 4450 4451 4449
f 4448 4449 4447
f 4446 4447 4445
f 4444 4445 4443
f 4442 4443 4441
f 4440 4441 810
f 4324 4322 4468
f 4322 4320 4469
f 3554 3612 3610
f 3554 3552 3614
f 3552 3550 3616
f 3550 3548 3618
f 4460 4386 4384
f 4458 4388 4386
f 812 4408 4406
f 4362 4470 4471
f 4360 4472 4470
f 4336 4473 4474
f 4336 4334 4475
f 4332 4476 4475
f 4332 4330 4477
f 4328 4478 4477
f 4328 4326 4479
f 4326 4324 4480
f 4469 4468 4322
f 3600 4481 4314
f 3566 3564 3602
f 3614 3612 3554
f 3618 3616 3550
f 3548 3546 3620
f 3546 3544 3622
f 4386 4460 4458
f 4456 4390 4388
f 4454 4392 4390
f 4452 4394 4392
f 4444 4402 4400
f 4442 4404 4402
f 4440 4406 4404
f 812 4410 4408
f 812 4420 4418
f 4470 4362 4360
f 4358 4482 4472
f 4356 4483 4482
f 4356 4354 4484
f 4352 4350 4485
f 4350 4348 4486
f 4475 4473 4336
f 4477 4476 4332
f 4479 4478 4328
f 4468 4480 4324
f 4314 4481 4487
f 3602 3600 3566
f 3616 3614 3552
f 3622 3620 3546
f 3542 3624 3622
f 3542 3540 3626
f 4388 4458 4456
f 4392 4454 4452
f 4450 4396 4394
f 4448 4398 4396
f 4402 4444 4442
f 4406 4440 812
f 812 4414 4412
f 4418 4416 812
f 4366 4488 4489
f 4366 4364 4471
f 4472 4360 4358
f 4484 4483 4356
f 4352 4490 4484
f 4486 4485 4350
f 4475 4334 4332
f 4480 4479 4326
f 4316 4487 4491
f 4314 3566 3600
f 3558 3608 3606
f 3558 3556 3610
f 3620 3618 3548
f 3626 3624 3542
f 3538 3628 3626
f 3538 3536 3630
f 4462 4384 4382
f 4390 4456 4454
f 4396 4450 4448
f 4446 4400 4398
f 4404 4442 4440
f 4416 4414 812
f 812 4436 4434
f 812 813 4439
f 4368 4489 4492
f 4471 4488 4366
f 4482 4358 4356
f 4485 4490 4352
f 4477 4330 4328
f 4320 4318 4491
f 4487 4316 4314
f 3564 3562 3604
f 3560 3606 3604
f 3610 3608 3558
f 3622 3544 3542
f 3630 3628 3538
f 1265 3446 3444
f 3592 3590 3482
f 3590 3588 3484
f 4384 4462 4460
f 4398 4448 4446
f 4412 4410 812
f 812 4424 4422
f 812 4428 4426
f 4434 4432 812
f 4439 4438 812
f 4438 4436 812
f 4372 4493 4494
f 4372 4370 4492
f 4489 4368 4366
f 4484 4354 4352
f 4346 4495 4486
f 4344 4496 4495
f 4491 4469 4320
f 3604 3602 3564
f 3606 3560 3558
f 3626 3540 3538
f 1265 3448 3446
f 1265 3594 3478
f 3484 3482 3590
f 3588 3586 3486
f 4497 4466 4378
f 4376 4374 4494
f 4394 4452 4450
f 4422 4420 812
f 812 4430 4428
f 4492 4493 4372
f 4471 4364 4362
f 4495 4346 4344
f 4344 4342 4498
f 4340 4499 4498
f 4340 4338 4474
f 4491 4318 4316
f 3610 3556 3554
f 3534 3632 3630
f 3534 3532 3634
f 1265 3450 3448
f 1265 3454 3452
f 1265 3460 3458
f 3478 3476 1265
f 3594 3592 3480
f 3486 3484 3588
f 3586 3584 3488
f 3584 3582 3490
f 3582 3580 3492
f 4494 4497 4376
f 4464 4382 4378
f 4400 4446 4444
f 4432 4430 812
f 4492 4370 4368
f 4498 4496 4344
f 4474 4499 4340
f 3604 3562 3560
f 3634 3632 3534
f 3532 3530 3636
f 3518 3648 3646
f 3518 3516 3650
f 3516 3514 3652
f 3514 3512 3654
f 3452 3450 1265
f 3458 3456 1265
f 1265 3466 3464
f 3480 3478 3594
f 3488 3486 3586
f 3492 3490 3582
f 3580 3578 3494
f 3578 3576 3496
f 3576 3574 3498
f 3574 3572 3500
f 3572 3570 3502
f 4378 4466 4464
f 4426 4424 812
f 4486 4348 4346
f 4474 4338 4336
f 3636 3634 3532
f 3530 3528 3638
f 3526 3640 3638
f 3526 3524 3642
f 3522 3644 3642
f 3520 3646 3644
f 3650 3648 3518
f 3654 3652 3514
f 3456 3454 1265
f 3464 3462 1265
f 1265 3470 3468
f 1265 3474 3472
f 3482 3480 3592
f 3494 3492 3580
f 3498 3496 3576
f 3502 3500 3572
f 3570 3569 3503
f 3503 3569 3597
f 4382 4464 4462
f 4498 4342 4340
f 3638 3636 3530
f 3642 3640 3526
f 3644 3522 3520
f 3652 3650 3516
f 3510 3656 3654
f 3510 3508 3658
f 3462 3460 1265
f 3472 3470 1265
f 3490 3488 3584
f 3500 3498 3574
f 3506 3505 3597
f 3597 3505 3503
f 4494 4374 4372
f 3638 3528 3526
f 3646 3520 3518
f 3658 3656 3510
f 3468 3466 1265
f 3496 3494 3578
f 3506 3659 3658
f 3503 3502 3570
f 3630 3536 3534
f 3654 3512 3510
f 3476 3474 1265
f 3597 3659 3506
f 3642 3524 3522
f 3658 3508 3506
f 3444 1269 1265
f 4378 4376 4497
f 810 4413 4415
f 810 4441 4403
f 3551 3613 3615
f 3553 3611 3613
f 3555 3609 3611
f 3555 3557 3607
f 4323 4500 4501
f 4325 4502 4500
f 810 4411 4413
f 810 4407 4409
f 4403 4405 810
f 4441 4443 4401
f 4459 4461 4383
f 4461 4463 4381
f 4361 4363 4503
f 4363 4365 4504
f 3547 3617 3619
f 3549 3615 3617
f 3613 3551 3553
f 3607 3609 3555
f 3567 3599 3598
f 3599 3567 4315
f 4500 4323 4325
f 4327 4505 4502
f 4329 4506 4505
f 4329 4331 4507
f 4333 4508 4507
f 4333 4335 4509
f 4337 4510 4509
f 4337 4339 4511
f 810 4435 4437
f 810 4429 4431
f 4409 4411 810
f 4401 4403 4441
f 4443 4445 4399
f 4445 4447 4397
f 4453 4455 4389
f 4455 4457 4387
f 4457 4459 4385
f 4381 4383 4461
f 4351 4512 4513
f 4353 4514 4512
f 4357 4515 4516
f 4357 4359 4517
f 4359 4361 4518
f 4504 4503 4363
f 3543 3621 3623
f 3543 3545 3619
f 3617 3547 3549
f 3611 3553 3555
f 4315 4519 3599
f 4315 4317 4520
f 4502 4325 4327
f 4507 4506 4329
f 4509 4508 4333
f 4511 4510 4337
f 810 4433 4435
f 810 4427 4429
f 810 4421 4423
f 4405 4407 810
f 4397 4399 4445
f 4447 4449 4395
f 4449 4451 4393
f 4387 4389 4455
f 4383 4385 4459
f 4512 4351 4353
f 4353 4355 4516
f 4517 4515 4357
f 4503 4518 4361
f 4367 4521 4504
f 4367 4369 4522
f 4465 4467 4379
f 4379 4467 4523
f 3591 3479 3481
f 3593 3477 3479
f 1267 1268 3442
f 3539 3625 3627
f 3539 3541 3623
f 3619 3621 3543
f 3615 3549 3551
f 3559 3605 3607
f 3559 3561 3603
f 4520 4519 4315
f 4317 4319 4524
f 4505 4327 4329
f 4509 4335 4337
f 4431 4433 810
f 4423 4425 810
f 810 4417 4419
f 4399 4401 4443
f 4393 4395 4449
f 4451 4453 4391
f 4385 4387 4457
f 4463 4465 4380
f 4516 4514 4353
f 4518 4517 4359
f 4522 4521 4367
f 4369 4371 4525
f 4373 4526 4525
f 4373 4375 4527
f 4377 4523 4527
f 4523 4377 4379
f 3589 3481 3483
f 3479 3591 3593
f 1267 3473 3475
f 3442 3443 1267
f 3443 3445 1267
f 3623 3625 3539
f 3619 3545 3547
f 3603 3605 3559
f 3561 3563 3601
f 3565 3598 3601
f 4524 4520 4317
f 4321 4501 4524
f 4507 4331 4333
f 4425 4427 810
f 4415 4417 810
f 4391 4393 4451
f 4380 4381 4463
f 4516 4355 4357
f 4525 4522 4369
f 4527 4526 4373
f 4379 4380 4465
f 3583 3487 3489
f 3585 3485 3487
f 3587 3483 3485
f 3481 3589 3591
f 3595 3475 3477
f 1267 3471 3473
f 1267 3453 3455
f 1267 3447 3449
f 3535 3629 3631
f 3535 3537 3627
f 3623 3541 3543
f 3601 3603 3561
f 3598 3565 3567
f 4501 4321 4323
f 4345 4347 4528
f 4347 4349 4513
f 4419 4421 810
f 4389 4391 4453
f 4504 4365 4367
f 4527 4375 4377
f 3573 3497 3499
f 3575 3495 3497
f 3577 3493 3495
f 3579 3491 3493
f 3581 3489 3491
f 3487 3583 3585
f 3483 3587 3589
f 3475 3595 1267
f 1267 3459 3461
f 1267 3451 3453
f 3445 3447 1267
f 3515 3649 3651
f 3517 3647 3649
f 3519 3645 3647
f 3519 3521 3643
f 3533 3631 3633
f 3627 3629 3535
f 3607 3557 3559
f 4524 4319 4321
f 4341 4529 4511
f 4341 4343 4530
f 4345 4531 4530
f 4513 4528 4347
f 4395 4397 4447
f 4525 4371 4373
f 3504 3596 3568
f 3504 3507 3657
f 3497 3573 3575
f 3493 3577 3579
f 3489 3581 3583
f 3477 3593 3595
f 1267 3467 3469
f 1267 3463 3465
f 1267 3457 3459
f 3449 3451 1267
f 3649 3515 3517
f 3643 3645 3519
f 3521 3523 3641
f 3523 3525 3639
f 3527 3637 3639
f 3527 3529 3635
f 3531 3633 3635
f 3631 3533 3535
f 3601 3563 3565
f 4530 4529 4341
f 4528 4531 4345
f 4513 4349 4351
f 3657 3596 3504
f 3571 3499 3501
f 3495 3575 3577
f 3485 3585 3587
f 3465 3467 1267
f 3455 3457 1267
f 3511 3653 3655
f 3511 3513 3651
f 3647 3517 3519
f 3639 3641 3523
f 3635 3637 3527
f 3633 3531 3533
f 4511 4339 4341
f 4437 811 810
f 3501 3568 3571
f 3507 3509 3655
f 3491 3579 3581
f 3461 3463 1267
f 3651 3653 3511
f 3641 3643 3521
f 3635 3529 3531
f 4530 4343 4345
f 3655 3657 3507
f 3469 3471 1267
f 3651 3513 3515
f 3627 3537 3539
f 3499 3571 3573
f 3639 3525 3527
f 3655 3509 3511
f 3568 3501 3504
f 4523 4467 4466
f 4466 4497 4523
f 4527 4523 4497
f 4526 4527 4494
f 4525 4526 4493
f 4522 4525 4492
f 4521 4522 4489
f 4504 4521 4488
f 4503 4504 4471
f 4518 4503 4470
f 4517 4518 4472
f 4515 4517 4482
f 4516 4515 4483
f 4514 4516 4484
f 4512 4514 4490
f 4513 4512 4485
f 4528 4513 4486
f 4531 4528 4495
f 4530 4531 4496
f 4529 4530 4498
f 4511 4529 4499
f 4510 4511 4474
f 4509 4510 4473
f 4508 4509 4475
f 4507 4508 4476
f 4506 4507 4477
f 4505 4506 4478
f 4502 4505 4479
f 4500 4502 4480
f 4501 4500 4468
f 4524 4501 4469
f 4520 4524 4491
f 4519 4520 4487
f 4487 4481 4519
f 4491 4487 4520
f 4469 4491 4524
f 4468 4469 4501
f 4480 4468 4500
f 4479 4480 4502
f 4478 4479 4505
f 4477 4478 4506
f 4476 4477 4507
f 4475 4476 4508
f 4473 4475 4509
f 4474 4473 4510
f 4499 4474 4511
f 4498 4499 4529
f 4496 4498 4530
f 4495 4496 4531
f 4486 4495 4528
f 4485 4486 4513
f 4490 4485 4512
f 4484 4490 4514
f 4483 4484 4516
f 4482 4483 4515
f 4472 4482 4517
f 4470 4472 4518
f 4471 4470 4503
f 4488 4471 4504
f 4489 4488 4521
f 4492 4489 4522
f 4493 4492 4525
f 4494 4493 4526
f 4497 4494 4527
f 3600 3599 4519
f 4519 4481 3600
f 4532 4533 3785
f 3785 3784 4532
f 4533 4532 4534
f 4535 4534 4536
f 4537 4536 4538
f 4539 4538 4540
f 4541 4540 4542
f 4543 4542 4544
f 4545 4544 4546
f 4547 4546 4548
f 4549 4548 4550
f 4551 4550 4552
f 4553 4552 4554
f 4555 4554 4556
f 4557 4556 4558
f 4559 4558 4560
f 4561 4560 4562
f 4563 4562 4564
f 4565 4564 4566
f 4567 4566 4568
f 4569 4568 4570
f 4571 4570 4572
f 4573 4572 4574
f 4575 4574 4576
f 4577 4576 4578
f 4579 4578 4580
f 4581 4580 4582
f 4583 4582 4584
f 4585 4584 4586
f 4587 4586 4588
f 4589 4588 4590
f 4591 4590 4592
f 4593 4592 4594
f 4594 4595 4593
f 4592 4593 4591
f 4590 4591 4589
f 4588 4589 4587
f 4586 4587 4585
f 4584 4585 4583
f 4582 4583 4581
f 4580 4581 4579
f 4578 4579 4577
f 4576 4577 4575
f 4574 4575 4573
f 4572 4573 4571
f 4570 4571 4569
f 4568 4569 4567
f 4566 4567 4565
f 4564 4565 4563
f 4562 4563 4561
f 4560 4561 4559
f 4558 4559 4557
f 4556 4557 4555
f 4554 4555 4553
f 4552 4553 4551
f 4550 4551 4549
f 4548 4549 4547
f 4546 4547 4545
f 4544 4545 4543
f 4542 4543 4541
f 4540 4541 4539
f 4538 4539 4537
f 4536 4537 4535
f 4534 4535 4533
f 4596 4597 4595
f 4595 4594 4596
f 4598 4597 4596
f 4599 4598 4600
f 4601 4599 4602
f 4603 4601 4604
f 4605 4603 4606
f 4607 4605 4608
f 4609 4607 4610
f 4611 4609 4612
f 4613 4611 4614
f 4615 4613 4616
f 4617 4615 4618
f 4619 4617 4620
f 4621 4619 4622
f 4623 4621 4624
f 4625 4623 4626
f 4627 4625 4628
f 4629 4627 4630
f 4631 4629 4632
f 4633 4631 4634
f 4635 4633 4636
f 4637 4635 4638
f 4639 4637 4640
f 4641 4639 4642
f 4643 4641 4644
f 4645 4643 4646
f 4647 4645 4648
f 4649 4647 4650
f 4651 4649 4652
f 4653 4651 4654
f 4655 4653 4656
f 815 4655 4657
f 4657 817 815
f 4656 4657 4655
f 4654 4656 4653
f 4652 4654 4651
f 4650 4652 4649
f 4648 4650 4647
f 4646 4648 4645
f 4644 4646 4643
f 4642 4644 4641
f 4640 4642 4639
f 4638 4640 4637
f 4636 4638 4635
f 4634 4636 4633
f 4632 4634 4631
f 4630 4632 4629
f 4628 4630 4627
f 4626 4628 4625
f 4624 4626 4623
f 4622 4624 4621
f 4620 4622 4619
f 4618 4620 4617
f 4616 4618 4615
f 4614 4616 4613
f 4612 4614 4611
f 4610 4612 4609
f 4608 4610 4607
f 4606 4608 4605
f 4604 4606 4603
f 4602 4604 4601
f 4600 4602 4599
f 4596 4600 4598
f 814 816 4658
f 4659 4658 4660
f 4661 4660 4662
f 4663 4662 4664
f 4665 4664 4666
f 4667 4666 4668
f 4669 4668 4670
f 4671 4670 4672
f 4673 4672 4674
f 4675 4674 4676
f 4677 4676 4678
f 4679 4678 4680
f 4681 4680 4682
f 4683 4682 4684
f 4684 4685 4683
f 4682 4683 4681
f 4680 4681 4679
f 4678 4679 4677
f 4676 4677 4675
f 4674 4675 4673
f 4672 4673 4671
f 4670 4671 4669
f 4668 4669 4667
f 4666 4667 4665
f 4664 4665 4663
f 4662 4663 4661
f 4660 4661 4659
f 4658 4659 814
f 4678 4604 4602
f 4676 4606 4604
f 816 4626 4624
f 4604 4678 4676
f 4674 4608 4606
f 4672 4610 4608
f 4670 4612 4610
f 4662 4620 4618
f 4660 4622 4620
f 4658 4624 4622
f 816 4628 4626
f 816 4638 4636
f 4606 4676 4674
f 4610 4672 4670
f 4668 4614 4612
f 4666 4616 4614
f 4620 4662 4660
f 4624 4658 816
f 816 4632 4630
f 4636 4634 816
f 4580 4686 4687
f 4580 4578 4688
f 4680 4602 4600
f 4608 4674 4672
f 4614 4668 4666
f 4664 4618 4616
f 4622 4660 4658
f 4634 4632 816
f 816 4654 4652
f 816 817 4657
f 4588 4689 4690
f 4586 4691 4689
f 4688 4686 4580
f 4576 4692 4688
f 4574 4693 4692
f 4574 4572 4694
f 4602 4680 4678
f 4616 4666 4664
f 4630 4628 816
f 816 4642 4640
f 816 4646 4644
f 4652 4650 816
f 4657 4656 816
f 4656 4654 816
f 4592 4590 4690
f 4689 4588 4586
f 4584 4695 4691
f 4584 4582 4687
f 4688 4578 4576
f 4694 4693 4574
f 4570 4696 4694
f 4570 4568 4697
f 3818 4698 4532
f 3784 3782 3820
f 1270 3812 3696
f 4699 4684 4596
f 4594 4592 4700
f 4612 4670 4668
f 4640 4638 816
f 816 4648 4646
f 4690 4590 4588
f 4687 4695 4584
f 4692 4576 4574
f 4697 4696 4570
f 4566 4701 4697
f 4566 4564 4702
f 4564 4562 4703
f 4562 4560 4704
f 4544 4705 4706
f 4544 4542 4707
f 4542 4540 4708
f 4540 4538 4709
f 4532 4698 4710
f 3820 3818 3784
f 3770 3832 3830
f 3770 3768 3834
f 3696 3694 1270
f 3812 3810 3698
f 4700 4699 4594
f 4682 4600 4596
f 4618 4664 4662
f 4650 4648 816
f 4691 4586 4584
f 4694 4572 4570
f 4702 4701 4566
f 4704 4703 4562
f 4707 4705 4544
f 4709 4708 4540
f 4534 4710 4711
f 4532 3784 3818
f 3776 3774 3828
f 3774 3772 3830
f 3834 3832 3770
f 3768 3766 3836
f 3766 3764 3838
f 3764 3762 3840
f 1270 3692 3690
f 3698 3696 3812
f 3810 3808 3700
f 3808 3806 3702
f 4596 4684 4682
f 4644 4642 816
f 4687 4582 4580
f 4703 4702 4564
f 4558 4712 4704
f 4558 4556 4713
f 4708 4707 4542
f 4538 4536 4711
f 4710 4534 4532
f 3782 3780 3822
f 3776 3826 3824
f 3830 3828 3774
f 3836 3834 3768
f 3840 3838 3764
f 3760 3842 3840
f 3760 3758 3844
f 1270 3664 3662
f 3694 3692 1270
f 3702 3700 3808
f 3806 3804 3704
f 3804 3802 3706
f 4600 4682 4680
f 4697 4568 4566
f 4713 4712 4558
f 4556 4554 4714
f 4552 4715 4714
f 4550 4716 4715
f 4550 4548 4717
f 4548 4546 4706
f 4711 4709 4538
f 3822 3820 3782
f 3778 3824 3822
f 3828 3826 3776
f 3838 3836 3766
f 3844 3842 3760
f 3756 3846 3844
f 3756 3754 3848
f 3752 3850 3848
f 3752 3750 3852
f 1270 3666 3664
f 1270 3682 3680
f 1270 3688 3686
f 3700 3698 3810
f 3706 3704 3804
f 3802 3800 3708
f 3800 3798 3710
f 3798 3796 3712
f 4690 4700 4592
f 4714 4713 4556
f 4715 4552 4550
f 4706 4717 4548
f 4711 4536 4534
f 3824 3778 3776
f 3840 3762 3760
f 3848 3846 3756
f 3852 3850 3752
f 3750 3748 3854
f 3736 3866 3864
f 3736 3734 3868
f 3734 3732 3870
f 3732 3730 3872
f 1270 3668 3666
f 1270 3672 3670
f 1270 3678 3676
f 1270 3684 3682
f 3690 3688 1270
f 3708 3706 3802
f 3712 3710 3798
f 4704 4560 4558
f 4717 4716 4550
f 3822 3780 3778
f 3844 3758 3756
f 3854 3852 3750
f 3748 3746 3856
f 3744 3858 3856
f 3744 3742 3860
f 3740 3862 3860
f 3738 3864 3862
f 3868 3866 3736
f 3872 3870 3732
f 3670 3668 1270
f 3676 3674 1270
f 3686 3684 1270
f 3710 3708 3800
f 3796 3794 3714
f 3794 3792 3716
f 3792 3790 3718
f 3790 3788 3720
f 3788 3787 3721
f 3721 3787 3815
f 4714 4554 4552
f 3830 3772 3770
f 3856 3854 3748
f 3860 3858 3744
f 3862 3740 3738
f 3870 3868 3734
f 3728 3874 3872
f 3728 3726 3876
f 3674 3672 1270
f 3704 3702 3806
f 3716 3714 3794
f 3720 3718 3790
f 3724 3722 3815
f 3815 3722 3721
f 4706 4546 4544
f 3856 3746 3744
f 3864 3738 3736
f 3876 3874 3728
f 3680 3678 1270
f 3718 3716 3792
f 3724 3877 3876
f 3721 3720 3788
f 3848 3754 3752
f 3872 3730 3728
f 3714 3712 3796
f 3815 3877 3724
f 3860 3742 3740
f 3876 3726 3724
f 3662 1274 1270
f 4596 4594 4699
f 814 4631 4633
f 814 4659 4621
f 4683 4685 4597
f 4597 4685 4718
f 814 4629 4631
f 814 4625 4627
f 4621 4623 814
f 4659 4661 4619
f 4677 4679 4601
f 4679 4681 4599
f 4581 4719 4720
f 4581 4583 4721
f 4595 4718 4722
f 4718 4595 4597
f 1272 3691 3693
f 814 4653 4655
f 814 4647 4649
f 4627 4629 814
f 4619 4621 4659
f 4661 4663 4617
f 4663 4665 4615
f 4671 4673 4607
f 4673 4675 4605
f 4675 4677 4603
f 4599 4601 4679
f 4575 4723 4724
f 4575 4577 4725
f 4577 4579 4720
f 4721 4719 4581
f 4587 4589 4726
f 4589 4591 4727
f 4593 4722 4727
f 4597 4598 4683
f 3813 3693 3695
f 1272 3689 3691
f 3785 3817 3816
f 3817 3785 4533
f 814 4651 4653
f 814 4645 4647
f 814 4639 4641
f 4623 4625 814
f 4615 4617 4663
f 4665 4667 4613
f 4667 4669 4611
f 4605 4607 4673
f 4601 4603 4677
f 4571 4728 4729
f 4571 4573 4724
f 4725 4723 4575
f 4720 4579 4581
f 4585 4730 4721
f 4585 4587 4731
f 4727 4726 4589
f 4722 4593 4595
f 3693 3813 1272
f 3771 3829 3831
f 3771 3773 3827
f 4533 4732 3817
f 4533 4535 4733
f 4541 4734 4735
f 4543 4736 4734
f 4545 4737 4736
f 4545 4547 4738
f 4649 4651 814
f 4641 4643 814
f 814 4635 4637
f 4617 4619 4661
f 4611 4613 4667
f 4669 4671 4609
f 4603 4605 4675
f 4681 4683 4598
f 4563 4739 4740
f 4565 4741 4739
f 4567 4742 4741
f 4567 4569 4729
f 4724 4728 4571
f 4720 4725 4577
f 4731 4730 4585
f 4727 4591 4593
f 3809 3697 3699
f 3811 3695 3697
f 1272 3687 3689
f 3765 3835 3837
f 3767 3833 3835
f 3769 3831 3833
f 3827 3829 3771
f 3775 3825 3827
f 3777 3823 3825
f 4733 4732 4533
f 4535 4537 4743
f 4734 4541 4543
f 4738 4737 4545
f 4643 4645 814
f 4633 4635 814
f 4609 4611 4669
f 4598 4599 4681
f 4739 4563 4565
f 4729 4742 4567
f 4724 4573 4575
f 4726 4731 4587
f 3805 3701 3703
f 3807 3699 3701
f 3697 3809 3811
f 1272 3685 3687
f 1272 1273 3660
f 3761 3839 3841
f 3761 3763 3837
f 3835 3765 3767
f 3831 3769 3771
f 3825 3775 3777
f 3777 3779 3821
f 3783 3816 3819
f 4743 4733 4535
f 4539 4735 4743
f 4736 4543 4545
f 4559 4744 4745
f 4559 4561 4740
f 4637 4639 814
f 4607 4609 4671
f 4741 4565 4567
f 4721 4583 4585
f 3799 3707 3709
f 3801 3705 3707
f 3803 3703 3705
f 3701 3805 3807
f 3695 3811 3813
f 1272 3681 3683
f 1272 3675 3677
f 3660 3661 1272
f 3661 3663 1272
f 3753 3847 3849
f 3753 3755 3845
f 3757 3843 3845
f 3757 3759 3841
f 3837 3839 3761
f 3833 3767 3769
f 3821 3823 3777
f 3779 3781 3819
f 3816 3783 3785
f 4735 4539 4541
f 4549 4746 4738
f 4551 4747 4746
f 4551 4553 4748
f 4553 4555 4749
f 4557 4745 4749
f 4740 4744 4559
f 4613 4615 4665
f 4729 4569 4571
f 3707 3799 3801
f 3703 3803 3805
f 3683 3685 1272
f 3677 3679 1272
f 1272 3671 3673
f 1272 3665 3667
f 3733 3867 3869
f 3735 3865 3867
f 3737 3863 3865
f 3737 3739 3861
f 3751 3849 3851
f 3845 3847 3753
f 3841 3843 3757
f 3837 3763 3765
f 3819 3821 3779
f 4743 4537 4539
f 4746 4549 4551
f 4749 4748 4553
f 4745 4557 4559
f 4740 4561 4563
f 3723 3814 3786
f 3723 3725 3875
f 3791 3715 3717
f 3793 3713 3715
f 3795 3711 3713
f 3797 3709 3711
f 3705 3801 3803
f 3679 3681 1272
f 1272 3669 3671
f 3663 3665 1272
f 3867 3733 3735
f 3861 3863 3737
f 3739 3741 3859
f 3741 3743 3857
f 3745 3855 3857
f 3745 3747 3853
f 3749 3851 3853
f 3849 3751 3753
f 3841 3759 3761
f 3819 3781 3783
f 4748 4747 4551
f 4655 815 814
f 3875 3814 3723
f 3789 3717 3719
f 3715 3791 3793
f 3711 3795 3797
f 3699 3807 3809
f 3667 3669 1272
f 3729 3871 3873
f 3729 3731 3869
f 3865 3735 3737
f 3857 3859 3741
f 3853 3855 3745
f 3851 3749 3751
f 3827 3773 3775
f 4749 4555 4557
f 3719 3786 3789
f 3725 3727 3873
f 3713 3793 3795
f 3673 3675 1272
f 3869 3871 3729
f 3859 3861 3739
f 3853 3747 3749
f 4738 4547 4549
f 3873 3875 3725
f 3709 3797 3799
f 3869 3731 3733
f 3845 3755 3757
f 3717 3789 3791
f 3857 3743 3745
f 3873 3727 3729
f 3786 3719 3723
f 4699 4718 4685
f 4685 4684 4699
f 4722 4718 4699
f 4727 4722 4700
f 4726 4727 4690
f 4731 4726 4689
f 4730 4731 4691
f 4721 4730 4695
f 4719 4721 4687
f 4720 4719 4686
f 4725 4720 4688
f 4723 4725 4692
f 4724 4723 4693
f 4728 4724 4694
f 4729 4728 4696
f 4742 4729 4697
f 4741 4742 4701
f 4739 4741 4702
f 4740 4739 4703
f 4744 4740 4704
f 4745 4744 4712
f 4749 4745 4713
f 4748 4749 4714
f 4747 4748 4715
f 4746 4747 4716
f 4738 4746 4717
f 4737 4738 4706
f 4736 4737 4705
f 4734 4736 4707
f 4735 4734 4708
f 4743 4735 4709
f 4733 4743 4711
f 4732 4733 4710
f 4710 4698 4732
f 4711 4710 4733
f 4709 4711 4743
f 4708 4709 4735
f 4707 4708 4734
f 4705 4707 4736
f 4706 4705 4737
f 4717 4706 4738
f 4716 4717 4746
f 4715 4716 4747
f 4714 4715 4748
f 4713 4714 4749
f 4712 4713 4745
f 4704 4712 4744
f 4703 4704 4740
f 4702 4703 4739
f 4701 4702 4741
f 4697 4701 4742
f 4696 4697 4729
f 4694 4696 4728
f 4693 4694 4724
f 4692 4693 4723
f 4688 4692 4725
f 4686 4688 4720
f 4687 4686 4719
f 4695 4687 4721
f 4691 4695 4730
f 4689 4691 4731
f 4690 4689 4726
f 4700 4690 4727
f 4699 4700 4722
f 3818 3817 4732
f 4732 4698 3818
f 4750 825 824
f 4751 4750 4752
f 4753 4751 4754
f 4755 4753 4756
f 4757 4755 4758
f 4759 4757 4760
f 4761 4759 4762
f 4763 4761 4764
f 4765 4763 4766
f 4767 4765 4768
f 4769 4767 4770
f 4771 4769 4772
f 4773 4771 4774
f 4775 4773 4776
f 4777 4775 4778
f 4779 4777 4780
f 4781 4779 4782
f 4783 4781 4784
f 4785 4783 4786
f 4787 4785 4788
f 4789 4787 4790
f 4791 4789 4792
f 4793 4791 4794
f 4795 4793 4796
f 4797 4795 4798
f 4799 4797 4800
f 4801 4799 4802
f 4803 4801 4804
f 4805 4803 4806
f 4807 4805 4808
f 4809 4807 4810
f 4810 4811 4809
f 4808 4810 4807
f 4806 4808 4805
f 4804 4806 4803
f 4802 4804 4801
f 4800 4802 4799
f 4798 4800 4797
f 4796 4798 4795
f 4794 4796 4793
f 4792 4794 4791
f 4790 4792 4789
f 4788 4790 4787
f 4786 4788 4785
f 4784 4786 4783
f 4782 4784 4781
f 4780 4782 4779
f 4778 4780 4777
f 4776 4778 4775
f 4774 4776 4773
f 4772 4774 4771
f 4770 4772 4769
f 4768 4770 4767
f 4766 4768 4765
f 4764 4766 4763
f 4762 4764 4761
f 4760 4762 4759
f 4758 4760 4757
f 4756 4758 4755
f 4754 4756 4753
f 4752 4754 4751
f 824 4752 4750
f 4812 4813 4809
f 4809 4811 4812
f 4813 4812 4814
f 4815 4814 4816
f 4817 4816 4818
f 4819 4818 4820
f 4821 4820 4822
f 4823 4822 4824
f 4825 4824 4826
f 4827 4826 4828
f 4829 4828 4830
f 4831 4830 4832
f 4833 4832 4834
f 4835 4834 4836
f 4837 4836 4838
f 4839 4838 4840
f 4841 4840 4842
f 4843 4842 4844
f 4845 4844 4846
f 4847 4846 4848
f 4849 4848 4850
f 4851 4850 4852
f 4853 4852 4854
f 4855 4854 4856
f 4857 4856 4858
f 4859 4858 4860
f 4861 4860 4862
f 4863 4862 4864
f 4865 4864 4866
f 4867 4866 4868
f 4869 4868 4870
f 4871 4870 4872
f 4873 4872 4874
f 4874 4875 4873
f 4872 4873 4871
f 4870 4871 4869
f 4868 4869 4867
f 4866 4867 4865
f 4864 4865 4863
f 4862 4863 4861
f 4860 4861 4859
f 4858 4859 4857
f 4856 4857 4855
f 4854 4855 4853
f 4852 4853 4851
f 4850 4851 4849
f 4848 4849 4847
f 4846 4847 4845
f 4844 4845 4843
f 4842 4843 4841
f 4840 4841 4839
f 4838 4839 4837
f 4836 4837 4835
f 4834 4835 4833
f 4832 4833 4831
f 4830 4831 4829
f 4828 4829 4827
f 4826 4827 4825
f 4824 4825 4823
f 4822 4823 4821
f 4820 4821 4819
f 4818 4819 4817
f 4816 4817 4815
f 4814 4815 4813
f 4876 4877 4878
f 4879 4878 4880
f 4881 4880 4882
f 4883 4882 4884
f 4885 4884 4886
f 4887 4886 4888
f 4889 4888 4890
f 4891 4890 4892
f 4893 4892 4894
f 4895 4894 4896
f 4897 4896 4898
f 4899 4898 822
f 822 823 4899
f 4898 4899 4897
f 4896 4897 4895
f 4894 4895 4893
f 4892 4893 4891
f 4890 4891 4889
f 4888 4889 4887
f 4886 4887 4885
f 4884 4885 4883
f 4882 4883 4881
f 4880 4881 4879
f 4878 4879 4876
f 4877 4876 4900
f 4900 4901 4877
f 4902 4903 4904
f 4905 4902 4906
f 4907 4905 4908
f 4909 4907 4910
f 4911 4909 4912
f 4913 4911 4914
f 4915 4913 4916
f 4917 4915 4918
f 4919 4917 4920
f 4921 4919 4922
f 4923 4921 4924
f 4925 4923 4926
f 4927 4925 4928
f 4929 4927 4930
f 4931 4929 4932
f 4933 4931 4934
f 4935 4933 4936
f 4937 4935 4938
f 4939 4937 4940
f 4941 4939 4942
f 4943 4941 4944
f 4945 4943 4946
f 4947 4945 4948
f 4949 4947 4950
f 4951 4949 4952
f 4953 4951 4954
f 4955 4953 4956
f 4957 4955 4958
f 4959 4957 4960
f 4961 4959 4962
f 4900 4961 4963
f 4963 4901 4900
f 4962 4963 4961
f 4960 4962 4959
f 4958 4960 4957
f 4956 4958 4955
f 4954 4956 4953
f 4952 4954 4951
f 4950 4952 4949
f 4948 4950 4947
f 4946 4948 4945
f 4944 4946 4943
f 4942 4944 4941
f 4940 4942 4939
f 4938 4940 4937
f 4936 4938 4935
f 4934 4936 4933
f 4932 4934 4931
f 4930 4932 4929
f 4928 4930 4927
f 4926 4928 4925
f 4924 4926 4923
f 4922 4924 4921
f 4920 4922 4919
f 4918 4920 4917
f 4916 4918 4915
f 4914 4916 4913
f 4912 4914 4911
f 4910 4912 4909
f 4908 4910 4907
f 4906 4908 4905
f 4904 4906 4902
f 4964 829 828
f 4965 4964 4966
f 4967 4965 4968
f 4969 4967 4970
f 4971 4969 4972
f 4973 4971 4974
f 4975 4973 4976
f 4977 4975 4978
f 4979 4977 4980
f 4981 4979 4982
f 4983 4981 4984
f 4985 4983 4986
f 4987 4985 4988
f 4989 4987 4990
f 4991 4989 4992
f 4993 4991 4994
f 4995 4993 4996
f 4997 4995 4998
f 4999 4997 5000
f 5001 4999 5002
f 5003 5001 5004
f 5005 5003 5006
f 5007 5005 5008
f 5009 5007 5010
f 5011 5009 5012
f 5013 5011 5014
f 5015 5013 5016
f 5017 5015 5018
f 5019 5017 5020
f 5021 5019 5022
f 5023 5021 5024
f 5024 5025 5023
f 5022 5024 5021
f 5020 5022 5019
f 5018 5020 5017
f 5016 5018 5015
f 5014 5016 5013
f 5012 5014 5011
f 5010 5012 5009
f 5008 5010 5007
f 5006 5008 5005
f 5004 5006 5003
f 5002 5004 5001
f 5000 5002 4999
f 4998 5000 4997
f 4996 4998 4995
f 4994 4996 4993
f 4992 4994 4991
f 4990 4992 4989
f 4988 4990 4987
f 4986 4988 4985
f 4984 4986 4983
f 4982 4984 4981
f 4980 4982 4979
f 4978 4980 4977
f 4976 4978 4975
f 4974 4976 4973
f 4972 4974 4971
f 4970 4972 4969
f 4968 4970 4967
f 4966 4968 4965
f 828 4966 4964
f 5026 5027 5023
f 5023 5025 5026
f 5027 5026 5028
f 5029 5028 5030
f 5031 5030 5032
f 5033 5032 5034
f 5035 5034 5036
f 5037 5036 5038
f 5039 5038 5040
f 5041 5040 5042
f 5043 5042 5044
f 5045 5044 5046
f 5047 5046 5048
f 5049 5048 5050
f 5051 5050 5052
f 5053 5052 5054
f 5055 5054 5056
f 5057 5056 5058
f 5059 5058 5060
f 5061 5060 5062
f 5063 5062 5064
f 5065 5064 5066
f 5067 5066 5068
f 5069 5068 5070
f 5071 5070 5072
f 5073 5072 5074
f 5075 5074 5076
f 5077 5076 5078
f 5079 5078 5080
f 5081 5080 5082
f 5083 5082 5084
f 5085 5084 5086
f 5087 5086 5088
f 5088 5089 5087
f 5086 5087 5085
f 5084 5085 5083
f 5082 5083 5081
f 5080 5081 5079
f 5078 5079 5077
f 5076 5077 5075
f 5074 5075 5073
f 5072 5073 5071
f 5070 5071 5069
f 5068 5069 5067
f 5066 5067 5065
f 5064 5065 5063
f 5062 5063 5061
f 5060 5061 5059
f 5058 5059 5057
f 5056 5057 5055
f 5054 5055 5053
f 5052 5053 5051
f 5050 5051 5049
f 5048 5049 5047
f 5046 5047 5045
f 5044 5045 5043
f 5042 5043 5041
f 5040 5041 5039
f 5038 5039 5037
f 5036 5037 5035
f 5034 5035 5033
f 5032 5033 5031
f 5030 5031 5029
f 5028 5029 5027
f 5090 5091 5092
f 5093 5092 5094
f 5095 5094 5096
f 5097 5096 5098
f 5099 5098 5100
f 5101 5100 5102
f 5103 5102 5104
f 5105 5104 5106
f 5107 5106 5108
f 5109 5108 5110
f 5111 5110 5112
f 5113 5112 826
f 826 827 5113
f 5112 5113 5111
f 5110 5111 5109
f 5108 5109 5107
f 5106 5107 5105
f 5104 5105 5103
f 5102 5103 5101
f 5100 5101 5099
f 5098 5099 5097
f 5096 5097 5095
f 5094 5095 5093
f 5092 5093 5090
f 5091 5090 5114
f 5114 5115 5091
f 5116 5117 5118
f 5119 5116 5120
f 5121 5119 5122
f 5123 5121 5124
f 5125 5123 5126
f 5127 5125 5128
f 5129 5127 5130
f 5131 5129 5132
f 5133 5131 5134
f 5135 5133 5136
f 5137 5135 5138
f 5139 5137 5140
f 5141 5139 5142
f 5143 5141 5144
f 5145 5143 5146
f 5147 5145 5148
f 5149 5147 5150
f 5151 5149 5152
f 5153 5151 5154
f 5155 5153 5156
f 5157 5155 5158
f 5159 5157 5160
f 5161 5159 5162
f 5163 5161 5164
f 5165 5163 5166
f 5167 5165 5168
f 5169 5167 5170
f 5171 5169 5172
f 5173 5171 5174
f 5175 5173 5176
f 5114 5175 5177
f 5177 5115 5114
f 5176 5177 5175
f 5174 5176 5173
f 5172 5174 5171
f 5170 5172 5169
f 5168 5170 5167
f 5166 5168 5165
f 5164 5166 5163
f 5162 5164 5161
f 5160 5162 5159
f 5158 5160 5157
f 5156 5158 5155
f 5154 5156 5153
f 5152 5154 5151
f 5150 5152 5149
f 5148 5150 5147
f 5146 5148 5145
f 5144 5146 5143
f 5142 5144 5141
f 5140 5142 5139
f 5138 5140 5137
f 5136 5138 5135
f 5134 5136 5133
f 5132 5134 5131
f 5130 5132 5129
f 5128 5130 5127
f 5126 5128 5125
f 5124 5126 5123
f 5122 5124 5121
f 5120 5122 5119
f 5118 5120 5116
f 5178 833 832
f 5179 5178 5180
f 5181 5179 5182
f 5183 5181 5184
f 5185 5183 5186
f 5187 5185 5188
f 5189 5187 5190
f 5191 5189 5192
f 5193 5191 5194
f 5195 5193 5196
f 5197 5195 5198
f 5199 5197 5200
f 5201 5199 5202
f 5203 5201 5204
f 5205 5203 5206
f 5207 5205 5208
f 5209 5207 5210
f 5211 5209 5212
f 5213 5211 5214
f 5215 5213 5216
f 5217 5215 5218
f 5219 5217 5220
f 5221 5219 5222
f 5223 5221 5224
f 5225 5223 5226
f 5227 5225 5228
f 5229 5227 5230
f 5231 5229 5232
f 5233 5231 5234
f 5235 5233 5236
f 5237 5235 5238
f 5238 5239 5237
f 5236 5238 5235
f 5234 5236 5233
f 5232 5234 5231
f 5230 5232 5229
f 5228 5230 5227
f 5226 5228 5225
f 5224 5226 5223
f 5222 5224 5221
f 5220 5222 5219
f 5218 5220 5217
f 5216 5218 5215
f 5214 5216 5213
f 5212 5214 5211
f 5210 5212 5209
f 5208 5210 5207
f 5206 5208 5205
f 5204 5206 5203
f 5202 5204 5201
f 5200 5202 5199
f 5198 5200 5197
f 5196 5198 5195
f 5194 5196 5193
f 5192 5194 5191
f 5190 5192 5189
f 5188 5190 5187
f 5186 5188 5185
f 5184 5186 5183
f 5182 5184 5181
f 5180 5182 5179
f 832 5180 5178
f 5240 5241 5237
f 5237 5239 5240
f 5241 5240 5242
f 5243 5242 5244
f 5245 5244 5246
f 5247 5246 5248
f 5249 5248 5250
f 5251 5250 5252
f 5253 5252 5254
f 5255 5254 5256
f 5257 5256 5258
f 5259 5258 5260
f 5261 5260 5262
f 5263 5262 5264
f 5265 5264 5266
f 5267 5266 5268
f 5269 5268 5270
f 5271 5270 5272
f 5273 5272 5274
f 5275 5274 5276
f 5277 5276 5278
f 5279 5278 5280
f 5281 5280 5282
f 5283 5282 5284
f 5285 5284 5286
f 5287 5286 5288
f 5289 5288 5290
f 5291 5290 5292
f 5293 5292 5294
f 5295 5294 5296
f 5297 5296 5298
f 5299 5298 5300
f 5301 5300 5302
f 5302 5303 5301
f 5300 5301 5299
f 5298 5299 5297
f 5296 5297 5295
f 5294 5295 5293
f 5292 5293 5291
f 5290 5291 5289
f 5288 5289 5287
f 5286 5287 5285
f 5284 5285 5283
f 5282 5283 5281
f 5280 5281 5279
f 5278 5279 5277
f 5276 5277 5275
f 5274 5275 5273
f 5272 5273 5271
f 5270 5271 5269
f 5268 5269 5267
f 5266 5267 5265
f 5264 5265 5263
f 5262 5263 5261
f 5260 5261 5259
f 5258 5259 5257
f 5256 5257 5255
f 5254 5255 5253
f 5252 5253 5251
f 5250 5251 5249
f 5248 5249 5247
f 5246 5247 5245
f 5244 5245 5243
f 5242 5243 5241
f 5304 5305 5306
f 5307 5306 5308
f 5309 5308 5310
f 5311 5310 5312
f 5313 5312 5314
f 5315 5314 5316
f 5317 5316 5318
f 5319 5318 5320
f 5321 5320 5322
f 5323 5322 5324
f 5325 5324 5326
f 5327 5326 830
f 830 831 5327
f 5326 5327 5325
f 5324 5325 5323
f 5322 5323 5321
f 5320 5321 5319
f 5318 5319 5317
f 5316 5317 5315
f 5314 5315 5313
f 5312 5313 5311
f 5310 5311 5309
f 5308 5309 5307
f 5306 5307 5304
f 5305 5304 5328
f 5328 5329 5305
f 5330 5331 5332
f 5333 5330 5334
f 5335 5333 5336
f 5337 5335 5338
f 5339 5337 5340
f 5341 5339 5342
f 5343 5341 5344
f 5345 5343 5346
f 5347 5345 5348
f 5349 5347 5350
f 5351 5349 5352
f 5353 5351 5354
f 5355 5353 5356
f 5357 5355 5358
f 5359 5357 5360
f 5361 5359 5362
f 5363 5361 5364
f 5365 5363 5366
f 5367 5365 5368
f 5369 5367 5370
f 5371 5369 5372
f 5373 5371 5374
f 5375 5373 5376
f 5377 5375 5378
f 5379 5377 5380
f 5381 5379 5382
f 5383 5381 5384
f 5385 5383 5386
f 5387 5385 5388
f 5389 5387 5390
f 5328 5389 5391
f 5391 5329 5328
f 5390 5391 5389
f 5388 5390 5387
f 5386 5388 5385
f 5384 5386 5383
f 5382 5384 5381
f 5380 5382 5379
f 5378 5380 5377
f 5376 5378 5375
f 5374 5376 5373
f 5372 5374 5371
f 5370 5372 5369
f 5368 5370 5367
f 5366 5368 5365
f 5364 5366 5363
f 5362 5364 5361
f 5360 5362 5359
f 5358 5360 5357
f 5356 5358 5355
f 5354 5356 5353
f 5352 5354 5351
f 5350 5352 5349
f 5348 5350 5347
f 5346 5348 5345
f 5344 5346 5343
f 5342 5344 5341
f 5340 5342 5339
f 5338 5340 5337
f 5336 5338 5335
f 5334 5336 5333
f 5332 5334 5330
f 5392 837 836
f 5393 5392 5394
f 5395 5393 5396
f 5397 5395 5398
f 5399 5397 5400
f 5401 5399 5402
f 5403 5401 5404
f 5405 5403 5406
f 5407 5405 5408
f 5409 5407 5410
f 5411 5409 5412
f 5413 5411 5414
f 5415 5413 5416
f 5417 5415 5418
f 5419 5417 5420
f 5421 5419 5422
f 5423 5421 5424
f 5425 5423 5426
f 5427 5425 5428
f 5429 5427 5430
f 5431 5429 5432
f 5433 5431 5434
f 5435 5433 5436
f 5437 5435 5438
f 5439 5437 5440
f 5441 5439 5442
f 5443 5441 5444
f 5445 5443 5446
f 5447 5445 5448
f 5449 5447 5450
f 5451 5449 5452
f 5452 5453 5451
f 5450 5452 5449
f 5448 5450 5447
f 5446 5448 5445
f 5444 5446 5443
f 5442 5444 5441
f 5440 5442 5439
f 5438 5440 5437
f 5436 5438 5435
f 5434 5436 5433
f 5432 5434 5431
f 5430 5432 5429
f 5428 5430 5427
f 5426 5428 5425
f 5424 5426 5423
f 5422 5424 5421
f 5420 5422 5419
f 5418 5420 5417
f 5416 5418 5415
f 5414 5416 5413
f 5412 5414 5411
f 5410 5412 5409
f 5408 5410 5407
f 5406 5408 5405
f 5404 5406 5403
f 5402 5404 5401
f 5400 5402 5399
f 5398 5400 5397
f 5396 5398 5395
f 5394 5396 5393
f 836 5394 5392
f 5454 5455 5451
f 5451 5453 5454
f 5455 5454 5456
f 5457 5456 5458
f 5459 5458 5460
f 5461 5460 5462
f 5463 5462 5464
f 5465 5464 5466
f 5467 5466 5468
f 5469 5468 5470
f 5471 5470 5472
f 5473 5472 5474
f 5475 5474 5476
f 5477 5476 5478
f 5479 5478 5480
f 5481 5480 5482
f 5483 5482 5484
f 5485 5484 5486
f 5487 5486 5488
f 5489 5488 5490
f 5491 5490 5492
f 5493 5492 5494
f 5495 5494 5496
f 5497 5496 5498
f 5499 5498 5500
f 5501 5500 5502
f 5503 5502 5504
f 5505 5504 5506
f 5507 5506 5508
f 5509 5508 5510
f 5511 5510 5512
f 5513 5512 5514
f 5515 5514 5516
f 5516 5517 5515
f 5514 5515 5513
f 5512 5513 5511
f 5510 5511 5509
f 5508 5509 5507
f 5506 5507 5505
f 5504 5505 5503
f 5502 5503 5501
f 5500 5501 5499
f 5498 5499 5497
f 5496 5497 5495
f 5494 5495 5493
f 5492 5493 5491
f 5490 5491 5489
f 5488 5489 5487
f 5486 5487 5485
f 5484 5485 5483
f 5482 5483 5481
f 5480 5481 5479
f 5478 5479 5477
f 5476 5477 5475
f 5474 5475 5473
f 5472 5473 5471
f 5470 5471 5469
f 5468 5469 5467
f 5466 5467 5465
f 5464 5465 5463
f 5462 5463 5461
f 5460 5461 5459
f 5458 5459 5457
f 5456 5457 5455
f 5518 5519 5520
f 5521 5520 5522
f 5523 5522 5524
f 5525 5524 5526
f 5527 5526 5528
f 5529 5528 5530
f 5531 5530 5532
f 5533 5532 5534
f 5535 5534 5536
f 5537 5536 5538
f 5539 5538 5540
f 5541 5540 834
f 834 835 5541
f 5540 5541 5539
f 5538 5539 5537
f 5536 5537 5535
f 5534 5535 5533
f 5532 5533 5531
f 5530 5531 5529
f 5528 5529 5527
f 5526 5527 5525
f 5524 5525 5523
f 5522 5523 5521
f 5520 5521 5518
f 5519 5518 5542
f 5542 5543 5519
f 5544 5545 5546
f 5547 5544 5548
f 5549 5547 5550
f 5551 5549 5552
f 5553 5551 5554
f 5555 5553 5556
f 5557 5555 5558
f 5559 5557 5560
f 5561 5559 5562
f 5563 5561 5564
f 5565 5563 5566
f 5567 5565 5568
f 5569 5567 5570
f 5571 5569 5572
f 5573 5571 5574
f 5575 5573 5576
f 5577 5575 5578
f 5579 5577 5580
f 5581 5579 5582
f 5583 5581 5584
f 5585 5583 5586
f 5587 5585 5588
f 5589 5587 5590
f 5591 5589 5592
f 5593 5591 5594
f 5595 5593 5596
f 5597 5595 5598
f 5599 5597 5600
f 5601 5599 5602
f 5603 5601 5604
f 5542 5603 5605
f 5605 5543 5542
f 5604 5605 5603
f 5602 5604 5601
f 5600 5602 5599
f 5598 5600 5597
f 5596 5598 5595
f 5594 5596 5593
f 5592 5594 5591
f 5590 5592 5589
f 5588 5590 5587
f 5586 5588 5585
f 5584 5586 5583
f 5582 5584 5581
f 5580 5582 5579
f 5578 5580 5577
f 5576 5578 5575
f 5574 5576 5573
f 5572 5574 5571
f 5570 5572 5569
f 5568 5570 5567
f 5566 5568 5565
f 5564 5566 5563
f 5562 5564 5561
f 5560 5562 5559
f 5558 5560 5557
f 5556 5558 5555
f 5554 5556 5553
f 5552 5554 5551
f 5550 5552 5549
f 5548 5550 5547
f 5546 5548 5544
f 5606 5607 4875
f 4875 4874 5606
f 5607 5606 5608
f 5609 5608 5610
f 5611 5610 5612
f 5613 5612 5614
f 5615 5614 5616
f 5617 5616 5618
f 5619 5618 5620
f 5621 5620 5622
f 5623 5622 5624
f 5625 5624 5626
f 5627 5626 5628
f 5629 5628 5630
f 5631 5630 5632
f 5633 5632 5634
f 5635 5634 5636
f 5637 5636 5638
f 5639 5638 5640
f 5641 5640 5642
f 5643 5642 5644
f 5645 5644 5646
f 5647 5646 5648
f 5649 5648 5650
f 5651 5650 5652
f 5653 5652 5654
f 5655 5654 5656
f 5657 5656 5658
f 5659 5658 5660
f 5661 5660 5662
f 5663 5662 5664
f 5665 5664 5666
f 5667 5666 5668
f 5668 5669 5667
f 5666 5667 5665
f 5664 5665 5663
f 5662 5663 5661
f 5660 5661 5659
f 5658 5659 5657
f 5656 5657 5655
f 5654 5655 5653
f 5652 5653 5651
f 5650 5651 5649
f 5648 5649 5647
f 5646 5647 5645
f 5644 5645 5643
f 5642 5643 5641
f 5640 5641 5639
f 5638 5639 5637
f 5636 5637 5635
f 5634 5635 5633
f 5632 5633 5631
f 5630 5631 5629
f 5628 5629 5627
f 5626 5627 5625
f 5624 5625 5623
f 5622 5623 5621
f 5620 5621 5619
f 5618 5619 5617
f 5616 5617 5615
f 5614 5615 5613
f 5612 5613 5611
f 5610 5611 5609
f 5608 5609 5607
f 5670 5671 5669
f 5669 5668 5670
f 5672 5671 5670
f 5673 5672 5674
f 5675 5673 5676
f 5677 5675 5678
f 5679 5677 5680
f 5681 5679 5682
f 5683 5681 5684
f 5685 5683 5686
f 5687 5685 5688
f 5689 5687 5690
f 5691 5689 5692
f 5693 5691 5694
f 5695 5693 5696
f 5697 5695 5698
f 5699 5697 5700
f 5701 5699 5702
f 5703 5701 5704
f 5705 5703 5706
f 5707 5705 5708
f 5709 5707 5710
f 5711 5709 5712
f 5713 5711 5714
f 5715 5713 5716
f 5717 5715 5718
f 5719 5717 5720
f 5721 5719 5722
f 5723 5721 5724
f 5725 5723 5726
f 5727 5725 5728
f 5729 5727 5730
f 844 5729 5731
f 5731 843 844
f 5730 5731 5729
f 5728 5730 5727
f 5726 5728 5725
f 5724 5726 5723
f 5722 5724 5721
f 5720 5722 5719
f 5718 5720 5717
f 5716 5718 5715
f 5714 5716 5713
f 5712 5714 5711
f 5710 5712 5709
f 5708 5710 5707
f 5706 5708 5705
f 5704 5706 5703
f 5702 5704 5701
f 5700 5702 5699
f 5698 5700 5697
f 5696 5698 5695
f 5694 5696 5693
f 5692 5694 5691
f 5690 5692 5689
f 5688 5690 5687
f 5686 5688 5685
f 5684 5686 5683
f 5682 5684 5681
f 5680 5682 5679
f 5678 5680 5677
f 5676 5678 5675
f 5674 5676 5673
f 5670 5674 5672
f 1300 1302 5732
f 5733 5732 5734
f 5735 5734 5736
f 5737 5736 5738
f 5739 5738 5740
f 5741 5740 5742
f 5743 5742 5744
f 5745 5744 5746
f 5747 5746 5748
f 5749 5748 5750
f 5751 5750 5752
f 5753 5752 5754
f 5754 5755 5753
f 5752 5753 5751
f 5750 5751 5749
f 5748 5749 5747
f 5746 5747 5745
f 5744 5745 5743
f 5742 5743 5741
f 5740 5741 5739
f 5738 5739 5737
f 5736 5737 5735
f 5734 5735 5733
f 5732 5733 1300
f 1302 5710 5708
f 5756 5754 5670
f 5666 5757 5756
f 1302 5706 5704
f 1302 5712 5710
f 5630 5758 5759
f 5630 5628 5760
f 5756 5668 5666
f 5752 5674 5670
f 5748 5678 5676
f 5746 5680 5678
f 1302 5702 5700
f 5708 5706 1302
f 1303 5724 5722
f 5640 5761 5762
f 5640 5638 5763
f 5632 5759 5764
f 5760 5758 5630
f 5616 5765 5766
f 5616 5614 5767
f 5614 5612 5768
f 5612 5610 5769
f 5670 5754 5752
f 5750 5676 5674
f 5678 5748 5746
f 5744 5682 5680
f 5738 5688 5686
f 5736 5690 5688
f 5732 5694 5692
f 1302 5696 5694
f 5704 5702 1302
f 1302 5716 5714
f 1303 5718 5716
f 1303 5726 5724
f 1303 5730 5728
f 5642 5762 5770
f 5763 5761 5640
f 5634 5764 5771
f 5759 5632 5630
f 5622 5620 5772
f 5618 5766 5772
f 5767 5765 5616
f 5769 5768 5612
f 822 4780 4778
f 5674 5752 5750
f 5680 5746 5744
f 5742 5684 5682
f 5740 5686 5684
f 5688 5738 5736
f 5734 5692 5690
f 5694 5732 1302
f 5714 5712 1302
f 1303 5720 5718
f 5728 5726 1303
f 1303 843 5731
f 5762 5642 5640
f 5638 5636 5771
f 5764 5634 5632
f 5628 5626 5773
f 5624 5774 5773
f 5624 5622 5775
f 5772 5620 5618
f 5768 5767 5614
f 5606 4874 4904
f 4874 4872 4906
f 4848 4930 4928
f 4846 4932 4930
f 822 4756 4754
f 4778 4776 822
f 5676 5750 5748
f 5684 5742 5740
f 5664 5776 5757
f 5664 5662 5777
f 5690 5736 5734
f 1302 5698 5696
f 5716 1302 1303
f 5731 5730 1303
f 5722 5720 1303
f 5658 5778 5779
f 5658 5656 5780
f 5648 5781 5782
f 5648 5646 5783
f 5771 5763 5638
f 5773 5760 5628
f 5775 5774 5624
f 5766 5618 5616
f 5606 5784 5785
f 4906 4904 4874
f 4868 4910 4908
f 4866 4912 4910
f 4864 4914 4912
f 4864 4862 4916
f 4930 4848 4846
f 4846 4844 4934
f 4842 4936 4934
f 4842 4840 4938
f 4836 4942 4940
f 4836 4834 4944
f 4754 4752 822
f 822 4760 4758
f 822 4768 4766
f 822 4772 4770
f 4776 4774 822
f 4812 4901 4963
f 4811 4877 4901
f 5682 5744 5742
f 5777 5776 5664
f 5692 5734 5732
f 5780 5778 5658
f 5656 5654 5786
f 5783 5781 5648
f 5646 5644 5770
f 5771 5636 5634
f 5772 5775 5622
f 5608 5785 5769
f 4904 5784 5606
f 4910 4868 4866
f 4916 4914 4864
f 4862 4860 4918
f 4860 4858 4920
f 4856 4922 4920
f 4856 4854 4924
f 4852 4926 4924
f 4852 4850 4928
f 4934 4932 4846
f 4938 4936 4842
f 4838 4940 4938
f 4944 4942 4836
f 4758 4756 822
f 822 4764 4762
f 4770 4768 822
f 822 4782 4780
f 4890 4888 4800
f 4888 4886 4802
f 4878 4877 4811
f 4901 4812 4811
f 5757 5666 5664
f 5700 5698 1302
f 5660 5779 5777
f 5786 5780 5656
f 5652 5787 5786
f 5652 5650 5782
f 5770 5783 5646
f 5773 5626 5624
f 5785 5608 5606
f 4872 4870 4908
f 4912 4866 4864
f 4920 4918 4860
f 4924 4922 4856
f 4928 4926 4852
f 4934 4844 4842
f 4940 4838 4836
f 4824 4954 4952
f 4824 4822 4956
f 4820 4958 4956
f 4820 4818 4960
f 4762 4760 822
f 4774 4772 822
f 822 4786 4784
f 822 4898 4790
f 4898 4896 4792
f 4896 4894 4794
f 4894 4892 4796
f 4892 4890 4798
f 4802 4800 4888
f 4884 4882 4806
f 4882 4880 4808
f 4880 4878 4810
f 4963 4814 4812
f 5686 5740 5738
f 5779 5660 5658
f 5782 5787 5652
f 5770 5644 5642
f 4908 4906 4872
f 4918 4916 4862
f 4924 4854 4852
f 4938 4840 4838
f 4832 4830 4948
f 4830 4828 4950
f 4956 4954 4824
f 4960 4958 4820
f 4766 4764 822
f 822 4788 4786
f 4792 4790 4898
f 4796 4794 4894
f 4800 4798 4890
f 4886 4884 4804
f 4808 4806 4882
f 4811 4810 4878
f 5777 5662 5660
f 5782 5650 5648
f 4908 4870 4868
f 4928 4850 4848
f 4832 4946 4944
f 4950 4948 4830
f 4826 4952 4950
f 4956 4822 4820
f 4784 4782 822
f 4794 4792 4896
f 4804 4802 4886
f 4810 4808 4880
f 5786 5654 5652
f 4920 4858 4856
f 4948 4946 4832
f 4952 4826 4824
f 4816 4962 4960
f 4816 4814 4963
f 4790 4788 822
f 4806 4804 4884
f 5769 5610 5608
f 4950 4828 4826
f 4963 4962 4816
f 4798 4796 4892
f 4944 4834 4832
f 4752 824 822
f 4960 4818 4816
f 5670 5668 5756
f 1300 5703 5705
f 5631 5788 5789
f 5631 5633 5790
f 5705 5707 1300
f 1300 5699 5701
f 5667 5669 5791
f 5791 5669 5671
f 5613 5792 5793
f 5615 5794 5792
f 5617 5795 5794
f 5617 5619 5796
f 5790 5788 5631
f 5633 5635 5797
f 5641 5798 5799
f 5641 5643 5800
f 845 5725 5727
f 845 5717 5719
f 1300 5709 5711
f 5701 5703 1300
f 1300 5733 5691
f 5733 5735 5689
f 5745 5747 5677
f 5747 5749 5675
f 5753 5755 5671
f 5671 5755 5791
f 5792 5613 5615
f 5796 5795 5617
f 5619 5621 5801
f 5623 5802 5801
f 5797 5790 5633
f 5635 5637 5803
f 5800 5798 5641
f 5643 5645 5804
f 845 5723 5725
f 5719 5721 845
f 845 1300 5713
f 5707 5709 1300
f 1300 5695 5697
f 5689 5691 5733
f 5675 5677 5747
f 5749 5751 5673
f 5751 5753 5672
f 5791 5805 5667
f 823 4773 4775
f 4847 4849 4927
f 4849 4851 4925
f 4875 4903 4902
f 5806 4903 4875
f 5794 5615 5617
f 5801 5621 5623
f 5625 5807 5802
f 5625 5627 5808
f 5629 5789 5808
f 5803 5797 5635
f 5639 5799 5803
f 5804 5800 5643
f 5721 5723 845
f 5713 5715 845
f 5697 5699 1300
f 5691 5693 1300
f 5735 5737 5687
f 5737 5739 5685
f 5739 5741 5683
f 5741 5743 5681
f 5743 5745 5679
f 5673 5675 5749
f 5671 5672 5753
f 4809 4813 4900
f 4879 4807 4809
f 823 4771 4773
f 823 4750 4751
f 4837 4939 4941
f 4837 4839 4937
f 4843 4933 4935
f 4843 4845 4931
f 4847 4929 4931
f 4925 4927 4849
f 4865 4911 4913
f 4865 4867 4909
f 4867 4869 4907
f 4869 4871 4905
f 4875 5607 5806
f 5607 5609 5809
f 5801 5796 5619
f 5808 5807 5625
f 5789 5629 5631
f 5799 5639 5641
f 5649 5810 5811
f 5649 5651 5812
f 5659 5813 5814
f 5659 5661 5815
f 5727 5729 845
f 5711 5713 1300
f 5687 5689 5735
f 5683 5685 5739
f 5665 5816 5817
f 5665 5667 5805
f 5679 5681 5743
f 5672 5673 5751
f 4809 4876 4879
f 4815 4961 4900
f 823 4769 4771
f 823 4765 4767
f 823 4761 4763
f 823 4753 4755
f 823 825 4750
f 4751 4753 823
f 4937 4939 4837
f 4839 4841 4935
f 4931 4933 4843
f 4927 4929 4847
f 4853 4923 4925
f 4853 4855 4921
f 4857 4919 4921
f 4857 4859 4917
f 4861 4915 4917
f 4863 4913 4915
f 4909 4911 4865
f 4905 4907 4869
f 5809 5806 5607
f 5609 5611 5793
f 5802 5623 5625
f 5803 5637 5639
f 5647 5811 5804
f 5812 5810 5649
f 5657 5814 5818
f 5815 5813 5659
f 5715 5717 845
f 5685 5687 5737
f 5805 5816 5665
f 5677 5679 5745
f 4900 4813 4815
f 4881 4805 4807
f 4817 4959 4961
f 4817 4819 4957
f 4889 4797 4799
f 4891 4795 4797
f 4775 4777 823
f 4763 4765 823
f 823 4757 4759
f 4821 4955 4957
f 4821 4823 4953
f 4825 4951 4953
f 4825 4827 4949
f 4935 4937 4839
f 4931 4845 4847
f 4921 4923 4853
f 4917 4919 4857
f 4915 4861 4863
f 4907 4909 4867
f 4873 4902 4905
f 5793 5809 5609
f 5808 5627 5629
f 5811 5647 5649
f 5653 5819 5812
f 5653 5655 5818
f 5814 5657 5659
f 5661 5663 5817
f 5693 5695 1300
f 5681 5683 5741
f 4807 4879 4881
f 4957 4959 4817
f 4883 4803 4805
f 4885 4801 4803
f 4797 4889 4891
f 4893 4793 4795
f 4895 4791 4793
f 4897 4789 4791
f 4899 4787 4789
f 823 4785 4787
f 823 4779 4781
f 4767 4769 823
f 4755 4757 823
f 4953 4955 4821
f 4949 4951 4825
f 4831 4945 4947
f 4833 4943 4945
f 4935 4841 4843
f 4921 4855 4857
f 4913 4863 4865
f 4902 4873 4875
f 5804 5645 5647
f 5818 5819 5653
f 5817 5815 5661
f 5817 5663 5665
f 4961 4815 4817
f 4803 4883 4885
f 4887 4799 4801
f 4795 4891 4893
f 4791 4895 4897
f 4787 4899 823
f 4781 4783 823
f 4759 4761 823
f 4953 4823 4825
f 4827 4829 4947
f 4945 4831 4833
f 4833 4835 4941
f 4925 4851 4853
f 4905 4871 4873
f 5812 5651 5653
f 5729 844 845
f 4805 4881 4883
f 4799 4887 4889
f 4789 4897 4899
f 4777 4779 823
f 4947 4949 4827
f 4941 4943 4833
f 4917 4859 4861
f 5818 5655 5657
f 4801 4885 4887
f 4783 4785 823
f 4947 4829 4831
f 5793 5611 5613
f 4793 4893 4895
f 4941 4835 4837
f 4957 4819 4821
f 4900 4876 4809
f 5791 5755 5754
f 5754 5756 5791
f 5805 5791 5756
f 5816 5805 5757
f 5817 5816 5776
f 5815 5817 5777
f 5813 5815 5779
f 5814 5813 5778
f 5818 5814 5780
f 5819 5818 5786
f 5812 5819 5787
f 5810 5812 5782
f 5811 5810 5781
f 5804 5811 5783
f 5800 5804 5770
f 5798 5800 5762
f 5799 5798 5761
f 5803 5799 5763
f 5797 5803 5771
f 5790 5797 5764
f 5788 5790 5759
f 5789 5788 5758
f 5808 5789 5760
f 5807 5808 5773
f 5802 5807 5774
f 5801 5802 5775
f 5796 5801 5772
f 5795 5796 5766
f 5794 5795 5765
f 5792 5794 5767
f 5793 5792 5768
f 5809 5793 5769
f 5806 5809 5785
f 5785 5784 5806
f 5769 5785 5809
f 5768 5769 5793
f 5767 5768 5792
f 5765 5767 5794
f 5766 5765 5795
f 5772 5766 5796
f 5775 5772 5801
f 5774 5775 5802
f 5773 5774 5807
f 5760 5773 5808
f 5758 5760 5789
f 5759 5758 5788
f 5764 5759 5790
f 5771 5764 5797
f 5763 5771 5803
f 5761 5763 5799
f 5762 5761 5798
f 5770 5762 5800
f 5783 5770 5804
f 5781 5783 5811
f 5782 5781 5810
f 5787 5782 5812
f 5786 5787 5819
f 5780 5786 5818
f 5778 5780 5814
f 5779 5778 5813
f 5777 5779 5815
f 5776 5777 5817
f 5757 5776 5816
f 5756 5757 5805
f 4904 4903 5806
f 5806 5784 4904
f 5820 5821 5089
f 5089 5088 5820
f 5821 5820 5822
f 5823 5822 5824
f 5825 5824 5826
f 5827 5826 5828
f 5829 5828 5830
f 5831 5830 5832
f 5833 5832 5834
f 5835 5834 5836
f 5837 5836 5838
f 5839 5838 5840
f 5841 5840 5842
f 5843 5842 5844
f 5845 5844 5846
f 5847 5846 5848
f 5849 5848 5850
f 5851 5850 5852
f 5853 5852 5854
f 5855 5854 5856
f 5857 5856 5858
f 5859 5858 5860
f 5861 5860 5862
f 5863 5862 5864
f 5865 5864 5866
f 5867 5866 5868
f 5869 5868 5870
f 5871 5870 5872
f 5873 5872 5874
f 5875 5874 5876
f 5877 5876 5878
f 5879 5878 5880
f 5881 5880 5882
f 5882 5883 5881
f 5880 5881 5879
f 5878 5879 5877
f 5876 5877 5875
f 5874 5875 5873
f 5872 5873 5871
f 5870 5871 5869
f 5868 5869 5867
f 5866 5867 5865
f 5864 5865 5863
f 5862 5863 5861
f 5860 5861 5859
f 5858 5859 5857
f 5856 5857 5855
f 5854 5855 5853
f 5852 5853 5851
f 5850 5851 5849
f 5848 5849 5847
f 5846 5847 5845
f 5844 5845 5843
f 5842 5843 5841
f 5840 5841 5839
f 5838 5839 5837
f 5836 5837 5835
f 5834 5835 5833
f 5832 5833 5831
f 5830 5831 5829
f 5828 5829 5827
f 5826 5827 5825
f 5824 5825 5823
f 5822 5823 5821
f 5884 5885 5883
f 5883 5882 5884
f 5886 5885 5884
f 5887 5886 5888
f 5889 5887 5890
f 5891 5889 5892
f 5893 5891 5894
f 5895 5893 5896
f 5897 5895 5898
f 5899 5897 5900
f 5901 5899 5902
f 5903 5901 5904
f 5905 5903 5906
f 5907 5905 5908
f 5909 5907 5910
f 5911 5909 5912
f 5913 5911 5914
f 5915 5913 5916
f 5917 5915 5918
f 5919 5917 5920
f 5921 5919 5922
f 5923 5921 5924
f 5925 5923 5926
f 5927 5925 5928
f 5929 5927 5930
f 5931 5929 5932
f 5933 5931 5934
f 5935 5933 5936
f 5937 5935 5938
f 5939 5937 5940
f 5941 5939 5942
f 5943 5941 5944
f 847 5943 5945
f 5945 846 847
f 5944 5945 5943
f 5942 5944 5941
f 5940 5942 5939
f 5938 5940 5937
f 5936 5938 5935
f 5934 5936 5933
f 5932 5934 5931
f 5930 5932 5929
f 5928 5930 5927
f 5926 5928 5925
f 5924 5926 5923
f 5922 5924 5921
f 5920 5922 5919
f 5918 5920 5917
f 5916 5918 5915
f 5914 5916 5913
f 5912 5914 5911
f 5910 5912 5909
f 5908 5910 5907
f 5906 5908 5905
f 5904 5906 5903
f 5902 5904 5901
f 5900 5902 5899
f 5898 5900 5897
f 5896 5898 5895
f 5894 5896 5893
f 5892 5894 5891
f 5890 5892 5889
f 5888 5890 5887
f 5884 5888 5886
f 1296 1298 5946
f 5947 5946 5948
f 5949 5948 5950
f 5951 5950 5952
f 5953 5952 5954
f 5955 5954 5956
f 5957 5956 5958
f 5959 5958 5960
f 5961 5960 5962
f 5963 5962 5964
f 5965 5964 5966
f 5967 5966 5968
f 5968 5969 5967
f 5966 5967 5965
f 5964 5965 5963
f 5962 5963 5961
f 5960 5961 5959
f 5958 5959 5957
f 5956 5957 5955
f 5954 5955 5953
f 5952 5953 5951
f 5950 5951 5949
f 5948 5949 5947
f 5946 5947 1296
f 5970 5968 5884
f 5882 5880 5971
f 5946 5908 5906
f 1298 5910 5908
f 1299 5932 5930
f 5971 5970 5882
f 5966 5888 5884
f 5908 5946 1298
f 1298 5914 5912
f 1298 5924 5922
f 1298 5930 5928
f 1299 5934 5932
f 1299 5938 5936
f 5884 5968 5966
f 5964 5890 5888
f 5948 5906 5904
f 5912 5910 1298
f 1298 5926 5924
f 5930 1298 1299
f 1299 5940 5938
f 1299 5944 5942
f 5842 5972 5973
f 5842 5840 5974
f 5834 5975 5976
f 5834 5832 5977
f 5888 5966 5964
f 5962 5892 5890
f 5960 5894 5892
f 5958 5896 5894
f 5952 5902 5900
f 5950 5904 5902
f 5906 5948 5946
f 1298 5918 5916
f 5928 5926 1298
f 5942 5940 1299
f 1299 846 5945
f 5870 5978 5979
f 5870 5868 5980
f 5844 5973 5981
f 5974 5972 5842
f 5977 5975 5834
f 5832 5830 5982
f 5820 5088 5118
f 5088 5086 5120
f 5890 5964 5962
f 5894 5960 5958
f 5956 5898 5896
f 5954 5900 5898
f 5902 5952 5950
f 5916 5914 1298
f 5922 5920 1298
f 5945 5944 1299
f 5936 5934 1299
f 5878 5983 5971
f 5878 5876 5984
f 5980 5978 5870
f 5868 5866 5985
f 5854 5986 5987
f 5854 5852 5988
f 5846 5981 5989
f 5973 5844 5842
f 5838 5990 5974
f 5838 5836 5976
f 5982 5977 5832
f 5830 5828 5991
f 5820 5992 5993
f 5120 5118 5088
f 5082 5124 5122
f 5080 5126 5124
f 5078 5128 5126
f 5078 5076 5130
f 826 4994 4992
f 5892 5962 5960
f 5898 5956 5954
f 5904 5950 5948
f 5984 5983 5878
f 5876 5874 5994
f 5872 5979 5994
f 5985 5980 5868
f 5988 5986 5854
f 5852 5850 5995
f 5848 5989 5995
f 5981 5846 5844
f 5976 5990 5838
f 5991 5982 5830
f 5826 5996 5991
f 5826 5824 5997
f 5822 5993 5997
f 5118 5992 5820
f 5124 5082 5080
f 5130 5128 5078
f 5076 5074 5132
f 5074 5072 5134
f 5062 5144 5142
f 5060 5146 5144
f 826 4970 4968
f 4992 4990 826
f 5896 5958 5956
f 5920 5918 1298
f 5994 5984 5876
f 5979 5872 5870
f 5862 5998 5999
f 5862 5860 6000
f 5995 5988 5852
f 5989 5848 5846
f 5976 5836 5834
f 5997 5996 5826
f 5993 5822 5820
f 5086 5084 5122
f 5126 5080 5078
f 5134 5132 5074
f 5070 5136 5134
f 5070 5068 5138
f 5066 5140 5138
f 5066 5064 5142
f 5144 5062 5060
f 5060 5058 5148
f 4968 4966 826
f 826 4974 4972
f 826 4982 4980
f 826 4986 4984
f 4990 4988 826
f 5026 5115 5177
f 5025 5091 5115
f 5900 5954 5952
f 5994 5874 5872
f 5864 5999 5985
f 6000 5998 5862
f 5995 5850 5848
f 5991 5828 5826
f 5122 5120 5086
f 5132 5130 5076
f 5138 5136 5070
f 5142 5140 5066
f 5148 5146 5060
f 5058 5056 5150
f 4972 4970 826
f 826 4978 4976
f 4984 4982 826
f 826 4996 4994
f 5104 5102 5014
f 5102 5100 5016
f 5092 5091 5025
f 5115 5026 5025
f 5971 5880 5878
f 5999 5864 5862
f 5858 6001 6000
f 5858 5856 5987
f 5974 5840 5838
f 5122 5084 5082
f 5138 5068 5066
f 5150 5148 5058
f 4976 4974 826
f 4988 4986 826
f 826 5000 4998
f 826 5112 5004
f 5112 5110 5006
f 5110 5108 5008
f 5108 5106 5010
f 5106 5104 5012
f 5016 5014 5102
f 5098 5096 5020
f 5096 5094 5022
f 5094 5092 5024
f 5177 5028 5026
f 5985 5866 5864
f 5987 6001 5858
f 5997 5824 5822
f 5142 5064 5062
f 5054 5152 5150
f 5054 5052 5154
f 5050 5156 5154
f 5050 5048 5158
f 5046 5160 5158
f 5046 5044 5162
f 5042 5164 5162
f 5042 5040 5166
f 5038 5168 5166
f 5038 5036 5170
f 5034 5172 5170
f 5034 5032 5174
f 4980 4978 826
f 826 5002 5000
f 5006 5004 5112
f 5010 5008 5108
f 5014 5012 5104
f 5100 5098 5018
f 5022 5020 5096
f 5025 5024 5092
f 6000 5860 5858
f 5134 5072 5070
f 5154 5152 5054
f 5158 5156 5050
f 5162 5160 5046
f 5166 5164 5042
f 5170 5168 5038
f 5174 5172 5034
f 4998 4996 826
f 5008 5006 5110
f 5018 5016 5100
f 5024 5022 5094
f 5987 5856 5854
f 5154 5052 5050
f 5162 5044 5042
f 5170 5036 5034
f 5030 5176 5174
f 5030 5028 5177
f 5004 5002 826
f 5020 5018 5098
f 5150 5056 5054
f 5166 5040 5038
f 5177 5176 5030
f 5012 5010 5106
f 5158 5048 5046
f 4966 828 826
f 5174 5032 5030
f 5884 5882 5970
f 848 1296 5927
f 1296 5947 5905
f 5947 5949 5903
f 5883 6002 6003
f 6002 5883 5885
f 848 5939 5941
f 848 5931 5933
f 5927 5929 848
f 1296 5923 5925
f 1296 5917 5919
f 1296 5907 5909
f 5903 5905 5947
f 5967 5969 5885
f 5885 5969 6002
f 5835 6004 6005
f 5835 5837 6006
f 5843 6007 6008
f 5843 5845 6009
f 848 5937 5939
f 5933 5935 848
f 5925 5927 1296
f 5919 5921 1296
f 5905 5907 1296
f 5949 5951 5901
f 5965 5967 5886
f 6003 5881 5883
f 5089 5117 5116
f 6010 5117 5089
f 5833 6005 6011
f 6006 6004 5835
f 6009 6007 5843
f 5845 5847 6012
f 5871 6013 6014
f 5871 5873 6015
f 5935 5937 848
f 5921 5923 1296
f 1296 5911 5913
f 5901 5903 5949
f 5951 5953 5899
f 5953 5955 5897
f 5959 5961 5891
f 5961 5963 5889
f 5963 5965 5887
f 5885 5886 5967
f 5079 5125 5127
f 5079 5081 5123
f 5081 5083 5121
f 5083 5085 5119
f 5089 5821 6010
f 5821 5823 6016
f 5829 5831 6011
f 6005 5833 5835
f 5839 6017 6006
f 5839 5841 6008
f 6012 6009 5845
f 5847 5849 6018
f 5855 6019 6020
f 5855 5857 6021
f 5869 6014 6022
f 6015 6013 5871
f 5879 6023 6024
f 5879 5881 6003
f 5941 5943 848
f 1296 5915 5917
f 5909 5911 1296
f 5897 5899 5953
f 5955 5957 5895
f 5957 5959 5893
f 5889 5891 5961
f 5886 5887 5965
f 827 4987 4989
f 5061 5063 5141
f 5063 5065 5139
f 5075 5129 5131
f 5077 5127 5129
f 5123 5125 5079
f 5119 5121 5083
f 6016 6010 5821
f 5823 5825 6025
f 5827 6026 6025
f 5827 5829 6027
f 6011 5831 5833
f 6008 6017 5839
f 6018 6012 5847
f 5849 5851 6028
f 5853 6020 6028
f 6021 6019 5855
f 6014 5869 5871
f 5873 5875 6029
f 5877 6024 6029
f 6003 6023 5879
f 5929 5931 848
f 5899 5901 5951
f 5893 5895 5957
f 5887 5889 5963
f 5114 5090 5023
f 5093 5021 5023
f 827 4985 4987
f 827 4964 4965
f 5061 5143 5145
f 5139 5141 5063
f 5067 5137 5139
f 5067 5069 5135
f 5071 5133 5135
f 5071 5073 5131
f 5129 5075 5077
f 5121 5123 5081
f 5087 5116 5119
f 6025 6016 5823
f 6027 6026 5827
f 6006 5837 5839
f 6028 6018 5849
f 6020 5853 5855
f 5863 6030 6031
f 5863 5865 6032
f 6029 6015 5873
f 6024 5877 5879
f 5913 5915 1296
f 5891 5893 5959
f 5023 5090 5093
f 5029 5175 5114
f 827 4983 4985
f 827 4979 4981
f 827 4975 4977
f 827 4967 4969
f 827 829 4964
f 4965 4967 827
f 5059 5145 5147
f 5141 5143 5061
f 5135 5137 5067
f 5131 5133 5071
f 5127 5077 5079
f 5116 5087 5089
f 6011 6027 5829
f 6028 5851 5853
f 6032 6030 5863
f 5865 5867 6022
f 6029 5875 5877
f 5895 5897 5955
f 5114 5027 5029
f 5095 5019 5021
f 5031 5173 5175
f 5031 5033 5171
f 5103 5011 5013
f 5105 5009 5011
f 4989 4991 827
f 4977 4979 827
f 827 4971 4973
f 5145 5059 5061
f 5135 5069 5071
f 5119 5085 5087
f 6008 5841 5843
f 5859 6033 6021
f 5859 5861 6031
f 6022 6032 5865
f 5943 847 848
f 5021 5093 5095
f 5171 5173 5031
f 5097 5017 5019
f 5099 5015 5017
f 5011 5103 5105
f 5107 5007 5009
f 5109 5005 5007
f 5111 5003 5005
f 5113 5001 5003
f 827 4999 5001
f 827 4993 4995
f 4981 4983 827
f 4969 4971 827
f 5035 5169 5171
f 5035 5037 5167
f 5039 5165 5167
f 5039 5041 5163
f 5043 5161 5163
f 5043 5045 5159
f 5047 5157 5159
f 5047 5049 5155
f 5051 5153 5155
f 5051 5053 5151
f 5055 5149 5151
f 5055 5057 5147
f 5139 5065 5067
f 6025 5825 5827
f 6031 6033 5859
f 6022 5867 5869
f 5175 5029 5031
f 5017 5097 5099
f 5101 5013 5015
f 5009 5105 5107
f 5005 5109 5111
f 5001 5113 827
f 4995 4997 827
f 4973 4975 827
f 5167 5169 5035
f 5163 5165 5039
f 5159 5161 5043
f 5155 5157 5047
f 5151 5153 5051
f 5147 5149 5055
f 5131 5073 5075
f 6031 5861 5863
f 5019 5095 5097
f 5013 5101 5103
f 5003 5111 5113
f 4991 4993 827
f 5167 5037 5039
f 5159 5045 5047
f 5151 5053 5055
f 6021 5857 5859
f 5015 5099 5101
f 4997 4999 827
f 5163 5041 5043
f 5147 5057 5059
f 5007 5107 5109
f 5155 5049 5051
f 5171 5033 5035
f 5023 5027 5114
f 5970 6002 5969
f 5969 5968 5970
f 6003 6002 5970
f 6023 6003 5971
f 6024 6023 5983
f 6029 6024 5984
f 6015 6029 5994
f 6013 6015 5979
f 6014 6013 5978
f 6022 6014 5980
f 6032 6022 5985
f 6030 6032 5999
f 6031 6030 5998
f 6033 6031 6000
f 6021 6033 6001
f 6019 6021 5987
f 6020 6019 5986
f 6028 6020 5988
f 6018 6028 5995
f 6012 6018 5989
f 6009 6012 5981
f 6007 6009 5973
f 6008 6007 5972
f 6017 6008 5974
f 6006 6017 5990
f 6004 6006 5976
f 6005 6004 5975
f 6011 6005 5977
f 6027 6011 5982
f 6026 6027 5991
f 6025 6026 5996
f 6016 6025 5997
f 6010 6016 5993
f 5993 5992 6010
f 5997 5993 6016
f 5996 5997 6025
f 5991 5996 6026
f 5982 5991 6027
f 5977 5982 6011
f 5975 5977 6005
f 5976 5975 6004
f 5990 5976 6006
f 5974 5990 6017
f 5972 5974 6008
f 5973 5972 6007
f 5981 5973 6009
f 5989 5981 6012
f 5995 5989 6018
f 5988 5995 6028
f 5986 5988 6020
f 5987 5986 6019
f 6001 5987 6021
f 6000 6001 6033
f 5998 6000 6031
f 5999 5998 6030
f 5985 5999 6032
f 5980 5985 6022
f 5978 5980 6014
f 5979 5978 6013
f 5994 5979 6015
f 5984 5994 6029
f 5983 5984 6024
f 5971 5983 6023
f 5970 5971 6003
f 5118 5117 6010
f 6010 5992 5118
f 6034 6035 5303
f 5303 5302 6034
f 6035 6034 6036
f 6037 6036 6038
f 6039 6038 6040
f 6041 6040 6042
f 6043 6042 6044
f 6045 6044 6046
f 6047 6046 6048
f 6049 6048 6050
f 6051 6050 6052
f 6053 6052 6054
f 6055 6054 6056
f 6057 6056 6058
f 6059 6058 6060
f 6061 6060 6062
f 6063 6062 6064
f 6065 6064 6066
f 6067 6066 6068
f 6069 6068 6070
f 6071 6070 6072
f 6073 6072 6074
f 6075 6074 6076
f 6077 6076 6078
f 6079 6078 6080
f 6081 6080 6082
f 6083 6082 6084
f 6085 6084 6086
f 6087 6086 6088
f 6089 6088 6090
f 6091 6090 6092
f 6093 6092 6094
f 6095 6094 6096
f 6096 6097 6095
f 6094 6095 6093
f 6092 6093 6091
f 6090 6091 6089
f 6088 6089 6087
f 6086 6087 6085
f 6084 6085 6083
f 6082 6083 6081
f 6080 6081 6079
f 6078 6079 6077
f 6076 6077 6075
f 6074 6075 6073
f 6072 6073 6071
f 6070 6071 6069
f 6068 6069 6067
f 6066 6067 6065
f 6064 6065 6063
f 6062 6063 6061
f 6060 6061 6059
f 6058 6059 6057
f 6056 6057 6055
f 6054 6055 6053
f 6052 6053 6051
f 6050 6051 6049
f 6048 6049 6047
f 6046 6047 6045
f 6044 6045 6043
f 6042 6043 6041
f 6040 6041 6039
f 6038 6039 6037
f 6036 6037 6035
f 6098 6099 6097
f 6097 6096 6098
f 6100 6099 6098
f 6101 6100 6102
f 6103 6101 6104
f 6105 6103 6106
f 6107 6105 6108
f 6109 6107 6110
f 6111 6109 6112
f 6113 6111 6114
f 6115 6113 6116
f 6117 6115 6118
f 6119 6117 6120
f 6121 6119 6122
f 6123 6121 6124
f 6125 6123 6126
f 6127 6125 6128
f 6129 6127 6130
f 6131 6129 6132
f 6133 6131 6134
f 6135 6133 6136
f 6137 6135 6138
f 6139 6137 6140
f 6141 6139 6142
f 6143 6141 6144
f 6145 6143 6146
f 6147 6145 6148
f 6149 6147 6150
f 6151 6149 6152
f 6153 6151 6154
f 6155 6153 6156
f 6157 6155 6158
f 850 6157 6159
f 6159 849 850
f 6158 6159 6157
f 6156 6158 6155
f 6154 6156 6153
f 6152 6154 6151
f 6150 6152 6149
f 6148 6150 6147
f 6146 6148 6145
f 6144 6146 6143
f 6142 6144 6141
f 6140 6142 6139
f 6138 6140 6137
f 6136 6138 6135
f 6134 6136 6133
f 6132 6134 6131
f 6130 6132 6129
f 6128 6130 6127
f 6126 6128 6125
f 6124 6126 6123
f 6122 6124 6121
f 6120 6122 6119
f 6118 6120 6117
f 6116 6118 6115
f 6114 6116 6113
f 6112 6114 6111
f 6110 6112 6109
f 6108 6110 6107
f 6106 6108 6105
f 6104 6106 6103
f 6102 6104 6101
f 6098 6102 6100
f 1292 1294 6160
f 6161 6160 6162
f 6163 6162 6164
f 6165 6164 6166
f 6167 6166 6168
f 6169 6168 6170
f 6171 6170 6172
f 6173 6172 6174
f 6175 6174 6176
f 6177 6176 6178
f 6179 6178 6180
f 6181 6180 6182
f 6182 6183 6181
f 6180 6181 6179
f 6178 6179 6177
f 6176 6177 6175
f 6174 6175 6173
f 6172 6173 6171
f 6170 6171 6169
f 6168 6169 6167
f 6166 6167 6165
f 6164 6165 6163
f 6162 6163 6161
f 6160 6161 1292
f 6058 6184 6185
f 6058 6056 6186
f 6060 6185 6187
f 6186 6184 6058
f 6188 6182 6098
f 6094 6189 6188
f 6068 6190 6191
f 6068 6066 6192
f 6062 6187 6193
f 6185 6060 6058
f 6046 6194 6195
f 6046 6044 6196
f 6188 6096 6094
f 6180 6102 6098
f 6192 6190 6068
f 6066 6064 6193
f 6187 6062 6060
f 6056 6054 6197
f 6052 6198 6197
f 6052 6050 6199
f 6050 6048 6195
f 6196 6194 6046
f 6098 6182 6180
f 6178 6104 6102
f 6193 6192 6066
f 6197 6186 6056
f 6199 6198 6052
f 6195 6048 6046
f 6102 6180 6178
f 6092 6200 6189
f 6160 6122 6120
f 1294 6124 6122
f 1295 6146 6144
f 6193 6064 6062
f 6195 6199 6050
f 6189 6094 6092
f 6176 6106 6104
f 6122 6160 1294
f 1294 6128 6126
f 1294 6138 6136
f 1294 6144 6142
f 1295 6148 6146
f 1295 6152 6150
f 6072 6201 6202
f 6072 6070 6191
f 6197 6054 6052
f 6044 6042 6203
f 830 5208 5206
f 6104 6178 6176
f 6090 6204 6200
f 6174 6108 6106
f 6172 6110 6108
f 6086 6205 6206
f 6086 6084 6207
f 6162 6120 6118
f 6126 6124 1294
f 1294 6140 6138
f 6144 1294 1295
f 1295 6154 6152
f 1295 6158 6156
f 6076 6208 6209
f 6076 6074 6202
f 6191 6201 6072
f 6203 6196 6044
f 6038 6210 6211
f 6038 6036 6212
f 5264 5370 5368
f 5264 5262 5372
f 830 5184 5182
f 5206 5204 830
f 6200 6092 6090
f 6108 6174 6172
f 6170 6112 6110
f 6168 6114 6112
f 6207 6205 6086
f 6084 6082 6213
f 6166 6116 6114
f 6164 6118 6116
f 6120 6162 6160
f 1294 6132 6130
f 6142 6140 1294
f 6156 6154 1295
f 1295 849 6159
f 6202 6208 6076
f 6191 6070 6068
f 6040 6211 6203
f 6212 6210 6038
f 6034 5302 5332
f 5302 5300 5334
f 5298 5336 5334
f 5298 5296 5338
f 5276 5358 5356
f 5274 5360 5358
f 5272 5362 5360
f 5272 5270 5364
f 5266 5368 5366
f 5372 5370 5264
f 5182 5180 830
f 830 5188 5186
f 830 5196 5194
f 830 5200 5198
f 5204 5202 830
f 5240 5329 5391
f 5239 5305 5329
f 6106 6176 6174
f 6112 6170 6168
f 6088 6206 6204
f 6213 6207 6084
f 6116 6166 6164
f 6130 6128 1294
f 6136 6134 1294
f 6159 6158 1295
f 6150 6148 1295
f 6080 6214 6213
f 6080 6078 6209
f 6202 6074 6072
f 6211 6040 6038
f 6034 6215 6212
f 5334 5332 5302
f 5338 5336 5298
f 5296 5294 5340
f 5284 5350 5348
f 5284 5282 5352
f 5280 5354 5352
f 5280 5278 5356
f 5358 5276 5274
f 5364 5362 5272
f 5268 5366 5364
f 5368 5266 5264
f 5186 5184 830
f 830 5192 5190
f 5198 5196 830
f 830 5210 5208
f 5318 5316 5228
f 5316 5314 5230
f 5306 5305 5239
f 5329 5240 5239
f 6110 6172 6170
f 6206 6088 6086
f 6118 6164 6162
f 6209 6214 6080
f 6203 6042 6040
f 5332 6215 6034
f 5340 5338 5296
f 5292 5342 5340
f 5292 5290 5344
f 5290 5288 5346
f 5288 5286 5348
f 5352 5350 5284
f 5356 5354 5280
f 5360 5274 5272
f 5366 5268 5266
f 5252 5382 5380
f 5252 5250 5384
f 5248 5386 5384
f 5248 5246 5388
f 5190 5188 830
f 5202 5200 830
f 830 5214 5212
f 830 5326 5218
f 5326 5324 5220
f 5324 5322 5222
f 5322 5320 5224
f 5320 5318 5226
f 5230 5228 5316
f 5312 5310 5234
f 5310 5308 5236
f 5308 5306 5238
f 5391 5242 5240
f 6204 6090 6088
f 6134 6132 1294
f 6209 6078 6076
f 5334 5300 5298
f 5344 5342 5292
f 5348 5346 5288
f 5352 5282 5280
f 5364 5270 5268
f 5260 5258 5376
f 5258 5256 5378
f 5384 5382 5252
f 5388 5386 5248
f 5194 5192 830
f 830 5216 5214
f 5220 5218 5326
f 5224 5222 5322
f 5228 5226 5318
f 5314 5312 5232
f 5236 5234 5310
f 5239 5238 5306
f 6114 6168 6166
f 6212 6036 6034
f 5346 5344 5290
f 5356 5278 5276
f 5260 5374 5372
f 5378 5376 5258
f 5254 5380 5378
f 5384 5250 5248
f 5212 5210 830
f 5222 5220 5324
f 5232 5230 5314
f 5238 5236 5308
f 6213 6082 6080
f 5348 5286 5284
f 5376 5374 5260
f 5380 5254 5252
f 5244 5390 5388
f 5244 5242 5391
f 5218 5216 830
f 5234 5232 5312
f 5340 5294 5292
f 5378 5256 5254
f 5391 5390 5244
f 5226 5224 5320
f 5372 5262 5260
f 5180 832 830
f 5388 5246 5244
f 6098 6096 6188
f 6059 6216 6217
f 6059 6061 6218
f 6218 6216 6059
f 6061 6063 6219
f 6095 6097 6220
f 6220 6097 6099
f 6047 6221 6222
f 6047 6049 6223
f 6219 6218 6061
f 6063 6065 6224
f 6069 6225 6226
f 6069 6071 6227
f 6181 6183 6099
f 6099 6183 6220
f 6223 6221 6047
f 6051 6228 6223
f 6053 6229 6228
f 6053 6055 6230
f 6057 6217 6230
f 6224 6219 6063
f 6067 6226 6224
f 6227 6225 6069
f 6179 6181 6100
f 6220 6231 6095
f 6223 6049 6051
f 6230 6229 6053
f 6217 6057 6059
f 6226 6067 6069
f 851 1292 6141
f 1292 6161 6119
f 6161 6163 6117
f 6093 6095 6231
f 6099 6100 6181
f 6228 6051 6053
f 6224 6065 6067
f 851 6153 6155
f 6141 6143 851
f 1292 6137 6139
f 1292 6131 6133
f 1292 6121 6123
f 6117 6119 6161
f 6177 6179 6101
f 6100 6101 6179
f 6045 6222 6232
f 6230 6055 6057
f 6073 6233 6227
f 6073 6075 6234
f 6155 6157 851
f 851 6145 6147
f 6139 6141 1292
f 6133 6135 1292
f 6119 6121 1292
f 6163 6165 6115
f 6087 6235 6236
f 6087 6089 6237
f 6173 6175 6105
f 6175 6177 6103
f 6091 6093 6238
f 6231 6238 6093
f 831 5201 5203
f 5265 5367 5369
f 5265 5267 5365
f 5303 6035 6239
f 6035 6037 6240
f 6039 6241 6240
f 6039 6041 6242
f 6222 6045 6047
f 6234 6233 6073
f 6077 6243 6234
f 6077 6079 6244
f 851 6151 6153
f 6147 6149 851
f 6135 6137 1292
f 1292 6125 6127
f 6115 6117 6163
f 6165 6167 6113
f 6167 6169 6111
f 6085 6236 6245
f 6237 6235 6087
f 6169 6171 6109
f 6171 6173 6107
f 6103 6105 6175
f 6101 6103 6177
f 5328 5304 5237
f 5307 5235 5237
f 831 5199 5201
f 831 5178 5179
f 5365 5367 5265
f 5267 5269 5363
f 5273 5359 5361
f 5273 5275 5357
f 5275 5277 5355
f 5277 5279 5353
f 5301 5303 5331
f 6240 6239 6035
f 6242 6241 6039
f 6041 6043 6232
f 6227 6071 6073
f 6244 6243 6077
f 6149 6151 851
f 1292 6129 6131
f 6123 6125 1292
f 6111 6113 6167
f 6236 6085 6087
f 6089 6091 6246
f 6107 6109 6171
f 6238 6246 6091
f 5237 5304 5307
f 5243 5389 5328
f 5245 5387 5389
f 5245 5247 5385
f 831 5197 5199
f 831 5193 5195
f 831 5189 5191
f 831 5181 5183
f 831 833 5178
f 5179 5181 831
f 5363 5365 5267
f 5269 5271 5361
f 5357 5359 5273
f 5353 5355 5277
f 5281 5351 5353
f 5281 5283 5349
f 5285 5347 5349
f 5285 5287 5345
f 5299 5301 5330
f 6239 5331 5303
f 6232 6242 6041
f 6234 6075 6077
f 6081 6247 6244
f 6081 6083 6245
f 6143 6145 851
f 6113 6115 6165
f 6246 6237 6089
f 6105 6107 6173
f 5328 5241 5243
f 5385 5387 5245
f 5317 5225 5227
f 5319 5223 5225
f 5203 5205 831
f 5191 5193 831
f 831 5185 5187
f 5249 5383 5385
f 5249 5251 5381
f 5253 5379 5381
f 5253 5255 5377
f 5361 5363 5269
f 5355 5357 5275
f 5349 5351 5281
f 5345 5347 5285
f 5289 5343 5345
f 5291 5341 5343
f 5293 5339 5341
f 5293 5295 5337
f 5299 5333 5335
f 5331 5330 5301
f 6232 6043 6045
f 6245 6247 6081
f 6127 6129 1292
f 6109 6111 6169
f 5389 5243 5245
f 5309 5233 5235
f 5311 5231 5233
f 5313 5229 5231
f 5225 5317 5319
f 5321 5221 5223
f 5323 5219 5221
f 5325 5217 5219
f 5327 5215 5217
f 831 5213 5215
f 831 5207 5209
f 5195 5197 831
f 5183 5185 831
f 5381 5383 5249
f 5377 5379 5253
f 5259 5373 5375
f 5261 5371 5373
f 5361 5271 5273
f 5349 5283 5285
f 5343 5289 5291
f 5337 5339 5293
f 5297 5335 5337
f 5330 5333 5299
f 6244 6079 6081
f 6245 6083 6085
f 5235 5307 5309
f 5231 5311 5313
f 5315 5227 5229
f 5223 5319 5321
f 5219 5323 5325
f 5215 5327 831
f 5209 5211 831
f 5187 5189 831
f 5381 5251 5253
f 5255 5257 5375
f 5373 5259 5261
f 5261 5263 5369
f 5353 5279 5281
f 5341 5291 5293
f 5335 5297 5299
f 6157 850 851
f 5233 5309 5311
f 5227 5315 5317
f 5217 5325 5327
f 5205 5207 831
f 5375 5377 5255
f 5369 5371 5261
f 5345 5287 5289
f 6240 6037 6039
f 5229 5313 5315
f 5211 5213 831
f 5375 5257 5259
f 5337 5295 5297
f 5221 5321 5323
f 5369 5263 5265
f 5385 5247 5249
f 5237 5241 5328
f 6188 6220 6183
f 6183 6182 6188
f 6231 6220 6188
f 6238 6231 6189
f 6246 6238 6200
f 6237 6246 6204
f 6235 6237 6206
f 6236 6235 6205
f 6245 6236 6207
f 6247 6245 6213
f 6244 6247 6214
f 6243 6244 6209
f 6234 6243 6208
f 6233 6234 6202
f 6227 6233 6201
f 6225 6227 6191
f 6226 6225 6190
f 6224 6226 6192
f 6219 6224 6193
f 6218 6219 6187
f 6216 6218 6185
f 6217 6216 6184
f 6230 6217 6186
f 6229 6230 6197
f 6228 6229 6198
f 6223 6228 6199
f 6221 6223 6195
f 6222 6221 6194
f 6232 6222 6196
f 6242 6232 6203
f 6241 6242 6211
f 6240 6241 6210
f 6239 6240 6212
f 6212 6215 6239
f 6210 6212 6240
f 6211 6210 6241
f 6203 6211 6242
f 6196 6203 6232
f 6194 6196 6222
f 6195 6194 6221
f 6199 6195 6223
f 6198 6199 6228
f 6197 6198 6229
f 6186 6197 6230
f 6184 6186 6217
f 6185 6184 6216
f 6187 6185 6218
f 6193 6187 6219
f 6192 6193 6224
f 6190 6192 6226
f 6191 6190 6225
f 6201 6191 6227
f 6202 6201 6233
f 6208 6202 6234
f 6209 6208 6243
f 6214 6209 6244
f 6213 6214 6247
f 6207 6213 6245
f 6205 6207 6236
f 6206 6205 6235
f 6204 6206 6237
f 6200 6204 6246
f 6189 6200 6238
f 6188 6189 6231
f 5332 5331 6239
f 6239 6215 5332
usemtl 178,178,178
f 6248 6249 1440
f 6249 1436 1440
f 1440 881 6248
f 6249 6250 883
f 6250 884 883
f 6250 1257 884
f 883 1436 6249
f 6251 995 1013
f 1013 6250 6251
f 1013 1257 6250
f 6251 882 878
f 6248 881 882
f 882 6251 6248
f 878 995 6251
f 6248 6252 6253
f 6253 6249 6248
f 6251 6250 6254
f 6249 6255 6256
f 6248 6257 6252
f 6248 6258 6259
f 6250 6260 6254
f 6249 6261 6262
f 6249 6263 6264
f 6253 6255 6249
f 6248 6265 6258
f 6254 6266 6251
f 6250 6267 6268
f 6249 6269 6270
f 6249 6271 6261
f 6264 6272 6249
f 6248 6273 6257
f 6248 6274 6265
f 6248 6275 6276
f 6251 6277 6278
f 6266 6279 6251
f 6250 6280 6267
f 6250 6281 6282
f 6249 6283 6284
f 6249 6285 6286
f 6249 6287 6288
f 6262 6269 6249
f 6249 6289 6290
f 6272 6291 6249
f 6259 6273 6248
f 6248 6292 6293
f 6276 6294 6248
f 6251 6295 6296
f 6278 6297 6251
f 6268 6260 6250
f 6250 6298 6299
f 6250 6300 6301
f 6250 6302 6303
f 6282 6304 6250
f 6284 6305 6249
f 6249 6306 6307
f 6249 6308 6309
f 6288 6285 6249
f 6249 6310 6311
f 6249 6312 6313
f 6249 6314 6315
f 6290 6271 6249
f 6291 6316 6249
f 6256 6317 6249
f 6294 6292 6248
f 6248 6318 6319
f 6248 6320 6321
f 6251 6322 6323
f 6251 6324 6325
f 6251 6326 6327
f 6296 6328 6251
f 6279 6277 6251
f 6250 6329 6298
f 6250 6330 6331
f 6250 6332 6300
f 6250 6333 6334
f 6250 6335 6336
f 6250 6337 6338
f 6304 6302 6250
f 6307 6283 6249
f 6286 6308 6249
f 6311 6339 6249
f 6315 6312 6249
f 6316 6289 6249
f 6293 6274 6248
f 6248 6340 6341
f 6248 6342 6343
f 6321 6318 6248
f 6248 6344 6345
f 6251 6346 6322
f 6251 6347 6348
f 6251 6349 6324
f 6251 6350 6351
f 6327 6352 6251
f 6297 6295 6251
f 6331 6329 6250
f 6250 6353 6354
f 6250 6355 6356
f 6334 6332 6250
f 6250 6357 6358
f 6250 6359 6335
f 6303 6337 6250
f 6309 6306 6249
f 6313 6310 6249
f 6317 6263 6249
f 6343 6340 6248
f 6248 6360 6361
f 6319 6362 6248
f 6345 6363 6248
f 6248 6364 6365
f 6248 6366 6367
f 6248 6251 6368
f 6251 6369 6370
f 6251 6371 6346
f 6348 6372 6251
f 6351 6349 6251
f 6352 6373 6251
f 6299 6280 6250
f 6250 6374 6375
f 6356 6353 6250
f 6358 6333 6250
f 6338 6359 6250
f 6305 6376 6249
f 6270 6314 6249
f 6361 6342 6248
f 6248 6377 6378
f 6363 6320 6248
f 6365 6379 6248
f 6368 6366 6248
f 6370 6380 6251
f 6251 6381 6382
f 6251 6383 6384
f 6372 6371 6251
f 6373 6350 6251
f 6375 6330 6250
f 6250 6385 6386
f 6301 6355 6250
f 6250 6387 6281
f 6376 6388 6249
f 6341 6275 6248
f 6248 6389 6377
f 6379 6344 6248
f 6248 6390 6391
f 6380 6368 6251
f 6251 6392 6393
f 6384 6381 6251
f 6325 6347 6251
f 6386 6374 6250
f 6336 6357 6250
f 6250 6249 6394
f 6339 6287 6249
f 6362 6389 6248
f 6367 6390 6248
f 6382 6392 6251
f 6328 6326 6251
f 6394 6387 6250
f 6378 6360 6248
f 6393 6369 6251
f 6251 6395 6396
f 6354 6385 6250
f 6391 6364 6248
f 6323 6395 6251
f 6396 6383 6251
f 6388 6394 6249
f 6397 6398 858
f 6398 857 858
f 858 1077 6397
f 6398 6399 869
f 869 861 6398
f 6399 872 869
f 861 857 6398
f 6400 874 875
f 875 6399 6400
f 875 872 6399
f 6397 1064 1085
f 1085 6400 6397
f 6397 1077 1064
f 1085 874 6400
f 6397 6401 6402
f 6402 6398 6397
f 6400 6399 6403
f 6398 6404 6405
f 6397 6406 6401
f 6397 6407 6408
f 6399 6409 6403
f 6398 6410 6411
f 6398 6412 6413
f 6402 6404 6398
f 6397 6414 6407
f 6403 6415 6400
f 6399 6416 6417
f 6398 6418 6419
f 6398 6420 6410
f 6413 6421 6398
f 6397 6422 6406
f 6397 6423 6414
f 6397 6424 6425
f 6400 6426 6427
f 6415 6428 6400
f 6399 6429 6416
f 6399 6430 6431
f 6398 6432 6433
f 6398 6434 6435
f 6398 6436 6437
f 6411 6418 6398
f 6398 6438 6439
f 6421 6440 6398
f 6408 6422 6397
f 6397 6441 6442
f 6425 6443 6397
f 6400 6444 6445
f 6427 6446 6400
f 6417 6409 6399
f 6399 6447 6448
f 6399 6449 6450
f 6399 6451 6452
f 6431 6453 6399
f 6433 6454 6398
f 6398 6455 6456
f 6398 6457 6458
f 6437 6434 6398
f 6398 6459 6460
f 6398 6461 6462
f 6398 6463 6464
f 6439 6420 6398
f 6440 6465 6398
f 6405 6466 6398
f 6443 6441 6397
f 6397 6467 6468
f 6397 6469 6470
f 6400 6471 6472
f 6400 6473 6474
f 6400 6475 6476
f 6445 6477 6400
f 6428 6426 6400
f 6399 6478 6447
f 6399 6479 6480
f 6399 6481 6449
f 6399 6482 6483
f 6399 6484 6485
f 6399 6486 6487
f 6453 6451 6399
f 6456 6432 6398
f 6435 6457 6398
f 6460 6488 6398
f 6464 6461 6398
f 6465 6438 6398
f 6442 6423 6397
f 6397 6489 6490
f 6397 6491 6492
f 6470 6467 6397
f 6397 6493 6494
f 6400 6495 6471
f 6400 6496 6497
f 6400 6498 6473
f 6400 6499 6500
f 6476 6501 6400
f 6446 6444 6400
f 6480 6478 6399
f 6399 6502 6503
f 6399 6504 6505
f 6483 6481 6399
f 6399 6506 6507
f 6399 6508 6484
f 6452 6486 6399
f 6458 6455 6398
f 6462 6459 6398
f 6466 6412 6398
f 6492 6489 6397
f 6397 6509 6510
f 6468 6511 6397
f 6494 6512 6397
f 6397 6513 6514
f 6397 6515 6516
f 6397 6400 6517
f 6400 6518 6519
f 6400 6520 6495
f 6497 6521 6400
f 6500 6498 6400
f 6501 6522 6400
f 6448 6429 6399
f 6399 6523 6524
f 6505 6502 6399
f 6507 6482 6399
f 6487 6508 6399
f 6398 6525 6526
f 6454 6527 6398
f 6419 6463 6398
f 6510 6491 6397
f 6397 6528 6529
f 6512 6469 6397
f 6514 6530 6397
f 6517 6515 6397
f 6519 6531 6400
f 6400 6532 6533
f 6400 6534 6535
f 6521 6520 6400
f 6522 6499 6400
f 6524 6479 6399
f 6399 6536 6537
f 6450 6504 6399
f 6399 6538 6430
f 6527 6525 6398
f 6490 6424 6397
f 6397 6539 6528
f 6530 6493 6397
f 6397 6540 6541
f 6531 6517 6400
f 6400 6542 6543
f 6535 6532 6400
f 6474 6496 6400
f 6537 6523 6399
f 6485 6506 6399
f 6488 6436 6398
f 6511 6539 6397
f 6516 6540 6397
f 6533 6542 6400
f 6477 6475 6400
f 6399 6526 6538
f 6529 6509 6397
f 6543 6518 6400
f 6400 6544 6545
f 6503 6536 6399
f 6541 6513 6397
f 6472 6544 6400
f 6545 6534 6400
f 6526 6399 6398
f 6546 6547 853
f 6547 852 853
f 853 1040 6546
f 6548 855 854
f 854 6547 6548
f 6548 856 855
f 854 852 6547
f 6549 1048 1062
f 1062 6548 6549
f 1062 856 6548
f 6549 6546 1042
f 1042 1043 6549
f 6546 1040 1042
f 1043 1048 6549
f 6546 6550 6551
f 6547 6552 6553
f 6551 6547 6546
f 6547 6554 6552
f 6546 6555 6550
f 6547 6556 6557
f 6551 6554 6547
f 6546 6558 6559
f 6547 6560 6561
f 6557 6562 6547
f 6546 6563 6555
f 6546 6564 6558
f 6547 6565 6566
f 6547 6567 6568
f 6561 6569 6547
f 6553 6556 6547
f 6546 6570 6564
f 6546 6571 6572
f 6566 6573 6547
f 6547 6574 6575
f 6547 6576 6577
f 6569 6567 6547
f 6559 6563 6546
f 6546 6578 6579
f 6546 6580 6571
f 6547 6581 6565
f 6577 6574 6547
f 6562 6560 6547
f 6572 6578 6546
f 6575 6581 6547
f 6579 6570 6546
f 6546 6582 6583
f 6546 6584 6585
f 6546 6586 6587
f 6546 6588 6589
f 6546 6590 6591
f 6549 6548 6592
f 6568 6576 6547
f 6546 6593 6594
f 6546 6595 6582
f 6587 6584 6546
f 6546 6596 6588
f 6546 6597 6590
f 6548 6598 6592
f 6547 6599 6600
f 6594 6580 6546
f 6585 6595 6546
f 6546 6601 6596
f 6591 6602 6546
f 6546 6603 6604
f 6549 6605 6606
f 6592 6607 6549
f 6548 6608 6609
f 6548 6610 6611
f 6547 6612 6613
f 6547 6614 6615
f 6600 6616 6547
f 6583 6593 6546
f 6602 6601 6546
f 6546 6617 6603
f 6546 6549 6618
f 6549 6619 6620
f 6549 6621 6622
f 6606 6623 6549
f 6607 6624 6549
f 6548 6625 6608
f 6548 6626 6627
f 6548 6628 6629
f 6548 6630 6631
f 6548 6632 6633
f 6611 6634 6548
f 6615 6612 6547
f 6573 6599 6547
f 6589 6635 6546
f 6546 6636 6637
f 6618 6617 6546
f 6620 6638 6549
f 6549 6639 6640
f 6622 6641 6549
f 6549 6642 6643
f 6623 6644 6549
f 6609 6598 6548
f 6548 6645 6626
f 6548 6646 6647
f 6631 6628 6548
f 6548 6648 6632
f 6548 6649 6650
f 6634 6651 6548
f 6547 6652 6653
f 6613 6654 6547
f 6547 6655 6656
f 6635 6586 6546
f 6546 6657 6636
f 6638 6618 6549
f 6641 6639 6549
f 6549 6658 6642
f 6549 6659 6660
f 6624 6605 6549
f 6548 6661 6645
f 6548 6662 6646
f 6548 6663 6664
f 6548 6665 6630
f 6650 6648 6548
f 6651 6666 6548
f 6547 6667 6652
f 6656 6614 6547
f 6637 6597 6546
f 6640 6619 6549
f 6549 6668 6658
f 6549 6669 6670
f 6549 6671 6672
f 6549 6673 6674
f 6644 6659 6549
f 6647 6661 6548
f 6629 6663 6548
f 6548 6675 6676
f 6548 6677 6678
f 6548 6679 6680
f 6666 6649 6548
f 6547 6681 6682
f 6654 6667 6547
f 6604 6657 6546
f 6549 6683 6684
f 6549 6685 6668
f 6549 6686 6687
f 6670 6688 6549
f 6549 6689 6671
f 6549 6690 6673
f 6627 6625 6548
f 6676 6665 6548
f 6680 6677 6548
f 6548 6691 6610
f 6653 6681 6547
f 6684 6621 6549
f 6687 6685 6549
f 6688 6692 6549
f 6674 6689 6549
f 6664 6662 6548
f 6633 6679 6548
f 6616 6655 6547
f 6692 6686 6549
f 6660 6690 6549
f 6548 6693 6691
f 6643 6683 6549
f 6678 6675 6548
f 6547 6694 6693
f 6672 6669 6549
f 6682 6694 6547
f 6693 6548 6547
f 6695 6696 1012
f 6696 1255 1012
f 1012 973 6695
f 6697 1252 1254
f 1254 6696 6697
f 1254 1255 6696
f 6698 1018 1019
f 1019 6697 6698
f 1019 1252 6697
f 6698 6695 1014
f 6695 973 1014
f 1014 1018 6698
f 6695 6699 6700
f 6698 6697 6701
f 6700 6696 6695
f 6697 6702 6701
f 6696 6703 6704
f 6695 6705 6699
f 6695 6706 6707
f 6701 6708 6698
f 6700 6703 6696
f 6695 6709 6706
f 6698 6710 6711
f 6708 6712 6698
f 6697 6713 6714
f 6695 6715 6705
f 6695 6716 6709
f 6711 6717 6698
f 6714 6702 6697
f 6696 6718 6719
f 6696 6720 6721
f 6696 6722 6723
f 6696 6724 6725
f 6707 6715 6695
f 6695 6726 6727
f 6695 6728 6729
f 6698 6730 6731
f 6712 6710 6698
f 6697 6732 6733
f 6719 6734 6696
f 6723 6720 6696
f 6696 6735 6736
f 6696 6737 6738
f 6725 6739 6696
f 6704 6740 6696
f 6729 6726 6695
f 6695 6741 6742
f 6695 6743 6744
f 6695 6745 6746
f 6698 6747 6748
f 6698 6749 6750
f 6731 6751 6698
f 6733 6713 6697
f 6721 6718 6696
f 6738 6735 6696
f 6739 6752 6696
f 6727 6716 6695
f 6742 6753 6695
f 6744 6754 6695
f 6695 6755 6745
f 6695 6698 6756
f 6698 6757 6758
f 6698 6759 6760
f 6698 6761 6762
f 6698 6763 6747
f 6698 6764 6749
f 6698 6765 6766
f 6717 6730 6698
f 6697 6767 6768
f 6697 6769 6770
f 6697 6771 6772
f 6697 6773 6774
f 6697 6775 6776
f 6697 6777 6778
f 6696 6779 6780
f 6696 6781 6782
f 6736 6722 6696
f 6696 6783 6784
f 6696 6785 6786
f 6740 6724 6696
f 6695 6787 6788
f 6695 6789 6790
f 6695 6791 6792
f 6695 6793 6794
f 6754 6741 6695
f 6756 6755 6695
f 6758 6795 6698
f 6698 6796 6797
f 6698 6798 6799
f 6698 6800 6759
f 6748 6761 6698
f 6766 6764 6698
f 6768 6732 6697
f 6770 6801 6697
f 6772 6802 6697
f 6697 6803 6804
f 6697 6805 6773
f 6697 6806 6775
f 6697 6807 6777
f 6697 6808 6809
f 6696 6810 6779
f 6782 6811 6696
f 6784 6737 6696
f 6752 6785 6696
f 6695 6812 6813
f 6695 6814 6787
f 6792 6789 6695
f 6753 6793 6695
f 6795 6756 6698
f 6797 6815 6698
f 6799 6816 6698
f 6762 6800 6698
f 6698 6817 6765
f 6698 6818 6819
f 6801 6767 6697
f 6802 6820 6697
f 6804 6821 6697
f 6697 6822 6805
f 6778 6806 6697
f 6809 6823 6697
f 6811 6810 6696
f 6696 6824 6825
f 6786 6783 6696
f 6813 6826 6695
f 6790 6814 6695
f 6794 6827 6695
f 6695 6828 6829
f 6815 6757 6698
f 6816 6830 6698
f 6750 6763 6698
f 6698 6831 6818
f 6820 6769 6697
f 6697 6832 6803
f 6776 6822 6697
f 6823 6833 6697
f 6696 6834 6835
f 6825 6781 6696
f 6826 6728 6695
f 6827 6791 6695
f 6695 6836 6828
f 6830 6796 6698
f 6819 6817 6698
f 6821 6771 6697
f 6833 6807 6697
f 6780 6834 6696
f 6696 6837 6838
f 6788 6812 6695
f 6746 6836 6695
f 6751 6831 6698
f 6697 6839 6840
f 6697 6841 6808
f 6697 6696 6842
f 6838 6824 6696
f 6829 6743 6695
f 6840 6832 6697
f 6842 6841 6697
f 6734 6837 6696
f 6774 6839 6697
f 6760 6798 6698
f 6835 6843 6696
f 6843 6842 6696
f 6844 969 961
f 6845 968 969
f 969 6844 6845
f 961 949 6844
f 6846 966 968
f 968 6845 6846
f 6846 6847 970
f 6847 971 970
f 6847 1882 971
f 970 966 6846
f 6844 949 946
f 946 6848 6844
f 6845 6849 6850
f 6850 6846 6845
f 6846 6851 6852
f 6845 6853 6849
f 6845 6854 6855
f 6850 6851 6846
f 6845 6856 6854
f 6844 6857 6858
f 6845 6859 6853
f 6845 6860 6856
f 6858 6845 6844
f 6844 6848 6861
f 6846 6862 6863
f 6846 6864 6865
f 6846 6866 6867
f 6846 6868 6869
f 6855 6859 6845
f 6845 6870 6871
f 6845 6872 6873
f 6858 6874 6845
f 6848 6875 6861
f 6863 6876 6846
f 6867 6864 6846
f 6846 6877 6878
f 6846 6879 6880
f 6869 6881 6846
f 6852 6882 6846
f 6873 6870 6845
f 6845 6883 6884
f 6845 6885 6886
f 6845 6887 6888
f 6844 6889 6857
f 6844 6890 6891
f 6844 6892 6893
f 6861 6894 6844
f 6848 6895 6896
f 6847 6897 6898
f 6865 6862 6846
f 6880 6877 6846
f 6881 6899 6846
f 6871 6860 6845
f 6884 6900 6845
f 6886 6901 6845
f 6845 6902 6903
f 6874 6887 6845
f 6844 6904 6905
f 6844 6906 6907
f 6844 6908 6890
f 6893 6909 6844
f 6894 6910 6844
f 6848 6911 6895
f 6848 6912 6913
f 6848 6914 6915
f 6848 6916 6917
f 6847 6918 6919
f 6898 6920 6847
f 6846 6921 6922
f 6846 6923 6924
f 6878 6866 6846
f 6846 6925 6926
f 6846 6927 6928
f 6882 6868 6846
f 6845 6929 6930
f 6845 6931 6932
f 6845 6933 6934
f 6845 6935 6936
f 6901 6883 6845
f 6845 6937 6902
f 6905 6889 6844
f 6844 6938 6939
f 6907 6940 6844
f 6844 6941 6908
f 6844 6942 6943
f 6909 6944 6844
f 6896 6875 6848
f 6848 6945 6912
f 6848 6946 6947
f 6917 6914 6848
f 6847 6948 6918
f 6847 6949 6950
f 6920 6951 6847
f 6846 6952 6921
f 6924 6953 6846
f 6926 6879 6846
f 6899 6927 6846
f 6845 6954 6955
f 6845 6956 6929
f 6934 6931 6845
f 6900 6935 6845
f 6888 6937 6845
f 6940 6938 6844
f 6844 6957 6941
f 6844 6958 6959
f 6943 6960 6844
f 6844 6961 6962
f 6910 6892 6844
f 6848 6963 6945
f 6848 6964 6946
f 6848 6965 6966
f 6848 6967 6916
f 6967 6848 6847
f 6950 6948 6847
f 6951 6968 6847
f 6953 6952 6846
f 6846 6969 6970
f 6928 6925 6846
f 6955 6971 6845
f 6932 6956 6845
f 6936 6972 6845
f 6939 6904 6844
f 6844 6973 6974
f 6959 6957 6844
f 6960 6975 6844
f 6844 6976 6977
f 6844 6978 6979
f 6944 6961 6844
f 6947 6963 6848
f 6915 6965 6848
f 6847 6980 6981
f 6847 6982 6983
f 6847 6984 6985
f 6968 6949 6847
f 6846 6986 6987
f 6970 6923 6846
f 6971 6872 6845
f 6972 6933 6845
f 6974 6906 6844
f 6975 6958 6844
f 6844 6988 6976
f 6844 6989 6978
f 6913 6911 6848
f 6847 6981 6967
f 6985 6982 6847
f 6847 6990 6897
f 6922 6986 6846
f 6846 6991 6992
f 6930 6954 6845
f 6891 6973 6844
f 6979 6988 6844
f 6966 6964 6848
f 6919 6984 6847
f 6992 6969 6846
f 6903 6885 6845
f 6962 6989 6844
f 6847 6993 6990
f 6876 6991 6846
f 6983 6980 6847
f 6846 6994 6993
f 6977 6942 6844
f 6987 6994 6846
f 6993 6847 6846
f 6995 1872 1876
f 1876 6996 6995
f 6997 890 1868
f 1868 6995 6997
f 6997 889 890
f 1868 1872 6995
f 6998 6996 885
f 885 1885 6998
f 6996 1876 885
f 1885 1886 6998
f 6999 1884 889
f 889 6997 6999
f 6997 7000 7001
f 7001 6999 6997
f 6999 7002 7003
f 6997 7004 7000
f 6997 7005 7006
f 7001 7002 6999
f 6997 7007 7005
f 6995 7008 7009
f 7010 7011 6998
f 6997 7012 7004
f 6997 7013 7007
f 7009 6997 6995
f 6995 6996 7014
f 6998 7015 7016
f 6998 6999 7010
f 6999 7017 7018
f 6999 7019 7020
f 7006 7012 6997
f 6997 7021 7022
f 6997 7023 7024
f 7009 7025 6997
f 6996 7026 7014
f 7016 7027 6998
f 7018 7010 6999
f 6999 7028 7029
f 6999 7030 7031
f 7020 7032 6999
f 7003 7033 6999
f 7024 7021 6997
f 6997 7034 7035
f 6997 7036 7037
f 6997 7038 7039
f 6995 7040 7008
f 6995 7041 7042
f 6995 7043 7044
f 7014 7045 6995
f 6996 7046 7047
f 6996 7048 7049
f 7011 7015 6998
f 7031 7028 6999
f 7032 7050 6999
f 7022 7013 6997
f 7035 7051 6997
f 7037 7052 6997
f 6997 7053 7054
f 7025 7038 6997
f 6995 7055 7056
f 6995 7057 7058
f 6995 7059 7041
f 7044 7060 6995
f 7045 7061 6995
f 6996 7062 7046
f 6996 7063 7064
f 6996 7065 7066
f 6996 7067 7068
f 6996 7069 7070
f 7049 7071 6996
f 6998 7072 7073
f 6998 7074 7075
f 7029 7017 6999
f 6999 7076 7077
f 6999 7078 7079
f 7033 7019 6999
f 6997 7080 7081
f 6997 7082 7083
f 6997 7084 7085
f 6997 7086 7087
f 7052 7034 6997
f 6997 7088 7053
f 7056 7040 6995
f 6995 7089 7090
f 7058 7091 6995
f 6995 7092 7059
f 6995 7093 7094
f 7060 7095 6995
f 7047 7026 6996
f 6996 7096 7063
f 6996 7097 7098
f 7068 7065 6996
f 6996 7099 7069
f 6996 7100 7101
f 7071 7102 6996
f 6998 7103 7072
f 7075 7104 6998
f 7077 7030 6999
f 7050 7078 6999
f 6997 7105 7106
f 6997 7107 7080
f 7085 7082 6997
f 7051 7086 6997
f 7039 7088 6997
f 7091 7089 6995
f 6995 7108 7092
f 6995 7109 7110
f 7094 7111 6995
f 6995 7112 7113
f 7061 7043 6995
f 6996 7114 7096
f 6996 7115 7097
f 6996 7116 7117
f 6996 7118 7067
f 7101 7099 6996
f 7102 7119 6996
f 7104 7103 6998
f 6998 7120 7121
f 7079 7076 6999
f 7106 7122 6997
f 7083 7107 6997
f 7087 7123 6997
f 7090 7055 6995
f 6995 7124 7125
f 7110 7108 6995
f 7111 7126 6995
f 6995 7127 7128
f 6995 7129 7130
f 7095 7112 6995
f 7098 7114 6996
f 7066 7116 6996
f 6996 7131 7132
f 6996 7133 7134
f 6996 7135 7136
f 7119 7100 6996
f 6998 7137 7138
f 7121 7074 6998
f 7122 7023 6997
f 7123 7084 6997
f 7125 7057 6995
f 7126 7109 6995
f 6995 7139 7127
f 6995 7140 7129
f 7064 7062 6996
f 7132 7118 6996
f 7136 7133 6996
f 6996 7141 7048
f 7073 7137 6998
f 6998 7142 7143
f 7081 7105 6997
f 7042 7124 6995
f 7130 7139 6995
f 7117 7115 6996
f 7070 7135 6996
f 6996 6998 7144
f 7143 7120 6998
f 7054 7036 6997
f 7113 7140 6995
f 7144 7141 6996
f 7027 7142 6998
f 7134 7131 6996
f 7128 7093 6995
f 7138 7145 6998
f 7145 7144 6998
usemtl 191,172,172
f 7146 965 964
f 964 7147 7146
f 964 972 7147
f 7146 842 967
f 7146 841 842
f 7146 840 841
f 7146 839 840
f 7146 1686 838
f 7146 1348 1344
f 838 839 7146
f 967 965 7146
f 7146 1446 1348
f 1344 1686 7146
f 7148 1435 1446
f 1446 7146 7148
f 7148 879 1435
f 7148 880 879
f 7148 7149 876
f 7149 877 876
f 7149 997 877
f 876 880 7148
f 7150 7151 1015
f 7152 7150 1000
f 7153 7152 999
f 7154 7153 1001
f 7155 7154 993
f 7156 7155 992
f 7157 7156 1003
f 7158 7157 1002
f 7159 7158 985
f 7160 7159 984
f 7161 7160 987
f 7162 7161 986
f 7163 7162 975
f 7164 7163 974
f 7165 7164 988
f 7166 7165 990
f 7167 7166 989
f 7168 7167 1005
f 7169 7168 1004
f 7170 7169 1009
f 7171 7170 1010
f 7172 7171 1006
f 7173 7172 994
f 7174 7173 1007
f 7175 7174 1011
f 7176 7175 977
f 7177 7176 976
f 7178 7177 979
f 7179 7178 978
f 7180 7179 996
f 7181 7180 981
f 7182 7181 980
f 7183 7182 983
f 7184 7183 982
f 7185 7184 991
f 7186 7185 1008
f 7149 7186 998
f 998 997 7149
f 1008 998 7186
f 991 1008 7185
f 982 991 7184
f 983 982 7183
f 980 983 7182
f 981 980 7181
f 996 981 7180
f 978 996 7179
f 979 978 7178
f 976 979 7177
f 977 976 7176
f 1011 977 7175
f 1007 1011 7174
f 994 1007 7173
f 1006 994 7172
f 1010 1006 7171
f 1009 1010 7170
f 1004 1009 7169
f 1005 1004 7168
f 989 1005 7167
f 990 989 7166
f 988 990 7165
f 974 988 7164
f 975 974 7163
f 986 975 7162
f 987 986 7161
f 984 987 7160
f 985 984 7159
f 1002 985 7158
f 1003 1002 7157
f 992 1003 7156
f 993 992 7155
f 1001 993 7154
f 999 1001 7153
f 1000 999 7152
f 1015 1000 7150
f 7151 1017 1016
f 7151 1020 1017
f 7151 1024 1020
f 7151 7187 1026
f 1026 1024 7151
f 7187 1027 1026
f 7187 1036 1027
f 7187 1041 1036
f 7187 1046 1041
f 1016 1015 7151
f 7188 7189 1880
f 7190 7188 1081
f 7191 7190 1080
f 7192 7191 1082
f 7193 7192 1084
f 7194 7193 1083
f 7195 7194 1079
f 7196 7195 1073
f 7197 7196 1072
f 7198 7197 1067
f 7199 7198 1066
f 7200 7199 1065
f 7201 7200 1070
f 7202 7201 1069
f 7203 7202 1068
f 7204 7203 1071
f 7205 7204 1075
f 7206 7205 1074
f 7207 7206 1076
f 7208 7207 1078
f 7209 7208 1063
f 7210 7209 1059
f 7211 7210 1058
f 7212 7211 1054
f 7213 7212 1053
f 7214 7213 1056
f 7215 7214 1055
f 7216 7215 1061
f 7217 7216 1060
f 7218 7217 1050
f 7219 7218 1049
f 7220 7219 1052
f 7221 7220 1051
f 7222 7221 1057
f 7223 7222 1047
f 7224 7223 1045
f 7187 7224 1044
f 1044 1046 7187
f 1045 1044 7224
f 1047 1045 7223
f 1057 1047 7222
f 1051 1057 7221
f 1052 1051 7220
f 1049 1052 7219
f 1050 1049 7218
f 1060 1050 7217
f 1061 1060 7216
f 1055 1061 7215
f 1056 1055 7214
f 1053 1056 7213
f 1054 1053 7212
f 1058 1054 7211
f 1059 1058 7210
f 1063 1059 7209
f 1078 1063 7208
f 1076 1078 7207
f 1074 1076 7206
f 1075 1074 7205
f 1071 1075 7204
f 1068 1071 7203
f 1069 1068 7202
f 1070 1069 7201
f 1065 1070 7200
f 1066 1065 7199
f 1067 1066 7198
f 1072 1067 7197
f 1073 1072 7196
f 1079 1073 7195
f 1083 1079 7194
f 1084 1083 7193
f 1082 1084 7192
f 1080 1082 7191
f 1081 1080 7190
f 1880 1081 7188
f 7189 7225 873
f 7225 623 873
f 7225 624 623
f 873 1880 7189
f 7225 627 626
f 626 625 7225
f 625 624 7225
f 7225 628 627
f 7225 629 628
f 7225 630 629
f 7225 631 630
f 7225 632 631
f 7226 633 632
f 632 7225 7226
f 7226 634 633
f 7226 635 634
f 7226 636 635
f 7226 637 636
f 7226 886 1875
f 7227 887 886
f 886 7226 7227
f 1875 637 7226
f 7147 972 6847
f 6847 7228 7147
f 972 1882 6847
f 7228 7229 7147
f 7227 7230 6998
f 7227 7231 7230
f 6998 887 7227
f 6998 1886 887
usemtl 51,51,51
f 7232 1089 1090
f 1090 7233 7232
f 7234 7235 7232
f 7232 7233 7234
f 7234 1086 1879
f 7234 7233 1087
f 1087 1086 7234
f 7233 1088 1087
f 7233 1090 1088
f 1879 1096 7234
f 7234 1096 1095
f 1095 7235 7234
f 7232 1092 1091
f 7235 1093 1092
f 1092 7232 7235
f 7235 1094 1093
f 7235 1095 1094
f 1091 1089 7232
f 7236 1099 1878
f 7236 7237 1100
f 1100 1099 7236
f 7237 1101 1100
f 7237 1102 1101
f 7237 1103 1102
f 7237 1104 1103
f 1878 1315 7236
f 7238 7239 7237
f 7237 7236 7238
f 7238 7236 1098
f 1098 1097 7238
f 7236 1317 1098
f 7236 1313 1317
f 7236 1315 1313
f 1097 1280 7238
f 7239 1259 1258
f 7239 1261 1259
f 7239 1266 1261
f 7238 1271 1266
f 1266 7239 7238
f 7238 1276 1271
f 7238 1280 1276
f 1258 1256 7239
f 7237 1250 1207
f 7237 1251 1250
f 7239 1253 1251
f 1251 7237 7239
f 7239 1256 1253
f 1207 1104 7237
usemtl 168,155,136
f 7240 7241 1281
f 7241 1316 1281
f 7241 1314 1316
f 1281 1304 7240
f 7242 7241 7240
f 7240 7243 7242
f 7240 1304 1305
f 1305 7243 7240
f 7242 1306 1309
f 7243 1305 1306
f 1306 7242 7243
f 1309 1312 7242
f 1314 7241 7242
f 7242 1312 1314
usemtl 51,51,51
f 7244 1291 1327
f 7244 1293 1291
f 7245 1297 1293
f 1293 7244 7245
f 7245 1301 1297
f 7245 1307 1301
f 1327 1290 7244
f 7244 7246 7247
f 7247 7245 7244
f 7246 1283 1282
f 7244 1285 1283
f 1283 7246 7244
f 7244 1287 1285
f 7244 1290 1287
f 1282 1325 7246
f 7247 1321 1320
f 7247 7246 1322
f 1322 1321 7247
f 7246 1323 1322
f 7246 1324 1323
f 7246 1325 1324
f 1320 1318 7247
f 7245 1310 1308
f 7245 7247 1311
f 1311 1310 7245
f 7247 1319 1311
f 7247 1318 1319
f 1308 1307 7245
usemtl 209,209,209
f 7248 7249 5517
f 5517 5516 7248
f 7249 7248 7250
f 7251 7250 7252
f 7253 7252 7254
f 7255 7254 7256
f 7257 7256 7258
f 7259 7258 7260
f 7261 7260 7262
f 7263 7262 7264
f 7265 7264 7266
f 7267 7266 7268
f 7269 7268 7270
f 7271 7270 7272
f 7273 7272 7274
f 7275 7274 7276
f 7277 7276 7278
f 7279 7278 7280
f 7281 7280 7282
f 7283 7282 7284
f 7285 7284 7286
f 7287 7286 7288
f 7289 7288 7290
f 7291 7290 7292
f 7293 7292 7294
f 7295 7294 7296
f 7297 7296 7298
f 7299 7298 7300
f 7301 7300 7302
f 7303 7302 7304
f 7305 7304 7306
f 7307 7306 7308
f 7309 7308 7310
f 7310 7311 7309
f 7308 7309 7307
f 7306 7307 7305
f 7304 7305 7303
f 7302 7303 7301
f 7300 7301 7299
f 7298 7299 7297
f 7296 7297 7295
f 7294 7295 7293
f 7292 7293 7291
f 7290 7291 7289
f 7288 7289 7287
f 7286 7287 7285
f 7284 7285 7283
f 7282 7283 7281
f 7280 7281 7279
f 7278 7279 7277
f 7276 7277 7275
f 7274 7275 7273
f 7272 7273 7271
f 7270 7271 7269
f 7268 7269 7267
f 7266 7267 7265
f 7264 7265 7263
f 7262 7263 7261
f 7260 7261 7259
f 7258 7259 7257
f 7256 7257 7255
f 7254 7255 7253
f 7252 7253 7251
f 7250 7251 7249
f 7312 7313 7311
f 7311 7310 7312
f 7314 7313 7312
f 7315 7314 7316
f 7317 7315 7318
f 7319 7317 7320
f 7321 7319 7322
f 7323 7321 7324
f 7325 7323 7326
f 7327 7325 7328
f 7329 7327 7330
f 7331 7329 7332
f 7333 7331 7334
f 7335 7333 7336
f 7337 7335 7338
f 7339 7337 7340
f 7341 7339 7342
f 7343 7341 7344
f 7345 7343 7346
f 7347 7345 7348
f 7349 7347 7350
f 7351 7349 7352
f 7353 7351 7354
f 7355 7353 7356
f 7357 7355 7358
f 7359 7357 7360
f 7361 7359 7362
f 7363 7361 7364
f 7365 7363 7366
f 7367 7365 7368
f 7369 7367 7370
f 7371 7369 7372
f 1332 7371 7373
f 7373 1331 1332
f 7372 7373 7371
f 7370 7372 7369
f 7368 7370 7367
f 7366 7368 7365
f 7364 7366 7363
f 7362 7364 7361
f 7360 7362 7359
f 7358 7360 7357
f 7356 7358 7355
f 7354 7356 7353
f 7352 7354 7351
f 7350 7352 7349
f 7348 7350 7347
f 7346 7348 7345
f 7344 7346 7343
f 7342 7344 7341
f 7340 7342 7339
f 7338 7340 7337
f 7336 7338 7335
f 7334 7336 7333
f 7332 7334 7331
f 7330 7332 7329
f 7328 7330 7327
f 7326 7328 7325
f 7324 7326 7323
f 7322 7324 7321
f 7320 7322 7319
f 7318 7320 7317
f 7316 7318 7315
f 7312 7316 7314
f 1328 1329 7374
f 7375 7374 7376
f 7377 7376 7378
f 7379 7378 7380
f 7381 7380 7382
f 7383 7382 7384
f 7385 7384 7386
f 7387 7386 7388
f 7389 7388 7390
f 7391 7390 7392
f 7393 7392 7394
f 7395 7394 7396
f 7396 7397 7395
f 7394 7395 7393
f 7392 7393 7391
f 7390 7391 7389
f 7388 7389 7387
f 7386 7387 7385
f 7384 7385 7383
f 7382 7383 7381
f 7380 7381 7379
f 7378 7379 7377
f 7376 7377 7375
f 7374 7375 1328
f 7398 7396 7312
f 7308 7399 7398
f 7398 7310 7308
f 7394 7316 7312
f 7374 7336 7334
f 1329 7338 7336
f 1330 7360 7358
f 7272 7400 7401
f 7272 7270 7402
f 7312 7396 7394
f 7392 7318 7316
f 7336 7374 1329
f 1329 7342 7340
f 1329 7352 7350
f 1329 7358 7356
f 1330 7362 7360
f 1330 7366 7364
f 7282 7403 7404
f 7282 7280 7405
f 7274 7401 7406
f 7402 7400 7272
f 7258 7407 7408
f 7258 7256 7409
f 7256 7254 7410
f 7254 7252 7411
f 7316 7394 7392
f 7390 7320 7318
f 7388 7322 7320
f 7386 7324 7322
f 7376 7334 7332
f 7340 7338 1329
f 1329 7354 7352
f 7358 1329 1330
f 1330 7368 7366
f 1330 7372 7370
f 7284 7404 7412
f 7405 7403 7282
f 7276 7406 7413
f 7401 7274 7272
f 7264 7262 7414
f 7260 7408 7414
f 7409 7407 7258
f 7411 7410 7254
f 834 5422 5420
f 7318 7392 7390
f 7322 7388 7386
f 7384 7326 7324
f 7382 7328 7326
f 7380 7330 7328
f 7378 7332 7330
f 7334 7376 7374
f 1329 7346 7344
f 7356 7354 1329
f 7370 7368 1330
f 1330 1331 7373
f 7404 7284 7282
f 7280 7278 7413
f 7406 7276 7274
f 7270 7268 7415
f 7266 7416 7415
f 7266 7264 7417
f 7414 7262 7260
f 7410 7409 7256
f 7248 5516 5546
f 5516 5514 5548
f 5490 5572 5570
f 5488 5574 5572
f 834 5396 5394
f 5420 5418 834
f 7320 7390 7388
f 7326 7384 7382
f 7306 7418 7399
f 7306 7304 7419
f 7330 7380 7378
f 7344 7342 1329
f 7350 7348 1329
f 7373 7372 1330
f 7364 7362 1330
f 7300 7420 7421
f 7300 7298 7422
f 7290 7423 7424
f 7290 7288 7425
f 7413 7405 7280
f 7415 7402 7270
f 7417 7416 7266
f 7408 7260 7258
f 7248 7426 7427
f 5548 5546 5516
f 5510 5552 5550
f 5508 5554 5552
f 5506 5556 5554
f 5506 5504 5558
f 5572 5490 5488
f 5488 5486 5576
f 5484 5578 5576
f 5484 5482 5580
f 5478 5584 5582
f 5478 5476 5586
f 834 5398 5396
f 834 5402 5400
f 834 5410 5408
f 834 5414 5412
f 5418 5416 834
f 5454 5543 5605
f 5453 5519 5543
f 7324 7386 7384
f 7419 7418 7306
f 7332 7378 7376
f 7422 7420 7300
f 7298 7296 7428
f 7425 7423 7290
f 7288 7286 7412
f 7413 7278 7276
f 7414 7417 7264
f 7250 7427 7411
f 5546 7426 7248
f 5552 5510 5508
f 5558 5556 5506
f 5504 5502 5560
f 5502 5500 5562
f 5498 5564 5562
f 5498 5496 5566
f 5494 5568 5566
f 5494 5492 5570
f 5576 5574 5488
f 5580 5578 5484
f 5480 5582 5580
f 5586 5584 5478
f 5400 5398 834
f 834 5406 5404
f 5412 5410 834
f 834 5424 5422
f 5532 5530 5442
f 5530 5528 5444
f 5520 5519 5453
f 5543 5454 5453
f 7399 7308 7306
f 7348 7346 1329
f 7302 7421 7419
f 7428 7422 7298
f 7294 7429 7428
f 7294 7292 7424
f 7412 7425 7288
f 7415 7268 7266
f 7427 7250 7248
f 5514 5512 5550
f 5554 5508 5506
f 5562 5560 5502
f 5566 5564 5498
f 5570 5568 5494
f 5576 5486 5484
f 5582 5480 5478
f 5466 5596 5594
f 5466 5464 5598
f 5462 5600 5598
f 5462 5460 5602
f 5404 5402 834
f 5416 5414 834
f 834 5428 5426
f 834 5540 5432
f 5540 5538 5434
f 5538 5536 5436
f 5536 5534 5438
f 5534 5532 5440
f 5444 5442 5530
f 5526 5524 5448
f 5524 5522 5450
f 5522 5520 5452
f 5605 5456 5454
f 7328 7382 7380
f 7421 7302 7300
f 7424 7429 7294
f 7412 7286 7284
f 5550 5548 5514
f 5560 5558 5504
f 5566 5496 5494
f 5580 5482 5480
f 5474 5472 5590
f 5472 5470 5592
f 5598 5596 5466
f 5602 5600 5462
f 5408 5406 834
f 834 5430 5428
f 5434 5432 5540
f 5438 5436 5536
f 5442 5440 5532
f 5528 5526 5446
f 5450 5448 5524
f 5453 5452 5520
f 7419 7304 7302
f 7424 7292 7290
f 5550 5512 5510
f 5570 5492 5490
f 5474 5588 5586
f 5592 5590 5472
f 5468 5594 5592
f 5598 5464 5462
f 5426 5424 834
f 5436 5434 5538
f 5446 5444 5528
f 5452 5450 5522
f 7428 7296 7294
f 5562 5500 5498
f 5590 5588 5474
f 5594 5468 5466
f 5458 5604 5602
f 5458 5456 5605
f 5432 5430 834
f 5448 5446 5526
f 7411 7252 7250
f 5592 5470 5468
f 5605 5604 5458
f 5440 5438 5534
f 5586 5476 5474
f 5394 836 834
f 5602 5460 5458
f 7312 7310 7398
f 7309 7311 7430
f 7430 7311 7313
f 7273 7431 7432
f 7273 7275 7433
f 1333 1328 7355
f 1328 7375 7333
f 7375 7377 7331
f 7395 7397 7313
f 7313 7397 7430
f 7255 7434 7435
f 7257 7436 7434
f 7259 7437 7436
f 7259 7261 7438
f 7433 7431 7273
f 7275 7277 7439
f 7283 7440 7441
f 7283 7285 7442
f 1333 7369 7371
f 7355 7357 1333
f 1328 7351 7353
f 1328 7345 7347
f 1328 7335 7337
f 7331 7333 7375
f 7393 7395 7314
f 7430 7443 7309
f 7434 7255 7257
f 7438 7437 7259
f 7261 7263 7444
f 7265 7445 7444
f 7439 7433 7275
f 7277 7279 7446
f 7442 7440 7283
f 7285 7287 7447
f 1333 7367 7369
f 1333 7359 7361
f 7353 7355 1328
f 7347 7349 1328
f 7333 7335 1328
f 7377 7379 7329
f 7387 7389 7319
f 7389 7391 7317
f 7391 7393 7315
f 7313 7314 7395
f 835 5415 5417
f 5489 5491 5569
f 5491 5493 5567
f 5517 5545 5544
f 7448 5545 5517
f 7436 7257 7259
f 7444 7263 7265
f 7267 7449 7445
f 7267 7269 7450
f 7271 7432 7450
f 7446 7439 7277
f 7281 7441 7446
f 7447 7442 7285
f 1333 7365 7367
f 7361 7363 1333
f 7349 7351 1328
f 1328 7339 7341
f 7329 7331 7377
f 7379 7381 7327
f 7381 7383 7325
f 7383 7385 7323
f 7385 7387 7321
f 7317 7319 7389
f 7314 7315 7393
f 5542 5518 5451
f 5521 5449 5451
f 835 5413 5415
f 835 5392 5393
f 5479 5581 5583
f 5479 5481 5579
f 5485 5575 5577
f 5485 5487 5573
f 5489 5571 5573
f 5567 5569 5491
f 5507 5553 5555
f 5507 5509 5551
f 5509 5511 5549
f 5511 5513 5547
f 5517 7249 7448
f 7249 7251 7451
f 7444 7438 7261
f 7450 7449 7267
f 7432 7271 7273
f 7441 7281 7283
f 7291 7452 7453
f 7291 7293 7454
f 7301 7455 7456
f 7301 7303 7457
f 7363 7365 1333
f 1328 7343 7345
f 7337 7339 1328
f 7325 7327 7381
f 7307 7458 7459
f 7307 7309 7443
f 7321 7323 7385
f 7315 7317 7391
f 5451 5518 5521
f 5457 5603 5542
f 835 5411 5413
f 835 5407 5409
f 835 5403 5405
f 835 5395 5397
f 835 837 5392
f 5393 5395 835
f 5579 5581 5479
f 5481 5483 5577
f 5573 5575 5485
f 5569 5571 5489
f 5495 5565 5567
f 5495 5497 5563
f 5499 5561 5563
f 5499 5501 5559
f 5503 5557 5559
f 5505 5555 5557
f 5551 5553 5507
f 5547 5549 5511
f 7451 7448 7249
f 7251 7253 7435
f 7445 7265 7267
f 7446 7279 7281
f 7289 7453 7447
f 7454 7452 7291
f 7299 7456 7460
f 7457 7455 7301
f 7357 7359 1333
f 7327 7329 7379
f 7443 7458 7307
f 7319 7321 7387
f 5542 5455 5457
f 5523 5447 5449
f 5459 5601 5603
f 5459 5461 5599
f 5531 5439 5441
f 5533 5437 5439
f 5417 5419 835
f 5405 5407 835
f 835 5399 5401
f 5463 5597 5599
f 5463 5465 5595
f 5467 5593 5595
f 5467 5469 5591
f 5577 5579 5481
f 5573 5487 5489
f 5563 5565 5495
f 5559 5561 5499
f 5557 5503 5505
f 5549 5551 5509
f 5515 5544 5547
f 7435 7451 7251
f 7450 7269 7271
f 7453 7289 7291
f 7295 7461 7454
f 7295 7297 7460
f 7456 7299 7301
f 7303 7305 7459
f 7341 7343 1328
f 7323 7325 7383
f 5449 5521 5523
f 5599 5601 5459
f 5525 5445 5447
f 5527 5443 5445
f 5439 5531 5533
f 5535 5435 5437
f 5537 5433 5435
f 5539 5431 5433
f 5541 5429 5431
f 835 5427 5429
f 835 5421 5423
f 5409 5411 835
f 5397 5399 835
f 5595 5597 5463
f 5591 5593 5467
f 5473 5587 5589
f 5475 5585 5587
f 5577 5483 5485
f 5563 5497 5499
f 5555 5505 5507
f 5544 5515 5517
f 7447 7287 7289
f 7460 7461 7295
f 7459 7457 7303
f 7459 7305 7307
f 5603 5457 5459
f 5445 5525 5527
f 5529 5441 5443
f 5437 5533 5535
f 5433 5537 5539
f 5429 5541 835
f 5423 5425 835
f 5401 5403 835
f 5595 5465 5467
f 5469 5471 5589
f 5587 5473 5475
f 5475 5477 5583
f 5567 5493 5495
f 5547 5513 5515
f 7454 7293 7295
f 7371 1332 1333
f 5447 5523 5525
f 5441 5529 5531
f 5431 5539 5541
f 5419 5421 835
f 5589 5591 5469
f 5583 5585 5475
f 5559 5501 5503
f 7460 7297 7299
f 5443 5527 5529
f 5425 5427 835
f 5589 5471 5473
f 7435 7253 7255
f 5435 5535 5537
f 5583 5477 5479
f 5599 5461 5463
f 5451 5455 5542
f 7398 7430 7397
f 7397 7396 7398
f 7443 7430 7398
f 7458 7443 7399
f 7459 7458 7418
f 7457 7459 7419
f 7455 7457 7421
f 7456 7455 7420
f 7460 7456 7422
f 7461 7460 7428
f 7454 7461 7429
f 7452 7454 7424
f 7453 7452 7423
f 7447 7453 7425
f 7442 7447 7412
f 7440 7442 7404
f 7441 7440 7403
f 7446 7441 7405
f 7439 7446 7413
f 7433 7439 7406
f 7431 7433 7401
f 7432 7431 7400
f 7450 7432 7402
f 7449 7450 7415
f 7445 7449 7416
f 7444 7445 7417
f 7438 7444 7414
f 7437 7438 7408
f 7436 7437 7407
f 7434 7436 7409
f 7435 7434 7410
f 7451 7435 7411
f 7448 7451 7427
f 7427 7426 7448
f 7411 7427 7451
f 7410 7411 7435
f 7409 7410 7434
f 7407 7409 7436
f 7408 7407 7437
f 7414 7408 7438
f 7417 7414 7444
f 7416 7417 7445
f 7415 7416 7449
f 7402 7415 7450
f 7400 7402 7432
f 7401 7400 7431
f 7406 7401 7433
f 7413 7406 7439
f 7405 7413 7446
f 7403 7405 7441
f 7404 7403 7440
f 7412 7404 7442
f 7425 7412 7447
f 7423 7425 7453
f 7424 7423 7452
f 7429 7424 7454
f 7428 7429 7461
f 7422 7428 7460
f 7420 7422 7456
f 7421 7420 7455
f 7419 7421 7457
f 7418 7419 7459
f 7399 7418 7458
f 7398 7399 7443
f 5546 5545 7448
f 7448 7426 5546
f 7462 7463 4003
f 4003 4002 7462
f 7463 7462 7464
f 7465 7464 7466
f 7467 7466 7468
f 7469 7468 7470
f 7471 7470 7472
f 7473 7472 7474
f 7475 7474 7476
f 7477 7476 7478
f 7479 7478 7480
f 7481 7480 7482
f 7483 7482 7484
f 7485 7484 7486
f 7487 7486 7488
f 7489 7488 7490
f 7491 7490 7492
f 7493 7492 7494
f 7495 7494 7496
f 7497 7496 7498
f 7499 7498 7500
f 7501 7500 7502
f 7503 7502 7504
f 7505 7504 7506
f 7507 7506 7508
f 7509 7508 7510
f 7511 7510 7512
f 7513 7512 7514
f 7515 7514 7516
f 7517 7516 7518
f 7519 7518 7520
f 7521 7520 7522
f 7523 7522 7524
f 7524 7525 7523
f 7522 7523 7521
f 7520 7521 7519
f 7518 7519 7517
f 7516 7517 7515
f 7514 7515 7513
f 7512 7513 7511
f 7510 7511 7509
f 7508 7509 7507
f 7506 7507 7505
f 7504 7505 7503
f 7502 7503 7501
f 7500 7501 7499
f 7498 7499 7497
f 7496 7497 7495
f 7494 7495 7493
f 7492 7493 7491
f 7490 7491 7489
f 7488 7489 7487
f 7486 7487 7485
f 7484 7485 7483
f 7482 7483 7481
f 7480 7481 7479
f 7478 7479 7477
f 7476 7477 7475
f 7474 7475 7473
f 7472 7473 7471
f 7470 7471 7469
f 7468 7469 7467
f 7466 7467 7465
f 7464 7465 7463
f 7526 7527 7525
f 7525 7524 7526
f 7528 7527 7526
f 7529 7528 7530
f 7531 7529 7532
f 7533 7531 7534
f 7535 7533 7536
f 7537 7535 7538
f 7539 7537 7540
f 7541 7539 7542
f 7543 7541 7544
f 7545 7543 7546
f 7547 7545 7548
f 7549 7547 7550
f 7551 7549 7552
f 7553 7551 7554
f 7555 7553 7556
f 7557 7555 7558
f 7559 7557 7560
f 7561 7559 7562
f 7563 7561 7564
f 7565 7563 7566
f 7567 7565 7568
f 7569 7567 7570
f 7571 7569 7572
f 7573 7571 7574
f 7575 7573 7576
f 7577 7575 7578
f 7579 7577 7580
f 7581 7579 7582
f 7583 7581 7584
f 7585 7583 7586
f 819 7585 7587
f 7587 821 819
f 7586 7587 7585
f 7584 7586 7583
f 7582 7584 7581
f 7580 7582 7579
f 7578 7580 7577
f 7576 7578 7575
f 7574 7576 7573
f 7572 7574 7571
f 7570 7572 7569
f 7568 7570 7567
f 7566 7568 7565
f 7564 7566 7563
f 7562 7564 7561
f 7560 7562 7559
f 7558 7560 7557
f 7556 7558 7555
f 7554 7556 7553
f 7552 7554 7551
f 7550 7552 7549
f 7548 7550 7547
f 7546 7548 7545
f 7544 7546 7543
f 7542 7544 7541
f 7540 7542 7539
f 7538 7540 7537
f 7536 7538 7535
f 7534 7536 7533
f 7532 7534 7531
f 7530 7532 7529
f 7526 7530 7528
f 818 820 7588
f 7589 7588 7590
f 7591 7590 7592
f 7593 7592 7594
f 7595 7594 7596
f 7597 7596 7598
f 7599 7598 7600
f 7601 7600 7602
f 7603 7602 7604
f 7605 7604 7606
f 7607 7606 7608
f 7609 7608 7610
f 7611 7610 7612
f 7613 7612 7614
f 7614 7615 7613
f 7612 7613 7611
f 7610 7611 7609
f 7608 7609 7607
f 7606 7607 7605
f 7604 7605 7603
f 7602 7603 7601
f 7600 7601 7599
f 7598 7599 7597
f 7596 7597 7595
f 7594 7595 7593
f 7592 7593 7591
f 7590 7591 7589
f 7588 7589 818
f 7608 7534 7532
f 7606 7536 7534
f 820 7556 7554
f 7534 7608 7606
f 7604 7538 7536
f 7602 7540 7538
f 7600 7542 7540
f 7592 7550 7548
f 7590 7552 7550
f 7588 7554 7552
f 820 7558 7556
f 820 7568 7566
f 7536 7606 7604
f 7540 7602 7600
f 7598 7544 7542
f 7596 7546 7544
f 7550 7592 7590
f 7554 7588 820
f 820 7562 7560
f 7566 7564 820
f 7510 7616 7617
f 7510 7508 7618
f 7610 7532 7530
f 7538 7604 7602
f 7544 7598 7596
f 7594 7548 7546
f 7552 7590 7588
f 7564 7562 820
f 820 7584 7582
f 820 821 7587
f 7518 7619 7620
f 7516 7621 7619
f 7618 7616 7510
f 7506 7622 7618
f 7504 7623 7622
f 7504 7502 7624
f 7532 7610 7608
f 7546 7596 7594
f 7560 7558 820
f 820 7572 7570
f 820 7576 7574
f 7582 7580 820
f 7587 7586 820
f 7586 7584 820
f 7522 7520 7620
f 7619 7518 7516
f 7514 7625 7621
f 7514 7512 7617
f 7618 7508 7506
f 7624 7623 7504
f 7500 7626 7624
f 7500 7498 7627
f 4036 7628 7462
f 4002 4000 4038
f 7629 7614 7526
f 7524 7522 7630
f 7542 7600 7598
f 7570 7568 820
f 820 7578 7576
f 7620 7520 7518
f 7617 7625 7514
f 7622 7506 7504
f 7627 7626 7500
f 7496 7631 7627
f 7496 7494 7632
f 7494 7492 7633
f 7492 7490 7634
f 7474 7635 7636
f 7474 7472 7637
f 7472 7470 7638
f 7470 7468 7639
f 7462 7628 7640
f 4038 4036 4002
f 3988 4050 4048
f 3988 3986 4052
f 7630 7629 7524
f 7612 7530 7526
f 7548 7594 7592
f 7580 7578 820
f 7621 7516 7514
f 7624 7502 7500
f 7632 7631 7496
f 7634 7633 7492
f 7637 7635 7474
f 7639 7638 7470
f 7464 7640 7641
f 7462 4002 4036
f 3994 3992 4046
f 3992 3990 4048
f 4052 4050 3988
f 3986 3984 4054
f 3984 3982 4056
f 3982 3980 4058
f 1275 3882 3880
f 4028 4026 3918
f 4026 4024 3920
f 7526 7614 7612
f 7574 7572 820
f 7617 7512 7510
f 7633 7632 7494
f 7488 7642 7634
f 7488 7486 7643
f 7638 7637 7472
f 7468 7466 7641
f 7640 7464 7462
f 4000 3998 4040
f 3994 4044 4042
f 4048 4046 3992
f 4054 4052 3986
f 4058 4056 3982
f 3978 4060 4058
f 3978 3976 4062
f 1275 3884 3882
f 1275 4030 3914
f 3920 3918 4026
f 4024 4022 3922
f 7530 7612 7610
f 7627 7498 7496
f 7643 7642 7488
f 7486 7484 7644
f 7482 7645 7644
f 7480 7646 7645
f 7480 7478 7647
f 7478 7476 7636
f 7641 7639 7468
f 4040 4038 4000
f 3996 4042 4040
f 4046 4044 3994
f 4056 4054 3984
f 4062 4060 3978
f 3974 4064 4062
f 3974 3972 4066
f 3970 4068 4066
f 3970 3968 4070
f 1275 3886 3884
f 1275 3890 3888
f 1275 3896 3894
f 3914 3912 1275
f 4030 4028 3916
f 3922 3920 4024
f 4022 4020 3924
f 4020 4018 3926
f 4018 4016 3928
f 7620 7630 7522
f 7644 7643 7486
f 7645 7482 7480
f 7636 7647 7478
f 7641 7466 7464
f 4042 3996 3994
f 4058 3980 3978
f 4066 4064 3974
f 4070 4068 3970
f 3968 3966 4072
f 3954 4084 4082
f 3954 3952 4086
f 3952 3950 4088
f 3950 3948 4090
f 3888 3886 1275
f 3894 3892 1275
f 1275 3902 3900
f 3916 3914 4030
f 3924 3922 4022
f 3928 3926 4018
f 4016 4014 3930
f 4014 4012 3932
f 4012 4010 3934
f 4010 4008 3936
f 4008 4006 3938
f 7634 7490 7488
f 7647 7646 7480
f 4040 3998 3996
f 4062 3976 3974
f 4072 4070 3968
f 3966 3964 4074
f 3962 4076 4074
f 3962 3960 4078
f 3958 4080 4078
f 3956 4082 4080
f 4086 4084 3954
f 4090 4088 3950
f 3892 3890 1275
f 3900 3898 1275
f 1275 3906 3904
f 1275 3910 3908
f 3918 3916 4028
f 3930 3928 4016
f 3934 3932 4012
f 3938 3936 4008
f 4006 4005 3939
f 3939 4005 4033
f 7644 7484 7482
f 4048 3990 3988
f 4074 4072 3966
f 4078 4076 3962
f 4080 3958 3956
f 4088 4086 3952
f 3946 4092 4090
f 3946 3944 4094
f 3898 3896 1275
f 3908 3906 1275
f 3926 3924 4020
f 3936 3934 4010
f 3942 3941 4033
f 4033 3941 3939
f 7636 7476 7474
f 4074 3964 3962
f 4082 3956 3954
f 4094 4092 3946
f 3904 3902 1275
f 3932 3930 4014
f 3942 4095 4094
f 3939 3938 4006
f 4066 3972 3970
f 4090 3948 3946
f 3912 3910 1275
f 4033 4095 3942
f 4078 3960 3958
f 4094 3944 3942
f 3880 1279 1275
f 7526 7524 7629
f 818 7561 7563
f 818 7589 7551
f 7613 7615 7527
f 7527 7615 7648
f 818 7559 7561
f 818 7555 7557
f 7551 7553 818
f 7589 7591 7549
f 7607 7609 7531
f 7609 7611 7529
f 7511 7649 7650
f 7511 7513 7651
f 7525 7648 7652
f 7648 7525 7527
f 818 7583 7585
f 818 7577 7579
f 7557 7559 818
f 7549 7551 7589
f 7591 7593 7547
f 7593 7595 7545
f 7601 7603 7537
f 7603 7605 7535
f 7605 7607 7533
f 7529 7531 7609
f 7505 7653 7654
f 7505 7507 7655
f 7507 7509 7650
f 7651 7649 7511
f 7517 7519 7656
f 7519 7521 7657
f 7523 7652 7657
f 7527 7528 7613
f 4003 4035 4034
f 4035 4003 7463
f 818 7581 7583
f 818 7575 7577
f 818 7569 7571
f 7553 7555 818
f 7545 7547 7593
f 7595 7597 7543
f 7597 7599 7541
f 7535 7537 7603
f 7531 7533 7607
f 7501 7658 7659
f 7501 7503 7654
f 7655 7653 7505
f 7650 7509 7511
f 7515 7660 7651
f 7515 7517 7661
f 7657 7656 7519
f 7652 7523 7525
f 3989 4047 4049
f 3989 3991 4045
f 7463 7662 4035
f 7463 7465 7663
f 7471 7664 7665
f 7473 7666 7664
f 7475 7667 7666
f 7475 7477 7668
f 7579 7581 818
f 7571 7573 818
f 818 7565 7567
f 7547 7549 7591
f 7541 7543 7597
f 7599 7601 7539
f 7533 7535 7605
f 7611 7613 7528
f 7493 7669 7670
f 7495 7671 7669
f 7497 7672 7671
f 7497 7499 7659
f 7654 7658 7501
f 7650 7655 7507
f 7661 7660 7515
f 7657 7521 7523
f 4027 3915 3917
f 4029 3913 3915
f 1277 1278 3878
f 3983 4053 4055
f 3985 4051 4053
f 3987 4049 4051
f 4045 4047 3989
f 3993 4043 4045
f 3995 4041 4043
f 7663 7662 7463
f 7465 7467 7673
f 7664 7471 7473
f 7668 7667 7475
f 7573 7575 818
f 7563 7565 818
f 7539 7541 7599
f 7528 7529 7611
f 7669 7493 7495
f 7659 7672 7497
f 7654 7503 7505
f 7656 7661 7517
f 4025 3917 3919
f 3915 4027 4029
f 1277 3909 3911
f 3878 3879 1277
f 3879 3881 1277
f 3979 4057 4059
f 3979 3981 4055
f 4053 3983 3985
f 4049 3987 3989
f 4043 3993 3995
f 3995 3997 4039
f 4001 4034 4037
f 7673 7663 7465
f 7469 7665 7673
f 7666 7473 7475
f 7489 7674 7675
f 7489 7491 7670
f 7567 7569 818
f 7537 7539 7601
f 7671 7495 7497
f 7651 7513 7515
f 4019 3923 3925
f 4021 3921 3923
f 4023 3919 3921
f 3917 4025 4027
f 4031 3911 3913
f 1277 3907 3909
f 1277 3889 3891
f 1277 3883 3885
f 3971 4065 4067
f 3971 3973 4063
f 3975 4061 4063
f 3975 3977 4059
f 4055 4057 3979
f 4051 3985 3987
f 4039 4041 3995
f 3997 3999 4037
f 4034 4001 4003
f 7665 7469 7471
f 7479 7676 7668
f 7481 7677 7676
f 7481 7483 7678
f 7483 7485 7679
f 7487 7675 7679
f 7670 7674 7489
f 7543 7545 7595
f 7659 7499 7501
f 4009 3933 3935
f 4011 3931 3933
f 4013 3929 3931
f 4015 3927 3929
f 4017 3925 3927
f 3923 4019 4021
f 3919 4023 4025
f 3911 4031 1277
f 1277 3895 3897
f 1277 3887 3889
f 3881 3883 1277
f 3951 4085 4087
f 3953 4083 4085
f 3955 4081 4083
f 3955 3957 4079
f 3969 4067 4069
f 4063 4065 3971
f 4059 4061 3975
f 4055 3981 3983
f 4037 4039 3997
f 7673 7467 7469
f 7676 7479 7481
f 7679 7678 7483
f 7675 7487 7489
f 7670 7491 7493
f 3940 4032 4004
f 3940 3943 4093
f 3933 4009 4011
f 3929 4013 4015
f 3925 4017 4019
f 3913 4029 4031
f 1277 3903 3905
f 1277 3899 3901
f 1277 3893 3895
f 3885 3887 1277
f 4085 3951 3953
f 4079 4081 3955
f 3957 3959 4077
f 3959 3961 4075
f 3963 4073 4075
f 3963 3965 4071
f 3967 4069 4071
f 4067 3969 3971
f 4059 3977 3979
f 4037 3999 4001
f 7678 7677 7481
f 7585 819 818
f 4093 4032 3940
f 4007 3935 3937
f 3931 4011 4013
f 3921 4021 4023
f 3901 3903 1277
f 3891 3893 1277
f 3947 4089 4091
f 3947 3949 4087
f 4083 3953 3955
f 4075 4077 3959
f 4071 4073 3963
f 4069 3967 3969
f 4045 3991 3993
f 7679 7485 7487
f 3937 4004 4007
f 3943 3945 4091
f 3927 4015 4017
f 3897 3899 1277
f 4087 4089 3947
f 4077 4079 3957
f 4071 3965 3967
f 7668 7477 7479
f 4091 4093 3943
f 3905 3907 1277
f 4087 3949 3951
f 4063 3973 3975
f 3935 4007 4009
f 4075 3961 3963
f 4091 3945 3947
f 4004 3937 3940
f 7648 7615 7614
f 7614 7629 7648
f 7652 7648 7629
f 7657 7652 7630
f 7656 7657 7620
f 7661 7656 7619
f 7660 7661 7621
f 7651 7660 7625
f 7649 7651 7617
f 7650 7649 7616
f 7655 7650 7618
f 7653 7655 7622
f 7654 7653 7623
f 7658 7654 7624
f 7659 7658 7626
f 7672 7659 7627
f 7671 7672 7631
f 7669 7671 7632
f 7670 7669 7633
f 7674 7670 7634
f 7675 7674 7642
f 7679 7675 7643
f 7678 7679 7644
f 7677 7678 7645
f 7676 7677 7646
f 7668 7676 7647
f 7667 7668 7636
f 7666 7667 7635
f 7664 7666 7637
f 7665 7664 7638
f 7673 7665 7639
f 7663 7673 7641
f 7662 7663 7640
f 7640 7628 7662
f 7641 7640 7663
f 7639 7641 7673
f 7638 7639 7665
f 7637 7638 7664
f 7635 7637 7666
f 7636 7635 7667
f 7647 7636 7668
f 7646 7647 7676
f 7645 7646 7677
f 7644 7645 7678
f 7643 7644 7679
f 7642 7643 7675
f 7634 7642 7674
f 7633 7634 7670
f 7632 7633 7669
f 7631 7632 7671
f 7627 7631 7672
f 7626 7627 7659
f 7624 7626 7658
f 7623 7624 7654
f 7622 7623 7653
f 7618 7622 7655
f 7616 7618 7650
f 7617 7616 7649
f 7625 7617 7651
f 7621 7625 7660
f 7619 7621 7661
f 7620 7619 7656
f 7630 7620 7657
f 7629 7630 7652
f 4036 4035 7662
f 7662 7628 4036
f 7680 7681 2695
f 2695 2694 7680
f 7681 7680 7682
f 7683 7682 7684
f 7685 7684 7686
f 7687 7686 7688
f 7689 7688 7690
f 7691 7690 7692
f 7693 7692 7694
f 7695 7694 7696
f 7697 7696 7698
f 7699 7698 7700
f 7701 7700 7702
f 7703 7702 7704
f 7705 7704 7706
f 7707 7706 7708
f 7709 7708 7710
f 7711 7710 7712
f 7713 7712 7714
f 7715 7714 7716
f 7717 7716 7718
f 7719 7718 7720
f 7721 7720 7722
f 7723 7722 7724
f 7725 7724 7726
f 7727 7726 7728
f 7729 7728 7730
f 7731 7730 7732
f 7733 7732 7734
f 7735 7734 7736
f 7737 7736 7738
f 7739 7738 7740
f 7741 7740 7742
f 7742 7743 7741
f 7740 7741 7739
f 7738 7739 7737
f 7736 7737 7735
f 7734 7735 7733
f 7732 7733 7731
f 7730 7731 7729
f 7728 7729 7727
f 7726 7727 7725
f 7724 7725 7723
f 7722 7723 7721
f 7720 7721 7719
f 7718 7719 7717
f 7716 7717 7715
f 7714 7715 7713
f 7712 7713 7711
f 7710 7711 7709
f 7708 7709 7707
f 7706 7707 7705
f 7704 7705 7703
f 7702 7703 7701
f 7700 7701 7699
f 7698 7699 7697
f 7696 7697 7695
f 7694 7695 7693
f 7692 7693 7691
f 7690 7691 7689
f 7688 7689 7687
f 7686 7687 7685
f 7684 7685 7683
f 7682 7683 7681
f 7744 7745 7743
f 7743 7742 7744
f 7746 7745 7744
f 7747 7746 7748
f 7749 7747 7750
f 7751 7749 7752
f 7753 7751 7754
f 7755 7753 7756
f 7757 7755 7758
f 7759 7757 7760
f 7761 7759 7762
f 7763 7761 7764
f 7765 7763 7766
f 7767 7765 7768
f 7769 7767 7770
f 7771 7769 7772
f 7773 7771 7774
f 7775 7773 7776
f 7777 7775 7778
f 7779 7777 7780
f 7781 7779 7782
f 7783 7781 7784
f 7785 7783 7786
f 7787 7785 7788
f 7789 7787 7790
f 7791 7789 7792
f 7793 7791 7794
f 7795 7793 7796
f 7797 7795 7798
f 7799 7797 7800
f 7801 7799 7802
f 7803 7801 7804
f 649 7803 7805
f 7805 648 649
f 7804 7805 7803
f 7802 7804 7801
f 7800 7802 7799
f 7798 7800 7797
f 7796 7798 7795
f 7794 7796 7793
f 7792 7794 7791
f 7790 7792 7789
f 7788 7790 7787
f 7786 7788 7785
f 7784 7786 7783
f 7782 7784 7781
f 7780 7782 7779
f 7778 7780 7777
f 7776 7778 7775
f 7774 7776 7773
f 7772 7774 7771
f 7770 7772 7769
f 7768 7770 7767
f 7766 7768 7765
f 7764 7766 7763
f 7762 7764 7761
f 7760 7762 7759
f 7758 7760 7757
f 7756 7758 7755
f 7754 7756 7753
f 7752 7754 7751
f 7750 7752 7749
f 7748 7750 7747
f 7744 7748 7746
f 646 647 7806
f 7807 7806 7808
f 7809 7808 7810
f 7811 7810 7812
f 7813 7812 7814
f 7815 7814 7816
f 7817 7816 7818
f 7819 7818 7820
f 7821 7820 7822
f 7823 7822 7824
f 7825 7824 7826
f 7827 7826 7828
f 7829 7828 7830
f 7831 7830 7832
f 7832 7833 7831
f 7830 7831 7829
f 7828 7829 7827
f 7826 7827 7825
f 7824 7825 7823
f 7822 7823 7821
f 7820 7821 7819
f 7818 7819 7817
f 7816 7817 7815
f 7814 7815 7813
f 7812 7813 7811
f 7810 7811 7809
f 7808 7809 7807
f 7806 7807 646
f 2676 2674 2748
f 2674 2672 2750
f 7680 7834 7835
f 2728 7834 7680
f 2682 2740 2738
f 2682 2680 2742
f 2676 2746 2744
f 2750 2748 2674
f 2672 2670 2752
f 2670 2668 2754
f 7680 2694 2728
f 2694 2692 2730
f 2742 2740 2682
f 2680 2678 2744
f 2748 2746 2676
f 2754 2752 2670
f 803 2576 2574
f 803 2600 2598
f 2730 2728 2694
f 2692 2690 2732
f 2744 2742 2680
f 2752 2750 2672
f 2666 2756 2754
f 2666 2664 2758
f 803 2578 2576
f 803 2584 2582
f 803 2588 2586
f 803 2592 2590
f 803 2596 2594
f 803 2602 2600
f 2720 2718 2610
f 2718 2716 2612
f 2698 2697 2631
f 2697 2725 2632
f 7682 7835 7836
f 2732 2730 2692
f 2686 2736 2734
f 2686 2684 2738
f 2744 2678 2676
f 2758 2756 2666
f 2574 2572 803
f 2582 2580 803
f 2590 2588 803
f 2598 2596 803
f 803 2722 2606
f 2722 2720 2608
f 2612 2610 2718
f 2712 2710 2618
f 2710 2708 2620
f 2636 2786 2784
f 2636 2634 2787
f 2634 2632 2725
f 2632 2631 2697
f 7692 7837 7838
f 7692 7690 7839
f 7835 7682 7680
f 2688 2734 2732
f 2738 2736 2686
f 2754 2668 2666
f 2656 2766 2764
f 2656 2654 2768
f 2580 2578 803
f 2594 2592 803
f 2606 2604 803
f 2610 2608 2720
f 2620 2618 2710
f 2708 2706 2622
f 2706 2704 2624
f 2704 2702 2626
f 2702 2700 2628
f 2700 2698 2630
f 2787 2786 2636
f 2631 2630 2698
f 7840 7832 7744
f 7742 7740 7841
f 7720 7842 7843
f 7720 7718 7844
f 7700 7845 7846
f 7698 7847 7845
f 7696 7848 7847
f 7694 7838 7848
f 7839 7837 7692
f 7690 7688 7849
f 7686 7850 7849
f 7686 7684 7836
f 2732 2690 2688
f 2738 2684 2682
f 2662 2760 2758
f 2662 2660 2762
f 2658 2764 2762
f 2768 2766 2656
f 2652 2770 2768
f 2652 2650 2772
f 2586 2584 803
f 2608 2606 2722
f 2716 2714 2614
f 2714 2712 2616
f 2622 2620 2708
f 2626 2624 2704
f 2630 2628 2700
f 2725 2787 2634
f 7841 7840 7742
f 7830 7748 7744
f 647 7782 7780
f 647 7792 7790
f 647 7798 7796
f 7730 7851 7852
f 7730 7728 7853
f 7844 7842 7720
f 7718 7716 7854
f 7714 7855 7854
f 7714 7712 7856
f 7702 7846 7857
f 7845 7700 7698
f 7848 7696 7694
f 7849 7839 7690
f 7836 7850 7686
f 2734 2688 2686
f 2762 2760 2662
f 2764 2658 2656
f 2772 2770 2652
f 2650 2648 2774
f 2646 2776 2774
f 2646 2644 2778
f 2642 2780 2778
f 2642 2640 2782
f 2604 2602 803
f 2616 2614 2714
f 2624 2622 2706
f 2784 2638 2636
f 7744 7832 7830
f 7828 7750 7748
f 7826 7752 7750
f 7824 7754 7752
f 7822 7756 7754
f 7820 7758 7756
f 7818 7760 7758
f 7816 7762 7760
f 647 7784 7782
f 7790 7788 647
f 7796 7794 647
f 647 7805 7804
f 7853 7851 7730
f 7728 7726 7858
f 7854 7844 7718
f 7856 7855 7714
f 7710 7859 7856
f 7710 7708 7860
f 7706 7861 7860
f 7706 7704 7857
f 7846 7702 7700
f 7838 7694 7692
f 7836 7684 7682
f 2762 2660 2658
f 2774 2772 2650
f 2778 2776 2646
f 2782 2780 2642
f 2640 2638 2784
f 2614 2612 2716
f 2628 2626 2702
f 7748 7830 7828
f 7752 7826 7824
f 7756 7822 7820
f 7760 7818 7816
f 7814 7764 7762
f 7812 7766 7764
f 7810 7768 7766
f 7808 7770 7768
f 7806 7772 7770
f 647 7774 7772
f 647 7786 7784
f 7794 7792 647
f 647 7802 7800
f 647 648 7805
f 7804 7802 647
f 7736 7862 7863
f 7736 7734 7864
f 7732 7852 7864
f 7858 7853 7728
f 7724 7865 7858
f 7724 7722 7843
f 7854 7716 7714
f 7860 7859 7710
f 7857 7861 7706
f 7847 7698 7696
f 2758 2664 2662
f 2774 2648 2646
f 2784 2782 2640
f 2618 2616 2712
f 7750 7828 7826
f 7758 7820 7818
f 7764 7814 7812
f 7768 7810 7808
f 7772 7806 647
f 647 7778 7776
f 7788 7786 647
f 7738 7863 7841
f 7864 7862 7736
f 7852 7732 7730
f 7843 7865 7724
f 7856 7712 7710
f 7857 7704 7702
f 2768 2654 2652
f 2572 802 803
f 7754 7824 7822
f 7766 7812 7810
f 7776 7774 647
f 7800 7798 647
f 7863 7738 7736
f 7858 7726 7724
f 7860 7708 7706
f 2778 2644 2642
f 7762 7816 7814
f 7780 7778 647
f 7864 7734 7732
f 7849 7688 7686
f 7770 7808 7806
f 7843 7722 7720
f 7841 7740 7738
f 7744 7742 7840
f 2675 2745 2747
f 2677 2743 2745
f 2671 2749 2751
f 2673 2747 2749
f 2745 2675 2677
f 2677 2679 2741
f 2683 2737 2739
f 2683 2685 2735
f 2695 7681 7866
f 7681 7683 7867
f 2633 2724 2696
f 2635 2785 2724
f 804 2593 2595
f 804 2570 2571
f 2749 2671 2673
f 2741 2743 2677
f 2681 2739 2741
f 2735 2737 2683
f 2695 2727 2726
f 7867 7866 7681
f 2724 2633 2635
f 2699 2627 2629
f 2719 2607 2609
f 2721 2605 2607
f 2595 2597 804
f 804 2589 2591
f 804 2585 2587
f 804 2581 2583
f 804 2577 2579
f 804 805 2570
f 2571 2573 804
f 2667 2753 2755
f 2667 2669 2751
f 2747 2673 2675
f 2739 2681 2683
f 2693 2726 2729
f 7866 2727 2695
f 2629 2696 2699
f 2701 2625 2627
f 2637 2783 2785
f 2637 2639 2781
f 2711 2615 2617
f 2713 2613 2615
f 2607 2719 2721
f 2723 2603 2605
f 804 2601 2603
f 2591 2593 804
f 2583 2585 804
f 804 2575 2577
f 2751 2753 2667
f 2741 2679 2681
f 2687 2733 2735
f 2687 2689 2731
f 2726 2693 2695
f 7683 7685 7868
f 2627 2699 2701
f 2781 2783 2637
f 2705 2621 2623
f 2707 2619 2621
f 2709 2617 2619
f 2615 2711 2713
f 2605 2721 2723
f 804 2599 2601
f 2587 2589 804
f 2573 2575 804
f 2657 2763 2765
f 2657 2659 2761
f 2751 2669 2671
f 2731 2733 2687
f 2689 2691 2729
f 7868 7867 7683
f 7691 7869 7870
f 7693 7871 7869
f 2785 2635 2637
f 2703 2623 2625
f 2621 2705 2707
f 2617 2709 2711
f 2715 2611 2613
f 2717 2609 2611
f 2603 2723 804
f 2579 2581 804
f 2653 2767 2769
f 2653 2655 2765
f 2761 2763 2657
f 2659 2661 2759
f 2663 2757 2759
f 2663 2665 2755
f 2735 2685 2687
f 2729 2691 2693
f 7687 7872 7868
f 7687 7689 7870
f 7869 7691 7693
f 7693 7695 7873
f 7695 7697 7874
f 7697 7699 7875
f 7699 7701 7876
f 7701 7703 7877
f 7721 7878 7879
f 7721 7723 7880
f 7743 7881 7882
f 7881 7743 7745
f 2625 2701 2703
f 2619 2707 2709
f 2611 2715 2717
f 2597 2599 804
f 2643 2777 2779
f 2643 2645 2775
f 2647 2773 2775
f 2647 2649 2771
f 2651 2769 2771
f 2765 2767 2653
f 2759 2761 2659
f 2755 2757 2663
f 2729 2731 2689
f 7870 7872 7687
f 7873 7871 7693
f 7875 7874 7697
f 7877 7876 7701
f 7703 7705 7883
f 7715 7884 7885
f 7715 7717 7886
f 7719 7879 7886
f 7880 7878 7721
f 7731 7887 7888
f 7731 7733 7889
f 646 7791 7793
f 646 7785 7787
f 7831 7833 7745
f 7745 7833 7881
f 2623 2703 2705
f 2609 2717 2719
f 2641 2779 2781
f 2775 2777 2643
f 2771 2773 2647
f 2769 2651 2653
f 2759 2661 2663
f 7868 7685 7687
f 7874 7873 7695
f 7883 7877 7703
f 7707 7890 7883
f 7707 7709 7891
f 7711 7892 7891
f 7711 7713 7885
f 7886 7884 7715
f 7879 7719 7721
f 7729 7888 7893
f 7889 7887 7731
f 646 7799 7801
f 646 7795 7797
f 646 7789 7791
f 646 7783 7785
f 646 7779 7781
f 646 7775 7777
f 7817 7819 7757
f 7819 7821 7755
f 7821 7823 7753
f 7823 7825 7751
f 7825 7827 7749
f 7827 7829 7747
f 7829 7831 7746
f 7882 7741 7743
f 2613 2713 2715
f 2779 2641 2643
f 2771 2649 2651
f 2755 2665 2667
f 7876 7875 7699
f 7891 7890 7707
f 7885 7892 7711
f 7886 7717 7719
f 7725 7894 7880
f 7725 7727 7893
f 7888 7729 7731
f 7733 7735 7895
f 7737 7896 7895
f 7737 7739 7897
f 7797 7799 646
f 7787 7789 646
f 7777 7779 646
f 646 7807 7769
f 7807 7809 7767
f 7809 7811 7765
f 7811 7813 7763
f 7813 7815 7761
f 7815 7817 7759
f 7755 7757 7819
f 7751 7753 7823
f 7747 7749 7827
f 7745 7746 7831
f 2781 2639 2641
f 2765 2655 2657
f 7883 7705 7707
f 7885 7713 7715
f 7893 7894 7725
f 7895 7889 7733
f 7897 7896 7737
f 7739 7741 7882
f 7801 7803 646
f 7781 7783 646
f 646 7771 7773
f 7767 7769 7807
f 7763 7765 7811
f 7759 7761 7815
f 7753 7755 7821
f 7746 7747 7829
f 2775 2645 2647
f 7891 7709 7711
f 7893 7727 7729
f 7882 7897 7739
f 7793 7795 646
f 7769 7771 646
f 7761 7763 7813
f 7749 7751 7825
f 7870 7689 7691
f 7895 7735 7737
f 7773 7775 646
f 7757 7759 7817
f 7880 7723 7725
f 7765 7767 7809
f 7803 649 646
f 2696 2629 2633
f 7881 7833 7832
f 7832 7840 7881
f 7882 7881 7840
f 7897 7882 7841
f 7896 7897 7863
f 7895 7896 7862
f 7889 7895 7864
f 7887 7889 7852
f 7888 7887 7851
f 7893 7888 7853
f 7894 7893 7858
f 7880 7894 7865
f 7878 7880 7843
f 7879 7878 7842
f 7886 7879 7844
f 7884 7886 7854
f 7885 7884 7855
f 7892 7885 7856
f 7891 7892 7859
f 7890 7891 7860
f 7883 7890 7861
f 7877 7883 7857
f 7876 7877 7846
f 7875 7876 7845
f 7874 7875 7847
f 7873 7874 7848
f 7871 7873 7838
f 7869 7871 7837
f 7870 7869 7839
f 7872 7870 7849
f 7868 7872 7850
f 7867 7868 7836
f 7866 7867 7835
f 7835 7834 7866
f 7836 7835 7867
f 7850 7836 7868
f 7849 7850 7872
f 7839 7849 7870
f 7837 7839 7869
f 7838 7837 7871
f 7848 7838 7873
f 7847 7848 7874
f 7845 7847 7875
f 7846 7845 7876
f 7857 7846 7877
f 7861 7857 7883
f 7860 7861 7890
f 7859 7860 7891
f 7856 7859 7892
f 7855 7856 7885
f 7854 7855 7884
f 7844 7854 7886
f 7842 7844 7879
f 7843 7842 7878
f 7865 7843 7880
f 7858 7865 7894
f 7853 7858 7893
f 7851 7853 7888
f 7852 7851 7887
f 7864 7852 7889
f 7862 7864 7895
f 7863 7862 7896
f 7841 7863 7897
f 7840 7841 7882
f 2728 2727 7866
f 7866 7834 2728
usemtl 255,255,255
f 7898 1339 1341
f 1341 7899 7898
f 7899 7900 7901
f 7902 7903 7901
f 7904 7902 7900
f 7901 7900 7902
f 7901 7898 7899
f 7900 7905 7904
f 7901 1340 1339
f 1339 7898 7901
f 7903 1338 1340
f 1340 7901 7903
f 7902 1337 1338
f 1338 7903 7902
f 7902 7904 1336
f 7904 1335 1336
f 1336 1337 7902
f 7905 1334 1335
f 1335 7904 7905
f 7900 1343 1342
f 1342 7905 7900
f 1342 1334 7905
f 7899 1341 1343
f 1343 7900 7899
f 7906 769 789
f 7907 744 769
f 7908 774 744
f 7909 763 774
f 7910 754 763
f 7911 732 754
f 7912 724 732
f 7913 718 724
f 7914 713 718
f 7915 707 713
f 7916 702 707
f 7917 694 702
f 7918 687 694
f 7919 680 687
f 7920 681 680
f 7921 706 681
f 7922 701 706
f 7923 693 701
f 7924 686 693
f 7925 679 686
f 7926 676 679
f 7927 673 676
f 7928 670 673
f 7929 663 670
f 7930 664 663
f 7931 661 664
f 7932 662 661
f 7933 666 662
f 7934 656 666
f 7935 652 656
f 7936 650 652
f 7937 651 650
f 650 7936 7937
f 652 7935 7936
f 656 7934 7935
f 666 7933 7934
f 662 7932 7933
f 661 7931 7932
f 664 7930 7931
f 663 7929 7930
f 670 7928 7929
f 673 7927 7928
f 676 7926 7927
f 679 7925 7926
f 686 7924 7925
f 693 7923 7924
f 701 7922 7923
f 706 7921 7922
f 681 7920 7921
f 680 7919 7920
f 687 7918 7919
f 694 7917 7918
f 702 7916 7917
f 707 7915 7916
f 713 7914 7915
f 718 7913 7914
f 724 7912 7913
f 732 7911 7912
f 754 7910 7911
f 763 7909 7910
f 774 7908 7909
f 744 7907 7908
f 769 7906 7907
f 789 7938 7906
f 7939 655 651
f 7940 688 655
f 7941 733 688
f 7942 793 733
f 7943 790 793
f 7944 785 790
f 7945 778 785
f 7946 772 778
f 7947 762 772
f 7948 730 762
f 7949 731 730
f 738 731 7949
f 7950 737 738
f 7951 729 737
f 7952 721 729
f 7953 717 721
f 7954 712 717
f 7955 709 712
f 7956 705 709
f 7957 700 705
f 7958 684 700
f 7959 685 684
f 7960 692 685
f 747 692 7960
f 7961 736 747
f 7962 728 736
f 7963 720 728
f 7964 716 720
f 7965 711 716
f 7966 708 711
f 7967 699 708
f 7968 690 699
f 7969 691 690
f 7970 698 691
f 7971 689 698
f 7972 683 689
f 7973 678 683
f 7974 675 678
f 7975 672 675
f 7976 668 672
f 7977 669 668
f 668 7976 7977
f 672 7975 7976
f 675 7974 7975
f 678 7973 7974
f 683 7972 7973
f 689 7971 7972
f 698 7970 7971
f 691 7969 7970
f 690 7968 7969
f 699 7967 7968
f 708 7966 7967
f 711 7965 7966
f 716 7964 7965
f 720 7963 7964
f 728 7962 7963
f 736 7961 7962
f 747 7978 7961
f 7960 7978 747
f 685 7959 7960
f 684 7958 7959
f 700 7957 7958
f 705 7956 7957
f 709 7955 7956
f 712 7954 7955
f 717 7953 7954
f 721 7952 7953
f 729 7951 7952
f 737 7950 7951
f 738 7979 7950
f 7949 7979 738
f 730 7948 7949
f 762 7947 7948
f 772 7946 7947
f 778 7945 7946
f 785 7944 7945
f 790 7943 7944
f 793 7942 7943
f 733 7941 7942
f 688 7940 7941
f 655 7939 7940
f 651 7937 7939
f 7980 752 669
f 669 7977 7980
f 7981 760 752
f 7982 767 760
f 7983 766 767
f 7984 758 766
f 7985 759 758
f 783 759 7985
f 7986 788 783
f 7987 787 788
f 7988 782 787
f 775 782 7988
f 7989 757 775
f 7990 751 757
f 7991 734 751
f 7992 735 734
f 7993 743 735
f 7994 765 743
f 7995 786 765
f 7996 750 786
f 7997 741 750
f 7998 742 741
f 7999 749 742
f 740 749 7999
f 8000 727 740
f 8001 719 727
f 8002 715 719
f 8003 710 715
f 8004 704 710
f 8005 696 704
f 8006 697 696
f 8007 695 697
f 8008 682 695
f 8009 677 682
f 8010 674 677
f 8011 671 674
f 667 671 8011
f 8012 665 667
f 8013 659 665
f 8014 653 659
f 8015 654 653
f 657 654 8015
f 8016 658 657
f 703 658 8016
f 8017 739 703
f 8018 722 739
f 8019 660 722
f 8020 714 660
f 8021 723 714
f 8022 725 723
f 8023 726 725
f 748 726 8023
f 8024 755 748
f 8025 756 755
f 8026 764 756
f 8027 773 764
f 781 773 8027
f 8028 779 781
f 8029 780 779
f 8030 792 780
f 8031 791 792
f 784 791 8031
f 8032 776 784
f 8033 768 776
f 761 768 8033
f 8034 753 761
f 8035 745 753
f 8036 746 745
f 8037 777 746
f 8038 770 777
f 8039 771 770
f 770 8038 8039
f 777 8037 8038
f 746 8036 8037
f 745 8035 8036
f 753 8034 8035
f 761 8040 8034
f 8033 8040 761
f 776 8032 8033
f 784 8041 8032
f 8031 8041 784
f 792 8030 8031
f 780 8029 8030
f 779 8028 8029
f 781 8042 8028
f 8027 8042 781
f 764 8026 8027
f 756 8025 8026
f 755 8024 8025
f 748 8043 8024
f 8023 8043 748
f 725 8022 8023
f 723 8021 8022
f 714 8020 8021
f 660 8019 8020
f 722 8018 8019
f 739 8017 8018
f 703 8044 8017
f 8016 8044 703
f 657 8045 8016
f 8015 8045 657
f 653 8014 8015
f 659 8013 8014
f 665 8012 8013
f 667 8046 8012
f 8011 8046 667
f 674 8010 8011
f 677 8009 8010
f 682 8008 8009
f 695 8007 8008
f 697 8006 8007
f 696 8005 8006
f 704 8004 8005
f 710 8003 8004
f 715 8002 8003
f 719 8001 8002
f 727 8000 8001
f 740 8047 8000
f 7999 8047 740
f 742 7998 7999
f 741 7997 7998
f 750 7996 7997
f 786 7995 7996
f 765 7994 7995
f 743 7993 7994
f 735 7992 7993
f 734 7991 7992
f 751 7990 7991
f 757 7989 7990
f 775 8048 7989
f 7988 8048 775
f 787 7987 7988
f 788 7986 7987
f 783 8049 7986
f 7985 8049 783
f 758 7984 7985
f 766 7983 7984
f 767 7982 7983
f 760 7981 7982
f 752 7980 7981
f 7938 789 771
f 771 8039 7938
f 8050 1225 1245
f 8051 1199 1225
f 8052 1230 1199
f 8053 1219 1230
f 8054 1210 1219
f 1187 1210 8054
f 8055 1179 1187
f 8056 1173 1179
f 1168 1173 8056
f 8057 1162 1168
f 8058 1157 1162
f 8059 1149 1157
f 8060 1143 1149
f 8061 1136 1143
f 8062 1137 1136
f 8063 1161 1137
f 8064 1156 1161
f 8065 1148 1156
f 8066 1142 1148
f 8067 1135 1142
f 8068 1131 1135
f 8069 1125 1131
f 1119 1125 8069
f 8070 1112 1119
f 8071 1113 1112
f 8072 1110 1113
f 8073 1111 1110
f 8074 1115 1111
f 1127 1115 8074
f 8075 1122 1127
f 8076 1120 1122
f 8077 1121 1120
f 1120 8076 8077
f 1122 8075 8076
f 1127 8078 8075
f 8074 8078 1127
f 1111 8073 8074
f 1110 8072 8073
f 1113 8071 8072
f 1112 8070 8071
f 1119 8079 8070
f 8069 8079 1119
f 1131 8068 8069
f 1135 8067 8068
f 1142 8066 8067
f 1148 8065 8066
f 1156 8064 8065
f 1161 8063 8064
f 1137 8062 8063
f 1136 8061 8062
f 1143 8060 8061
f 1149 8059 8060
f 1157 8058 8059
f 1162 8057 8058
f 1168 8080 8057
f 8056 8080 1168
f 1179 8055 8056
f 1187 8081 8055
f 8054 8081 1187
f 1219 8053 8054
f 1230 8052 8053
f 1199 8051 8052
f 1225 8050 8051
f 1245 8082 8050
f 8083 1126 1121
f 8084 1158 1126
f 8085 1188 1158
f 8086 1249 1188
f 1246 1249 8086
f 8087 1241 1246
f 8088 1234 1241
f 8089 1228 1234
f 8090 1218 1228
f 1185 1218 8090
f 8091 1186 1185
f 8092 1193 1186
f 8093 1192 1193
f 1184 1192 8093
f 8094 1176 1184
f 8095 1172 1176
f 8096 1167 1172
f 8097 1164 1167
f 8098 1160 1164
f 8099 1155 1160
f 8100 1140 1155
f 8101 1141 1140
f 8102 1147 1141
f 8103 1202 1147
f 8104 1191 1202
f 8105 1183 1191
f 1175 1183 8105
f 8106 1171 1175
f 8107 1166 1171
f 8108 1163 1166
f 8109 1154 1163
f 1145 1154 8109
f 8110 1146 1145
f 8111 1153 1146
f 8112 1144 1153
f 8113 1139 1144
f 8114 1134 1139
f 1130 1134 8114
f 8115 1124 1130
f 8116 1117 1124
f 8117 1118 1117
f 1117 8116 8117
f 1124 8115 8116
f 1130 8118 8115
f 8114 8118 1130
f 1139 8113 8114
f 1144 8112 8113
f 1153 8111 8112
f 1146 8110 8111
f 1145 8119 8110
f 8109 8119 1145
f 1163 8108 8109
f 1166 8107 8108
f 1171 8106 8107
f 1175 8120 8106
f 8105 8120 1175
f 1191 8104 8105
f 1202 8103 8104
f 1147 8102 8103
f 1141 8101 8102
f 1140 8100 8101
f 1155 8099 8100
f 1160 8098 8099
f 1164 8097 8098
f 1167 8096 8097
f 1172 8095 8096
f 1176 8094 8095
f 1184 8121 8094
f 8093 8121 1184
f 1193 8092 8093
f 1186 8091 8092
f 1185 8122 8091
f 8090 8122 1185
f 1228 8089 8090
f 1234 8088 8089
f 1241 8087 8088
f 1246 8123 8087
f 8086 8123 1246
f 1188 8085 8086
f 1158 8084 8085
f 1126 8083 8084
f 1121 8077 8083
f 8124 1208 1118
f 1118 8117 8124
f 8125 1216 1208
f 8126 1223 1216
f 8127 1222 1223
f 8128 1214 1222
f 8129 1215 1214
f 8130 1239 1215
f 8131 1244 1239
f 8132 1243 1244
f 8133 1238 1243
f 8134 1231 1238
f 1213 1231 8134
f 8135 1206 1213
f 8136 1189 1206
f 8137 1190 1189
f 1198 1190 8137
f 8138 1221 1198
f 8139 1242 1221
f 8140 1205 1242
f 8141 1196 1205
f 8142 1197 1196
f 8143 1204 1197
f 1195 1204 8143
f 8144 1182 1195
f 1174 1182 8144
f 8145 1170 1174
f 8146 1165 1170
f 1159 1165 8146
f 8147 1151 1159
f 8148 1152 1151
f 1150 1152 8148
f 8149 1138 1150
f 8150 1133 1138
f 1129 1133 8150
f 8151 1123 1129
f 8152 1116 1123
f 8153 1114 1116
f 8154 1108 1114
f 8155 1107 1108
f 1105 1107 8155
f 8156 1106 1105
f 1128 1106 8156
f 8157 1132 1128
f 8158 1194 1132
f 8159 1177 1194
f 8160 1109 1177
f 8161 1169 1109
f 8162 1178 1169
f 1180 1178 8162
f 8163 1181 1180
f 8164 1203 1181
f 8165 1211 1203
f 8166 1212 1211
f 8167 1220 1212
f 8168 1229 1220
f 8169 1237 1229
f 8170 1235 1237
f 8171 1236 1235
f 1248 1236 8171
f 8172 1247 1248
f 8173 1240 1247
f 8174 1232 1240
f 8175 1224 1232
f 8176 1217 1224
f 8177 1209 1217
f 8178 1200 1209
f 8179 1201 1200
f 8180 1233 1201
f 8181 1226 1233
f 8182 1227 1226
f 1226 8181 8182
f 1233 8180 8181
f 1201 8179 8180
f 1200 8178 8179
f 1209 8177 8178
f 1217 8176 8177
f 1224 8175 8176
f 1232 8174 8175
f 1240 8173 8174
f 1247 8172 8173
f 1248 8183 8172
f 8171 8183 1248
f 1235 8170 8171
f 1237 8169 8170
f 1229 8168 8169
f 1220 8167 8168
f 1212 8166 8167
f 1211 8165 8166
f 1203 8164 8165
f 1181 8163 8164
f 1180 8184 8163
f 8162 8184 1180
f 1169 8161 8162
f 1109 8160 8161
f 1177 8159 8160
f 1194 8158 8159
f 1132 8157 8158
f 1128 8185 8157
f 8156 8185 1128
f 1105 8186 8156
f 8155 8186 1105
f 1108 8154 8155
f 1114 8153 8154
f 1116 8152 8153
f 1123 8151 8152
f 1129 8187 8151
f 8150 8187 1129
f 1138 8149 8150
f 1150 8188 8149
f 8148 8188 1150
f 1151 8147 8148
f 1159 8189 8147
f 8146 8189 1159
f 1170 8145 8146
f 1174 8190 8145
f 8144 8190 1174
f 1195 8191 8144
f 8143 8191 1195
f 1197 8142 8143
f 1196 8141 8142
f 1205 8140 8141
f 1242 8139 8140
f 1221 8138 8139
f 1198 8192 8138
f 8137 8192 1198
f 1189 8136 8137
f 1206 8135 8136
f 1213 8193 8135
f 8134 8193 1213
f 1238 8133 8134
f 1243 8132 8133
f 1244 8131 8132
f 1239 8130 8131
f 1215 8129 8130
f 1214 8128 8129
f 1222 8127 8128
f 1223 8126 8127
f 1216 8125 8126
f 1208 8124 8125
f 8082 1245 1227
f 1227 8182 8082
f 8194 1023 1025
f 1025 8195 8194
f 8196 8194 8195
f 8195 8197 8196
f 8196 1021 1023
f 1023 8194 8196
f 8197 1022 1021
f 1021 8196 8197
f 8195 1025 1022
f 1022 8197 8195
f 1396 1401 8198
f 8199 1397 1396
f 8200 1408 1397
f 1413 1408 8200
f 8201 1420 1413
f 8202 1426 1420
f 8203 1418 1426
f 8204 1419 1418
f 8205 1425 1419
f 1432 1425 8205
f 8206 1431 1432
f 8207 1428 1431
f 8208 1424 1428
f 8209 1417 1424
f 1412 1417 8209
f 8210 1407 1412
f 8211 1405 1407
f 8212 1400 1405
f 8213 1395 1400
f 1380 1395 8213
f 8214 1369 1380
f 8215 1370 1369
f 8216 1379 1370
f 8217 1368 1379
f 8218 1365 1368
f 8219 1362 1365
f 8220 1359 1362
f 8221 1354 1359
f 1353 1354 8221
f 8222 1349 1353
f 8223 1350 1349
f 8224 1386 1350
f 8225 1367 1386
f 8226 1364 1367
f 1361 1364 8226
f 8227 1358 1361
f 8228 1352 1358
f 1347 1352 8228
f 8229 1345 1347
f 8230 1346 1345
f 8231 1351 1346
f 1346 8230 8231
f 1345 8229 8230
f 1347 8232 8229
f 8228 8232 1347
f 1358 8227 8228
f 1361 8233 8227
f 8226 8233 1361
f 1367 8225 8226
f 1386 8224 8225
f 1350 8223 8224
f 1349 8222 8223
f 1353 8234 8222
f 8221 8234 1353
f 1359 8220 8221
f 1362 8219 8220
f 1365 8218 8219
f 1368 8217 8218
f 1379 8216 8217
f 1370 8215 8216
f 1369 8214 8215
f 1380 8235 8214
f 8213 8235 1380
f 1400 8212 8213
f 1405 8211 8212
f 1407 8210 8211
f 1412 8236 8210
f 8209 8236 1412
f 1424 8208 8209
f 1428 8207 8208
f 1431 8206 8207
f 1432 8237 8206
f 8205 8237 1432
f 1419 8204 8205
f 1418 8203 8204
f 1426 8202 8203
f 1420 8201 8202
f 1413 8238 8201
f 8200 8238 1413
f 1397 8199 8200
f 1396 8239 8199
f 8198 8239 1396
f 8240 8231 8241
f 8231 8242 8241
f 8230 8243 8242
f 8244 8240 8245
f 8242 8231 8230
f 8241 8245 8240
f 8230 8229 8246
f 8246 8243 8230
f 8229 8247 8246
f 8232 8248 8247
f 8247 8229 8232
f 8228 8249 8248
f 8244 8250 8251
f 8248 8232 8228
f 8252 8251 8253
f 8245 8250 8244
f 8251 8252 8244
f 8254 8255 8256
f 8253 8255 8252
f 8257 8254 8258
f 8253 8256 8255
f 8259 8260 8261
f 8262 8263 8264
f 8257 8265 8266
f 8256 8258 8254
f 8199 8267 8268
f 8198 8269 8270
f 8264 8261 8262
f 8263 8262 8271
f 8272 8266 8273
f 8258 8265 8257
f 8268 8200 8199
f 8270 8239 8198
f 8271 8273 8263
f 8266 8272 8257
f 8201 8274 8275
f 8238 8276 8274
f 8200 8268 8276
f 8270 8267 8239
f 8277 8278 8279
f 8280 8279 8281
f 8282 8281 8260
f 8273 8271 8272
f 8204 8203 8283
f 8274 8201 8238
f 8199 8239 8267
f 8281 8282 8280
f 8261 8264 8259
f 8205 8204 8284
f 8203 8285 8283
f 8202 8275 8285
f 8276 8238 8200
f 8286 8287 8288
f 8289 8290 8278
f 8260 8259 8282
f 8237 8205 8291
f 8283 8284 8204
f 8275 8202 8201
f 8287 8292 8288
f 8279 8280 8277
f 8227 8293 8249
f 8213 8294 8295
f 8212 8296 8294
f 8297 8206 8237
f 8285 8203 8202
f 8287 8298 8292
f 8299 8300 8301
f 8302 8301 8303
f 8304 8305 8290
f 8249 8228 8227
f 8235 8295 8306
f 8294 8213 8212
f 8210 8307 8308
f 8206 8297 8309
f 8284 8291 8205
f 8287 8310 8298
f 8311 8310 8287
f 8312 8313 8300
f 8303 8314 8302
f 8315 8316 8305
f 8278 8277 8289
f 8214 8306 8317
f 8295 8235 8213
f 8211 8308 8296
f 8308 8211 8210
f 8207 8309 8318
f 8291 8297 8237
f 8287 8319 8311
f 8319 8320 8321
f 8301 8302 8299
f 8314 8303 8322
f 8323 8324 8316
f 8290 8289 8304
f 8215 8317 8325
f 8306 8214 8235
f 8210 8236 8307
f 8326 8307 8236
f 8208 8318 8326
f 8309 8207 8206
f 8321 8311 8319
f 8320 8327 8328
f 8329 8330 8331
f 8330 8313 8312
f 8322 8332 8314
f 8333 8334 8324
f 8305 8304 8315
f 8335 8336 8224
f 8337 8335 8223
f 8338 8337 8222
f 8339 8338 8234
f 8216 8325 8340
f 8317 8215 8214
f 8236 8209 8326
f 8318 8208 8207
f 8328 8321 8320
f 8327 8341 8342
f 8343 8344 8345
f 8344 8346 8347
f 8348 8349 8329
f 8300 8299 8312
f 8332 8322 8334
f 8316 8315 8323
f 8226 8350 8351
f 8223 8222 8337
f 8234 8221 8339
f 8325 8216 8215
f 8326 8209 8208
f 8342 8328 8327
f 8341 8343 8352
f 8347 8345 8344
f 8346 8353 8354
f 8355 8356 8357
f 8358 8359 8357
f 8312 8331 8330
f 8324 8323 8333
f 8351 8233 8226
f 8336 8350 8225
f 8222 8234 8338
f 8360 8339 8221
f 8217 8340 8361
f 8296 8212 8211
f 8352 8342 8341
f 8354 8347 8346
f 8362 8355 8363
f 8357 8356 8358
f 8349 8348 8359
f 8334 8333 8332
f 8225 8224 8336
f 8221 8220 8360
f 8218 8361 8364
f 8340 8217 8216
f 8345 8352 8343
f 8353 8362 8365
f 8357 8363 8355
f 8331 8348 8329
f 8233 8351 8293
f 8224 8223 8335
f 8364 8360 8220
f 8361 8218 8217
f 8365 8354 8353
f 8359 8358 8349
f 8226 8225 8350
f 8364 8219 8218
f 8363 8365 8362
f 8220 8219 8364
f 8293 8227 8233
f 8288 8366 8286
f 8240 1378 1351
f 8244 1845 1378
f 8252 1846 1845
f 8255 1856 1846
f 8254 1854 1856
f 8257 1855 1854
f 8272 1811 1855
f 8271 1817 1811
f 1826 1817 8271
f 8261 1837 1826
f 8260 1848 1837
f 8281 1829 1848
f 8279 1819 1829
f 8278 1820 1819
f 8290 1802 1820
f 1803 1802 8290
f 8316 1800 1803
f 8324 1801 1800
f 8334 1813 1801
f 8322 1828 1813
f 8303 1838 1828
f 8301 1827 1838
f 8300 1812 1827
f 8313 1798 1812
f 8330 1790 1798
f 8329 1782 1790
f 8349 1768 1782
f 8358 1745 1768
f 8356 1746 1745
f 8355 1799 1746
f 8362 1791 1799
f 8353 1792 1791
f 8346 1850 1792
f 8344 1849 1850
f 1770 1849 8344
f 8341 1748 1770
f 8327 1749 1748
f 8320 1751 1749
f 8319 1734 1751
f 8287 1725 1734
f 8286 1736 1725
f 1725 8287 8286
f 1734 8319 8287
f 1751 8320 8319
f 1749 8327 8320
f 1748 8341 8327
f 1770 8343 8341
f 8344 8343 1770
f 1850 8346 8344
f 1792 8353 8346
f 1791 8362 8353
f 1799 8355 8362
f 1746 8356 8355
f 1745 8358 8356
f 1768 8349 8358
f 1782 8329 8349
f 1790 8330 8329
f 1798 8313 8330
f 1812 8300 8313
f 1827 8301 8300
f 1838 8303 8301
f 1828 8322 8303
f 1813 8334 8322
f 1801 8324 8334
f 1800 8316 8324
f 1803 8305 8316
f 8290 8305 1803
f 1820 8278 8290
f 1819 8279 8278
f 1829 8281 8279
f 1848 8260 8281
f 1837 8261 8260
f 1826 8262 8261
f 8271 8262 1826
f 1811 8272 8271
f 1855 8257 8272
f 1854 8254 8257
f 1856 8255 8254
f 1846 8252 8255
f 1845 8244 8252
f 1378 8240 8244
f 1351 8231 8240
f 8366 1859 1736
f 1736 8286 8366
f 8288 1858 1859
f 8292 1853 1858
f 8298 1842 1853
f 8310 1834 1842
f 8311 1823 1834
f 8321 1808 1823
f 8328 1795 1808
f 8342 1787 1795
f 8352 1788 1787
f 8345 1807 1788
f 8347 1776 1807
f 1722 1776 8347
f 8365 1723 1722
f 8363 1731 1723
f 1720 1731 8363
f 8359 1721 1720
f 8348 1730 1721
f 8331 1758 1730
f 8312 1766 1758
f 8299 1786 1766
f 8302 1716 1786
f 8314 1709 1716
f 8332 1710 1709
f 8333 1711 1710
f 8323 1712 1711
f 1713 1712 8323
f 8304 1719 1713
f 8289 1729 1719
f 8277 1742 1729
f 8280 1740 1742
f 8282 1741 1740
f 8259 1765 1741
f 8264 1757 1765
f 8263 1717 1757
f 8273 1718 1717
f 8266 1728 1718
f 8265 1739 1728
f 8258 1764 1739
f 8256 1775 1764
f 8253 1422 1775
f 8251 1423 1422
f 8250 1427 1423
f 8245 1430 1427
f 8241 1429 1430
f 8242 1371 1429
f 1416 1371 8242
f 8246 1411 1416
f 8247 1406 1411
f 8248 1394 1406
f 8249 1376 1394
f 8293 1377 1376
f 8351 1385 1377
f 1383 1385 8351
f 8336 1384 1383
f 8335 1392 1384
f 8337 1393 1392
f 8338 1399 1393
f 8339 1355 1399
f 8360 1356 1355
f 8364 1357 1356
f 1360 1357 8364
f 8340 1363 1360
f 8325 1366 1363
f 8317 1374 1366
f 8306 1382 1374
f 1390 1382 8306
f 8294 1388 1390
f 8296 1389 1388
f 8308 1375 1389
f 8307 1372 1375
f 8326 1373 1372
f 8318 1381 1373
f 1387 1381 8318
f 8297 1391 1387
f 8291 1398 1391
f 8284 1404 1398
f 8283 1402 1404
f 8285 1403 1402
f 8275 1415 1403
f 8274 1409 1415
f 8276 1410 1409
f 1414 1410 8276
f 1421 1414 8268
f 8270 1434 1421
f 8269 1433 1434
f 1434 8270 8269
f 1421 8267 8270
f 8268 8267 1421
f 8276 8268 1414
f 1409 8274 8276
f 1415 8275 8274
f 1403 8285 8275
f 1402 8283 8285
f 1404 8284 8283
f 1398 8291 8284
f 1391 8297 8291
f 1387 8309 8297
f 8318 8309 1387
f 1373 8326 8318
f 1372 8307 8326
f 1375 8308 8307
f 1389 8296 8308
f 1388 8294 8296
f 1390 8295 8294
f 8306 8295 1390
f 1374 8317 8306
f 1366 8325 8317
f 1363 8340 8325
f 1360 8361 8340
f 8364 8361 1360
f 1356 8360 8364
f 1355 8339 8360
f 1399 8338 8339
f 1393 8337 8338
f 1392 8335 8337
f 1384 8336 8335
f 1383 8350 8336
f 8351 8350 1383
f 1377 8293 8351
f 1376 8249 8293
f 1394 8248 8249
f 1406 8247 8248
f 1411 8246 8247
f 1416 8243 8246
f 8242 8243 1416
f 1429 8241 8242
f 1430 8245 8241
f 1427 8250 8245
f 1423 8251 8250
f 1422 8253 8251
f 1775 8256 8253
f 1764 8258 8256
f 1739 8265 8258
f 1728 8266 8265
f 1718 8273 8266
f 1717 8263 8273
f 1757 8264 8263
f 1765 8259 8264
f 1741 8282 8259
f 1740 8280 8282
f 1742 8277 8280
f 1729 8289 8277
f 1719 8304 8289
f 1713 8315 8304
f 8323 8315 1713
f 1711 8333 8323
f 1710 8332 8333
f 1709 8314 8332
f 1716 8302 8314
f 1786 8299 8302
f 1766 8312 8299
f 1758 8331 8312
f 1730 8348 8331
f 1721 8359 8348
f 1720 8357 8359
f 8363 8357 1720
f 1723 8365 8363
f 1722 8354 8365
f 8347 8354 1722
f 1807 8345 8347
f 1788 8352 8345
f 1787 8342 8352
f 1795 8328 8342
f 1808 8321 8328
f 1823 8311 8321
f 1834 8310 8311
f 1842 8298 8310
f 1853 8292 8298
f 1858 8288 8292
f 1859 8366 8288
f 8198 1401 1433
f 1433 8269 8198
f 8367 1437 1438
f 1438 8368 8367
f 8369 8367 8368
f 8368 8370 8369
f 8367 8369 1448
f 8369 1447 1448
f 1448 1437 8367
f 8370 1443 1447
f 1447 8369 8370
f 8368 1438 1439
f 1439 8370 8368
f 1439 1443 8370
f 8371 1451 1453
f 1453 8372 8371
f 8372 8373 8374
f 8375 8376 8374
f 8377 8375 8373
f 8374 8373 8375
f 8374 8371 8372
f 8373 8378 8377
f 8374 1452 1451
f 1451 8371 8374
f 8376 1450 1452
f 1452 8374 8376
f 8375 1449 1450
f 1450 8376 8375
f 8375 8377 1445
f 8377 1444 1445
f 1445 1449 8375
f 8378 1441 1444
f 1444 8377 8378
f 8373 1454 1442
f 1442 8378 8373
f 1442 1441 8378
f 8372 1453 1454
f 1454 8373 8372
f 8379 1035 1033
f 1033 8380 8379
f 8381 8382 8383
f 8380 8384 8385
f 8382 8384 8383
f 8386 8383 8384
f 8384 8382 8385
f 8387 8385 8382
f 8384 8388 8386
f 8382 8389 8387
f 8385 8379 8380
f 8383 8390 8381
f 8385 1039 1035
f 1035 8379 8385
f 8387 1030 1039
f 1039 8385 8387
f 8389 1029 1030
f 1030 8387 8389
f 8382 1881 1029
f 1029 8389 8382
f 8381 1028 1881
f 1881 8382 8381
f 8390 1037 1028
f 1028 8381 8390
f 8383 1038 1037
f 1037 8390 8383
f 8386 1034 1038
f 1038 8383 8386
f 8388 1031 1034
f 1034 8386 8388
f 8384 1032 1031
f 1031 8388 8384
f 8380 1033 1032
f 1032 8384 8380
f 8391 867 865
f 865 8392 8391
f 8393 8394 8395
f 8392 8396 8397
f 8394 8396 8395
f 8398 8395 8396
f 8396 8394 8397
f 8399 8397 8394
f 8396 8400 8398
f 8394 8401 8399
f 8397 8391 8392
f 8395 8402 8393
f 8397 868 867
f 867 8391 8397
f 8399 862 868
f 868 8397 8399
f 8401 860 862
f 862 8399 8401
f 8394 1887 860
f 860 8401 8394
f 8393 859 1887
f 1887 8394 8393
f 8402 870 859
f 859 8393 8402
f 8395 871 870
f 870 8402 8395
f 8398 866 871
f 871 8395 8398
f 8400 863 866
f 866 8398 8400
f 8396 864 863
f 863 8400 8396
f 8392 865 864
f 864 8396 8392
f 8403 1577 1544
f 8404 1524 1577
f 8405 1525 1524
f 8406 1534 1525
f 8407 1532 1534
f 8408 1533 1532
f 8409 1514 1533
f 8410 1510 1514
f 8411 1504 1510
f 8412 1520 1504
f 1526 1520 8412
f 8413 1517 1526
f 8414 1511 1517
f 8415 1512 1511
f 8416 1500 1512
f 8417 1501 1500
f 8418 1498 1501
f 8419 1499 1498
f 8420 1506 1499
f 8421 1516 1506
f 8422 1521 1516
f 8423 1515 1521
f 8424 1505 1515
f 8425 1496 1505
f 8426 1490 1496
f 8427 1487 1490
f 8428 1481 1487
f 8429 1463 1481
f 8430 1464 1463
f 8431 1497 1464
f 8432 1491 1497
f 1492 1491 8432
f 8433 1528 1492
f 8434 1527 1528
f 8435 1482 1527
f 8436 1465 1482
f 8437 1466 1465
f 8438 1467 1466
f 8439 1460 1467
f 8440 1458 1460
f 1461 1458 8440
f 8440 8441 1461
f 1460 8439 8440
f 1467 8438 8439
f 1466 8437 8438
f 1465 8436 8437
f 1482 8435 8436
f 1527 8434 8435
f 1528 8433 8434
f 1492 8442 8433
f 8432 8442 1492
f 1497 8431 8432
f 1464 8430 8431
f 1463 8429 8430
f 1481 8428 8429
f 1487 8427 8428
f 1490 8426 8427
f 1496 8425 8426
f 1505 8424 8425
f 1515 8423 8424
f 1521 8422 8423
f 1516 8421 8422
f 1506 8420 8421
f 1499 8419 8420
f 1498 8418 8419
f 1501 8417 8418
f 1500 8416 8417
f 1512 8415 8416
f 1511 8414 8415
f 1517 8413 8414
f 1526 8443 8413
f 8412 8443 1526
f 1504 8411 8412
f 1510 8410 8411
f 1514 8409 8410
f 1533 8408 8409
f 1532 8407 8408
f 1534 8406 8407
f 1525 8405 8406
f 1524 8404 8405
f 1577 8403 8404
f 1544 8444 8403
f 8403 8444 8445
f 8444 8446 8445
f 8447 8448 8446
f 8404 8403 8449
f 8446 8444 8447
f 8445 8449 8403
f 8447 8450 8451
f 8451 8448 8447
f 8450 8452 8451
f 8453 8454 8452
f 8452 8450 8453
f 8455 8456 8454
f 8404 8457 8458
f 8454 8453 8455
f 8405 8458 8459
f 8449 8457 8404
f 8458 8405 8404
f 8407 8406 8460
f 8459 8406 8405
f 8408 8407 8461
f 8459 8460 8406
f 8462 8443 8412
f 8411 8463 8464
f 8408 8465 8466
f 8460 8461 8407
f 8467 8468 8469
f 8470 8471 8472
f 8464 8412 8411
f 8463 8411 8410
f 8409 8466 8473
f 8461 8465 8408
f 8469 8474 8467
f 8472 8475 8470
f 8410 8473 8463
f 8466 8409 8408
f 8476 8477 8478
f 8479 8480 8477
f 8474 8469 8480
f 8472 8468 8475
f 8481 8415 8414
f 8482 8414 8413
f 8483 8413 8443
f 8473 8410 8409
f 8484 8485 8486
f 8477 8476 8479
f 8467 8475 8468
f 8413 8483 8482
f 8412 8464 8462
f 8487 8484 8488
f 8485 8489 8486
f 8490 8478 8489
f 8480 8479 8474
f 8491 8416 8415
f 8443 8462 8483
f 8492 8487 8493
f 8486 8488 8484
f 8478 8490 8476
f 8414 8482 8481
f 8494 8495 8456
f 8496 8497 8498
f 8499 8500 8497
f 8501 8502 8492
f 8489 8485 8490
f 8441 8440 8503
f 8440 8504 8505
f 8506 8507 8440
f 8508 8424 8423
f 8509 8423 8422
f 8510 8417 8416
f 8456 8455 8494
f 8511 8498 8512
f 8497 8496 8499
f 8513 8514 8515
f 8502 8501 8516
f 8488 8493 8487
f 8505 8503 8440
f 8440 8439 8506
f 8517 8425 8424
f 8422 8518 8509
f 8519 8418 8417
f 8415 8481 8491
f 8520 8512 8521
f 8498 8511 8496
f 8522 8515 8500
f 8515 8522 8513
f 8523 8516 8524
f 8493 8501 8492
f 8507 8504 8440
f 8439 8438 8525
f 8423 8509 8508
f 8518 8422 8421
f 8526 8419 8418
f 8416 8491 8510
f 8527 8521 8528
f 8512 8520 8511
f 8513 8529 8514
f 8530 8514 8529
f 8531 8524 8530
f 8516 8523 8502
f 8525 8506 8439
f 8438 8437 8532
f 8427 8426 8533
f 8426 8425 8517
f 8421 8534 8518
f 8535 8420 8419
f 8417 8510 8519
f 8536 8537 8538
f 8539 8536 8540
f 8541 8539 8542
f 8543 8541 8544
f 8545 8528 8546
f 8521 8527 8520
f 8529 8547 8530
f 8524 8531 8523
f 8532 8525 8438
f 8437 8436 8548
f 8435 8434 8549
f 8434 8433 8550
f 8551 8428 8427
f 8424 8508 8517
f 8534 8421 8420
f 8418 8519 8526
f 8552 8553 8554
f 8540 8542 8539
f 8544 8555 8543
f 8528 8545 8527
f 8530 8547 8531
f 8548 8532 8437
f 8436 8435 8556
f 8550 8549 8434
f 8433 8442 8557
f 8431 8430 8558
f 8429 8559 8558
f 8517 8533 8426
f 8419 8526 8535
f 8554 8560 8552
f 8537 8553 8561
f 8542 8544 8541
f 8562 8543 8555
f 8563 8546 8564
f 8500 8499 8522
f 8556 8548 8436
f 8557 8550 8433
f 8432 8431 8565
f 8558 8430 8429
f 8428 8551 8559
f 8420 8535 8534
f 8561 8538 8537
f 8555 8566 8562
f 8567 8564 8568
f 8546 8563 8545
f 8549 8556 8435
f 8442 8432 8569
f 8558 8565 8431
f 8533 8551 8427
f 8560 8554 8495
f 8538 8540 8536
f 8568 8562 8566
f 8564 8567 8563
f 8569 8557 8442
f 8559 8429 8428
f 8552 8561 8553
f 8568 8570 8567
f 8565 8569 8432
f 8566 8570 8568
f 8495 8494 8560
f 8503 8571 8441
f 8571 1522 1461
f 1461 8441 8571
f 8503 1523 1522
f 8505 1530 1523
f 8504 1531 1530
f 8507 1535 1531
f 8506 1529 1535
f 8525 1519 1529
f 8532 1513 1519
f 8548 1508 1513
f 8556 1509 1508
f 8549 1518 1509
f 1503 1518 8549
f 8557 1475 1503
f 8569 1476 1475
f 8565 1480 1476
f 8558 1473 1480
f 8559 1474 1473
f 1479 1474 8559
f 8533 1489 1479
f 8517 1495 1489
f 8508 1507 1495
f 8509 1468 1507
f 8518 1455 1468
f 1456 1455 8518
f 8535 1457 1456
f 1459 1457 8535
f 8519 1462 1459
f 8510 1471 1462
f 1478 1471 8510
f 8481 1486 1478
f 8482 1484 1486
f 8483 1485 1484
f 8462 1494 1485
f 8464 1488 1494
f 1469 1488 8464
f 8473 1470 1469
f 8466 1477 1470
f 8465 1483 1477
f 8461 1493 1483
f 8460 1502 1493
f 8459 1472 1502
f 8458 1606 1472
f 8457 1609 1606
f 8449 1615 1609
f 8445 1614 1615
f 1555 1614 8445
f 8448 1602 1555
f 8451 1597 1602
f 8452 1592 1597
f 1583 1592 8452
f 8456 1560 1583
f 8495 1561 1560
f 8554 1568 1561
f 8553 1566 1568
f 8537 1567 1566
f 1581 1567 8537
f 8539 1582 1581
f 8541 1586 1582
f 1541 1586 8541
f 8562 1542 1541
f 8568 1543 1542
f 8564 1547 1543
f 1549 1547 8564
f 8528 1552 1549
f 8521 1558 1552
f 8512 1565 1558
f 8498 1576 1565
f 8497 1574 1576
f 8500 1575 1574
f 8515 1559 1575
f 8514 1556 1559
f 8530 1557 1556
f 1564 1557 8530
f 8516 1573 1564
f 8501 1580 1573
f 8493 1585 1580
f 8488 1589 1585
f 8486 1587 1589
f 8489 1588 1587
f 8478 1601 1588
f 8477 1595 1601
f 8480 1596 1595
f 8469 1600 1596
f 1605 1600 8469
f 8472 1620 1605
f 8471 1623 1620
f 1620 8472 8471
f 1605 8468 8472
f 8469 8468 1605
f 1596 8480 8469
f 1595 8477 8480
f 1601 8478 8477
f 1588 8489 8478
f 1587 8486 8489
f 1589 8488 8486
f 1585 8493 8488
f 1580 8501 8493
f 1573 8516 8501
f 1564 8524 8516
f 8530 8524 1564
f 1556 8514 8530
f 1559 8515 8514
f 1575 8500 8515
f 1574 8497 8500
f 1576 8498 8497
f 1565 8512 8498
f 1558 8521 8512
f 1552 8528 8521
f 1549 8546 8528
f 8564 8546 1549
f 1543 8568 8564
f 1542 8562 8568
f 1541 8543 8562
f 8541 8543 1541
f 1582 8539 8541
f 1581 8536 8539
f 8537 8536 1581
f 1566 8553 8537
f 1568 8554 8553
f 1561 8495 8554
f 1560 8456 8495
f 1583 8454 8456
f 8452 8454 1583
f 1597 8451 8452
f 1602 8448 8451
f 1555 8446 8448
f 8445 8446 1555
f 1615 8449 8445
f 1609 8457 8449
f 1606 8458 8457
f 1472 8459 8458
f 1502 8460 8459
f 1493 8461 8460
f 1483 8465 8461
f 1477 8466 8465
f 1470 8473 8466
f 1469 8463 8473
f 8464 8463 1469
f 1494 8462 8464
f 1485 8483 8462
f 1484 8482 8483
f 1486 8481 8482
f 1478 8491 8481
f 8510 8491 1478
f 1462 8519 8510
f 1459 8526 8519
f 8535 8526 1459
f 1456 8534 8535
f 8518 8534 1456
f 1468 8509 8518
f 1507 8508 8509
f 1495 8517 8508
f 1489 8533 8517
f 1479 8551 8533
f 8559 8551 1479
f 1473 8558 8559
f 1480 8565 8558
f 1476 8569 8565
f 1475 8557 8569
f 1503 8550 8557
f 8549 8550 1503
f 1509 8556 8549
f 1508 8548 8556
f 1513 8532 8548
f 1519 8525 8532
f 1529 8506 8525
f 1535 8507 8506
f 1531 8504 8507
f 1530 8505 8504
f 1523 8503 8505
f 1522 8571 8503
f 8470 1594 1623
f 1623 8471 8470
f 8475 1591 1594
f 8467 1599 1591
f 8474 1604 1599
f 8479 1608 1604
f 1613 1608 8479
f 8490 1618 1613
f 8485 1611 1618
f 8484 1612 1611
f 8487 1617 1612
f 8492 1622 1617
f 8502 1621 1622
f 8523 1619 1621
f 1616 1619 8523
f 8547 1610 1616
f 8529 1607 1610
f 1603 1607 8529
f 8522 1598 1603
f 8499 1593 1598
f 8496 1590 1593
f 8511 1579 1590
f 8520 1571 1579
f 8527 1572 1571
f 8545 1578 1572
f 8563 1570 1578
f 8567 1563 1570
f 8570 1554 1563
f 8566 1551 1554
f 1548 1551 8566
f 8544 1546 1548
f 8542 1539 1546
f 8540 1540 1539
f 8538 1584 1540
f 8561 1569 1584
f 8552 1562 1569
f 8560 1553 1562
f 1550 1553 8560
f 8455 1545 1550
f 1538 1545 8455
f 8450 1536 1538
f 8447 1537 1536
f 8444 1544 1537
f 1537 8447 8444
f 1536 8450 8447
f 1538 8453 8450
f 8455 8453 1538
f 1550 8494 8455
f 8560 8494 1550
f 1562 8552 8560
f 1569 8561 8552
f 1584 8538 8561
f 1540 8540 8538
f 1539 8542 8540
f 1546 8544 8542
f 1548 8555 8544
f 8566 8555 1548
f 1554 8570 8566
f 1563 8567 8570
f 1570 8563 8567
f 1578 8545 8563
f 1572 8527 8545
f 1571 8520 8527
f 1579 8511 8520
f 1590 8496 8511
f 1593 8499 8496
f 1598 8522 8499
f 1603 8513 8522
f 8529 8513 1603
f 1610 8547 8529
f 1616 8531 8547
f 8523 8531 1616
f 1621 8502 8523
f 1622 8492 8502
f 1617 8487 8492
f 1612 8484 8487
f 1611 8485 8484
f 1618 8490 8485
f 1613 8476 8490
f 8479 8476 1613
f 1604 8474 8479
f 1599 8467 8474
f 1591 8475 8467
f 1594 8470 8475
usemtl 0,103,178
f 8572 8573 1863
f 8573 1862 1863
f 1863 1860 8572
f 8574 8573 8572
f 8572 8575 8574
f 8572 1860 1861
f 1861 8575 8572
f 1861 1866 8575
f 8575 1866 1867
f 1867 8574 8575
f 1867 1864 8574
f 8573 8574 1865
f 8574 1864 1865
f 1865 1862 8573
usemtl 217,0,0
f 8576 1869 1870
f 1870 8577 8576
f 8578 8576 8577
f 8577 8579 8578
f 8577 1870 1871
f 1871 8579 8577
f 1871 1877 8579
f 8579 1877 1873
f 1873 8578 8579
f 8576 8578 1874
f 8578 1873 1874
f 1874 1869 8576
usemtl 178,178,178
f 6387 6394 8580
f 6281 6387 8581
f 6282 6281 8582
f 6304 6282 8583
f 6302 6304 8584
f 6303 6302 8585
f 6337 6303 8586
f 6338 6337 8587
f 6359 6338 8588
f 6335 6359 8589
f 6336 6335 8590
f 6357 6336 8591
f 6358 6357 8592
f 6333 6358 8593
f 6334 6333 8594
f 6332 6334 8595
f 6300 6332 8596
f 6301 6300 8597
f 6355 6301 8598
f 6356 6355 8599
f 6353 6356 8600
f 6354 6353 8601
f 6385 6354 8602
f 6386 6385 8603
f 6374 6386 8604
f 6375 6374 8605
f 6330 6375 8606
f 6331 6330 8607
f 6329 6331 8608
f 6298 6329 8609
f 6299 6298 8610
f 6280 6299 8611
f 6267 6280 8612
f 6268 6267 8613
f 6260 6268 8614
f 6254 6260 8615
f 6266 6254 8616
f 6279 6266 8617
f 6277 6279 8618
f 6278 6277 8619
f 6297 6278 8620
f 6295 6297 8621
f 6296 6295 8622
f 6328 6296 8623
f 6326 6328 8624
f 6327 6326 8625
f 6352 6327 8626
f 6373 6352 8627
f 6350 6373 8628
f 6351 6350 8629
f 6349 6351 8630
f 6324 6349 8631
f 6325 6324 8632
f 6347 6325 8633
f 6348 6347 8634
f 6372 6348 8635
f 6371 6372 8636
f 6346 6371 8637
f 6322 6346 8638
f 6323 6322 8639
f 6395 6323 8640
f 6396 6395 8641
f 6383 6396 8642
f 6384 6383 8643
f 6381 6384 8644
f 6382 6381 8645
f 6392 6382 8646
f 6393 6392 8647
f 6369 6393 8648
f 6370 6369 8649
f 6380 6370 8650
f 6368 6380 8651
f 6366 6368 8652
f 6368 8653 8652
f 6367 6366 8654
f 6390 6367 8655
f 6391 6390 8656
f 6364 6391 8657
f 6365 6364 8658
f 6379 6365 8659
f 6344 6379 8660
f 6345 6344 8661
f 6363 6345 8662
f 6320 6363 8663
f 6321 6320 8664
f 6318 6321 8665
f 6319 6318 8666
f 6362 6319 8667
f 6389 6362 8668
f 6377 6389 8669
f 6378 6377 8670
f 6360 6378 8671
f 6361 6360 8672
f 6342 6361 8673
f 6343 6342 8674
f 6340 6343 8675
f 6341 6340 8676
f 6275 6341 8677
f 6276 6275 8678
f 6294 6276 8679
f 6292 6294 8680
f 6293 6292 8681
f 6274 6293 8682
f 6265 6274 8683
f 6258 6265 8684
f 6259 6258 8685
f 6273 6259 8686
f 6257 6273 8687
f 6252 6257 8688
f 6253 6252 8689
f 6255 6253 8690
f 6256 6255 8691
f 6317 6256 8692
f 6263 6317 8693
f 6264 6263 8694
f 6272 6264 8695
f 6291 6272 8696
f 6316 6291 8697
f 6289 6316 8698
f 6290 6289 8699
f 6271 6290 8700
f 6261 6271 8701
f 6262 6261 8702
f 6269 6262 8703
f 6270 6269 8704
f 6314 6270 8705
f 6315 6314 8706
f 6312 6315 8707
f 6313 6312 8708
f 6310 6313 8709
f 6311 6310 8710
f 6339 6311 8711
f 6287 6339 8712
f 6288 6287 8713
f 6285 6288 8714
f 6286 6285 8715
f 6308 6286 8716
f 6309 6308 8717
f 6306 6309 8718
f 6307 6306 8719
f 6283 6307 8720
f 6284 6283 8721
f 6305 6284 8722
f 6376 6305 8723
f 6388 6376 8724
f 6394 6388 8725
f 8725 8580 6394
f 8724 8725 6388
f 8723 8724 6376
f 8722 8723 6305
f 8721 8722 6284
f 8720 8721 6283
f 8719 8720 6307
f 8718 8719 6306
f 8717 8718 6309
f 8716 8717 6308
f 8715 8716 6286
f 8714 8715 6285
f 8713 8714 6288
f 8712 8713 6287
f 8711 8712 6339
f 8710 8711 6311
f 8709 8710 6310
f 8708 8709 6313
f 8707 8708 6312
f 8706 8707 6315
f 8705 8706 6314
f 8704 8705 6270
f 8703 8704 6269
f 8702 8703 6262
f 8701 8702 6261
f 8700 8701 6271
f 8699 8700 6290
f 8698 8699 6289
f 8697 8698 6316
f 8696 8697 6291
f 8695 8696 6272
f 8694 8695 6264
f 8693 8694 6263
f 8692 8693 6317
f 8691 8692 6256
f 8690 8691 6255
f 8689 8690 6253
f 8688 8689 6252
f 8687 8688 6257
f 8686 8687 6273
f 8685 8686 6259
f 8684 8685 6258
f 8683 8684 6265
f 8682 8683 6274
f 8681 8682 6293
f 8680 8681 6292
f 8679 8680 6294
f 8678 8679 6276
f 8677 8678 6275
f 8676 8677 6341
f 8675 8676 6340
f 8674 8675 6343
f 8673 8674 6342
f 8672 8673 6361
f 8671 8672 6360
f 8670 8671 6378
f 8669 8670 6377
f 8668 8669 6389
f 8667 8668 6362
f 8666 8667 6319
f 8665 8666 6318
f 8664 8665 6321
f 8663 8664 6320
f 8662 8663 6363
f 8661 8662 6345
f 8660 8661 6344
f 8659 8660 6379
f 8658 8659 6365
f 8657 8658 6364
f 8656 8657 6391
f 8655 8656 6390
f 8654 8655 6367
f 8652 8654 6366
f 8651 8653 6368
f 8650 8651 6380
f 8649 8650 6370
f 8648 8649 6369
f 8647 8648 6393
f 8646 8647 6392
f 8645 8646 6382
f 8644 8645 6381
f 8643 8644 6384
f 8642 8643 6383
f 8641 8642 6396
f 8640 8641 6395
f 8639 8640 6323
f 8638 8639 6322
f 8637 8638 6346
f 8636 8637 6371
f 8635 8636 6372
f 8634 8635 6348
f 8633 8634 6347
f 8632 8633 6325
f 8631 8632 6324
f 8630 8631 6349
f 8629 8630 6351
f 8628 8629 6350
f 8627 8628 6373
f 8626 8627 6352
f 8625 8626 6327
f 8624 8625 6326
f 8623 8624 6328
f 8622 8623 6296
f 8621 8622 6295
f 8620 8621 6297
f 8619 8620 6278
f 8618 8619 6277
f 8617 8618 6279
f 8616 8617 6266
f 8615 8616 6254
f 8614 8615 6260
f 8613 8614 6268
f 8612 8613 6267
f 8611 8612 6280
f 8610 8611 6299
f 8609 8610 6298
f 8608 8609 6329
f 8607 8608 6331
f 8606 8607 6330
f 8605 8606 6375
f 8604 8605 6374
f 8603 8604 6386
f 8602 8603 6385
f 8601 8602 6354
f 8600 8601 6353
f 8599 8600 6356
f 8598 8599 6355
f 8597 8598 6301
f 8596 8597 6300
f 8595 8596 6332
f 8594 8595 6334
f 8593 8594 6333
f 8592 8593 6358
f 8591 8592 6357
f 8590 8591 6336
f 8589 8590 6335
f 8588 8589 6359
f 8587 8588 6338
f 8586 8587 6337
f 8585 8586 6303
f 8584 8585 6302
f 8583 8584 6304
f 8582 8583 6282
f 8581 8582 6281
f 8580 8581 6387
f 6538 6526 8726
f 6430 6538 8727
f 6431 6430 8728
f 6453 6431 8729
f 6451 6453 8730
f 6452 6451 8731
f 6486 6452 8732
f 6487 6486 8733
f 6508 6487 8734
f 6484 6508 8735
f 6485 6484 8736
f 6506 6485 8737
f 6507 6506 8738
f 6482 6507 8739
f 6483 6482 8740
f 6481 6483 8741
f 6449 6481 8742
f 6450 6449 8743
f 6504 6450 8744
f 6505 6504 8745
f 6502 6505 8746
f 6503 6502 8747
f 6536 6503 8748
f 6537 6536 8749
f 6523 6537 8750
f 6524 6523 8751
f 6479 6524 8752
f 6480 6479 8753
f 6478 6480 8754
f 6447 6478 8755
f 6448 6447 8756
f 6429 6448 8757
f 6416 6429 8758
f 6417 6416 8759
f 6409 6417 8760
f 6403 6409 8761
f 6415 6403 8762
f 6428 6415 8763
f 6426 6428 8764
f 6427 6426 8765
f 6446 6427 8766
f 6444 6446 8767
f 6445 6444 8768
f 6477 6445 8769
f 6475 6477 8770
f 6476 6475 8771
f 6501 6476 8772
f 6522 6501 8773
f 6499 6522 8774
f 6500 6499 8775
f 6498 6500 8776
f 6473 6498 8777
f 6474 6473 8778
f 6496 6474 8779
f 6497 6496 8780
f 6521 6497 8781
f 6520 6521 8782
f 6495 6520 8783
f 6471 6495 8784
f 6472 6471 8785
f 6544 6472 8786
f 6545 6544 8787
f 6534 6545 8788
f 6535 6534 8789
f 6532 6535 8790
f 6533 6532 8791
f 6542 6533 8792
f 6543 6542 8793
f 6518 6543 8794
f 6519 6518 8795
f 6531 6519 8796
f 6517 6531 8797
f 6515 6517 8798
f 6517 8799 8798
f 6516 6515 8800
f 6540 6516 8801
f 6541 6540 8802
f 6513 6541 8803
f 6514 6513 8804
f 6530 6514 8805
f 6493 6530 8806
f 6494 6493 8807
f 6512 6494 8808
f 6469 6512 8809
f 6470 6469 8810
f 6467 6470 8811
f 6468 6467 8812
f 6511 6468 8813
f 6539 6511 8814
f 6528 6539 8815
f 6529 6528 8816
f 6509 6529 8817
f 6510 6509 8818
f 6491 6510 8819
f 6492 6491 8820
f 6489 6492 8821
f 6490 6489 8822
f 6424 6490 8823
f 6425 6424 8824
f 6443 6425 8825
f 6441 6443 8826
f 6442 6441 8827
f 6423 6442 8828
f 6414 6423 8829
f 6407 6414 8830
f 6408 6407 8831
f 6422 6408 8832
f 6406 6422 8833
f 6401 6406 8834
f 6402 6401 8835
f 6404 6402 8836
f 6405 6404 8837
f 6466 6405 8838
f 6412 6466 8839
f 6413 6412 8840
f 6421 6413 8841
f 6440 6421 8842
f 6465 6440 8843
f 6438 6465 8844
f 6439 6438 8845
f 6420 6439 8846
f 6410 6420 8847
f 6411 6410 8848
f 6418 6411 8849
f 6419 6418 8850
f 6463 6419 8851
f 6464 6463 8852
f 6461 6464 8853
f 6462 6461 8854
f 6459 6462 8855
f 6460 6459 8856
f 6488 6460 8857
f 6436 6488 8858
f 6437 6436 8859
f 6434 6437 8860
f 6435 6434 8861
f 6457 6435 8862
f 6458 6457 8863
f 6455 6458 8864
f 6456 6455 8865
f 6432 6456 8866
f 6433 6432 8867
f 6454 6433 8868
f 6527 6454 8869
f 6525 6527 8870
f 6526 6525 8871
f 8871 8726 6526
f 8870 8871 6525
f 8869 8870 6527
f 8868 8869 6454
f 8867 8868 6433
f 8866 8867 6432
f 8865 8866 6456
f 8864 8865 6455
f 8863 8864 6458
f 8862 8863 6457
f 8861 8862 6435
f 8860 8861 6434
f 8859 8860 6437
f 8858 8859 6436
f 8857 8858 6488
f 8856 8857 6460
f 8855 8856 6459
f 8854 8855 6462
f 8853 8854 6461
f 8852 8853 6464
f 8851 8852 6463
f 8850 8851 6419
f 8849 8850 6418
f 8848 8849 6411
f 8847 8848 6410
f 8846 8847 6420
f 8845 8846 6439
f 8844 8845 6438
f 8843 8844 6465
f 8842 8843 6440
f 8841 8842 6421
f 8840 8841 6413
f 8839 8840 6412
f 8838 8839 6466
f 8837 8838 6405
f 8836 8837 6404
f 8835 8836 6402
f 8834 8835 6401
f 8833 8834 6406
f 8832 8833 6422
f 8831 8832 6408
f 8830 8831 6407
f 8829 8830 6414
f 8828 8829 6423
f 8827 8828 6442
f 8826 8827 6441
f 8825 8826 6443
f 8824 8825 6425
f 8823 8824 6424
f 8822 8823 6490
f 8821 8822 6489
f 8820 8821 6492
f 8819 8820 6491
f 8818 8819 6510
f 8817 8818 6509
f 8816 8817 6529
f 8815 8816 6528
f 8814 8815 6539
f 8813 8814 6511
f 8812 8813 6468
f 8811 8812 6467
f 8810 8811 6470
f 8809 8810 6469
f 8808 8809 6512
f 8807 8808 6494
f 8806 8807 6493
f 8805 8806 6530
f 8804 8805 6514
f 8803 8804 6513
f 8802 8803 6541
f 8801 8802 6540
f 8800 8801 6516
f 8798 8800 6515
f 8797 8799 6517
f 8796 8797 6531
f 8795 8796 6519
f 8794 8795 6518
f 8793 8794 6543
f 8792 8793 6542
f 8791 8792 6533
f 8790 8791 6532
f 8789 8790 6535
f 8788 8789 6534
f 8787 8788 6545
f 8786 8787 6544
f 8785 8786 6472
f 8784 8785 6471
f 8783 8784 6495
f 8782 8783 6520
f 8781 8782 6521
f 8780 8781 6497
f 8779 8780 6496
f 8778 8779 6474
f 8777 8778 6473
f 8776 8777 6498
f 8775 8776 6500
f 8774 8775 6499
f 8773 8774 6522
f 8772 8773 6501
f 8771 8772 6476
f 8770 8771 6475
f 8769 8770 6477
f 8768 8769 6445
f 8767 8768 6444
f 8766 8767 6446
f 8765 8766 6427
f 8764 8765 6426
f 8763 8764 6428
f 8762 8763 6415
f 8761 8762 6403
f 8760 8761 6409
f 8759 8760 6417
f 8758 8759 6416
f 8757 8758 6429
f 8756 8757 6448
f 8755 8756 6447
f 8754 8755 6478
f 8753 8754 6480
f 8752 8753 6479
f 8751 8752 6524
f 8750 8751 6523
f 8749 8750 6537
f 8748 8749 6536
f 8747 8748 6503
f 8746 8747 6502
f 8745 8746 6505
f 8744 8745 6504
f 8743 8744 6450
f 8742 8743 6449
f 8741 8742 6481
f 8740 8741 6483
f 8739 8740 6482
f 8738 8739 6507
f 8737 8738 6506
f 8736 8737 6485
f 8735 8736 6484
f 8734 8735 6508
f 8733 8734 6487
f 8732 8733 6486
f 8731 8732 6452
f 8730 8731 6451
f 8729 8730 6453
f 8728 8729 6431
f 8727 8728 6430
f 8726 8727 6538
f 6691 6693 8872
f 6610 6691 8873
f 6611 6610 8874
f 6634 6611 8875
f 6651 6634 8876
f 6666 6651 8877
f 6649 6666 8878
f 6650 6649 8879
f 6648 6650 8880
f 6632 6648 8881
f 6633 6632 8882
f 6679 6633 8883
f 6680 6679 8884
f 6677 6680 8885
f 6678 6677 8886
f 6675 6678 8887
f 6676 6675 8888
f 6665 6676 8889
f 6630 6665 8890
f 6631 6630 8891
f 6628 6631 8892
f 6629 6628 8893
f 6663 6629 8894
f 6664 6663 8895
f 6662 6664 8896
f 6646 6662 8897
f 6647 6646 8898
f 6661 6647 8899
f 6645 6661 8900
f 6626 6645 8901
f 6627 6626 8902
f 6625 6627 8903
f 6608 6625 8904
f 6609 6608 8905
f 6598 6609 8906
f 6592 6598 8907
f 6607 6592 8908
f 6624 6607 8909
f 6605 6624 8910
f 6606 6605 8911
f 6623 6606 8912
f 6644 6623 8913
f 6659 6644 8914
f 6660 6659 8915
f 6690 6660 8916
f 6673 6690 8917
f 6674 6673 8918
f 6689 6674 8919
f 6671 6689 8920
f 6672 6671 8921
f 6669 6672 8922
f 6670 6669 8923
f 6688 6670 8924
f 6692 6688 8925
f 6686 6692 8926
f 6687 6686 8927
f 6685 6687 8928
f 6668 6685 8929
f 6658 6668 8930
f 6642 6658 8931
f 6643 6642 8932
f 6683 6643 8933
f 6684 6683 8934
f 6621 6684 8935
f 6622 6621 8936
f 6641 6622 8937
f 6639 6641 8938
f 6640 6639 8939
f 6619 6640 8940
f 6620 6619 8941
f 6638 6620 8942
f 6618 6638 8943
f 6617 6618 8944
f 6618 8945 8944
f 6603 6617 8946
f 6604 6603 8947
f 6657 6604 8948
f 6636 6657 8949
f 6637 6636 8950
f 6597 6637 8951
f 6590 6597 8952
f 6591 6590 8953
f 6602 6591 8954
f 6601 6602 8955
f 6596 6601 8956
f 6588 6596 8957
f 6589 6588 8958
f 6635 6589 8959
f 6586 6635 8960
f 6587 6586 8961
f 6584 6587 8962
f 6585 6584 8963
f 6595 6585 8964
f 6582 6595 8965
f 6583 6582 8966
f 6593 6583 8967
f 6594 6593 8968
f 6580 6594 8969
f 6571 6580 8970
f 6572 6571 8971
f 6578 6572 8972
f 6579 6578 8973
f 6570 6579 8974
f 6564 6570 8975
f 6558 6564 8976
f 6559 6558 8977
f 6563 6559 8978
f 6555 6563 8979
f 6550 6555 8980
f 6551 6550 8981
f 6554 6551 8982
f 6552 6554 8983
f 6553 6552 8984
f 6556 6553 8985
f 6557 6556 8986
f 6562 6557 8987
f 6560 6562 8988
f 6561 6560 8989
f 6569 6561 8990
f 6567 6569 8991
f 6568 6567 8992
f 6576 6568 8993
f 6577 6576 8994
f 6574 6577 8995
f 6575 6574 8996
f 6581 6575 8997
f 6565 6581 8998
f 6566 6565 8999
f 6573 6566 9000
f 6599 6573 9001
f 6600 6599 9002
f 6616 6600 9003
f 6655 6616 9004
f 6656 6655 9005
f 6614 6656 9006
f 6615 6614 9007
f 6612 6615 9008
f 6613 6612 9009
f 6654 6613 9010
f 6667 6654 9011
f 6652 6667 9012
f 6653 6652 9013
f 6681 6653 9014
f 6682 6681 9015
f 6694 6682 9016
f 6693 6694 9017
f 9017 8872 6693
f 9016 9017 6694
f 9015 9016 6682
f 9014 9015 6681
f 9013 9014 6653
f 9012 9013 6652
f 9011 9012 6667
f 9010 9011 6654
f 9009 9010 6613
f 9008 9009 6612
f 9007 9008 6615
f 9006 9007 6614
f 9005 9006 6656
f 9004 9005 6655
f 9003 9004 6616
f 9002 9003 6600
f 9001 9002 6599
f 9000 9001 6573
f 8999 9000 6566
f 8998 8999 6565
f 8997 8998 6581
f 8996 8997 6575
f 8995 8996 6574
f 8994 8995 6577
f 8993 8994 6576
f 8992 8993 6568
f 8991 8992 6567
f 8990 8991 6569
f 8989 8990 6561
f 8988 8989 6560
f 8987 8988 6562
f 8986 8987 6557
f 8985 8986 6556
f 8984 8985 6553
f 8983 8984 6552
f 8982 8983 6554
f 8981 8982 6551
f 8980 8981 6550
f 8979 8980 6555
f 8978 8979 6563
f 8977 8978 6559
f 8976 8977 6558
f 8975 8976 6564
f 8974 8975 6570
f 8973 8974 6579
f 8972 8973 6578
f 8971 8972 6572
f 8970 8971 6571
f 8969 8970 6580
f 8968 8969 6594
f 8967 8968 6593
f 8966 8967 6583
f 8965 8966 6582
f 8964 8965 6595
f 8963 8964 6585
f 8962 8963 6584
f 8961 8962 6587
f 8960 8961 6586
f 8959 8960 6635
f 8958 8959 6589
f 8957 8958 6588
f 8956 8957 6596
f 8955 8956 6601
f 8954 8955 6602
f 8953 8954 6591
f 8952 8953 6590
f 8951 8952 6597
f 8950 8951 6637
f 8949 8950 6636
f 8948 8949 6657
f 8947 8948 6604
f 8946 8947 6603
f 8944 8946 6617
f 8943 8945 6618
f 8942 8943 6638
f 8941 8942 6620
f 8940 8941 6619
f 8939 8940 6640
f 8938 8939 6639
f 8937 8938 6641
f 8936 8937 6622
f 8935 8936 6621
f 8934 8935 6684
f 8933 8934 6683
f 8932 8933 6643
f 8931 8932 6642
f 8930 8931 6658
f 8929 8930 6668
f 8928 8929 6685
f 8927 8928 6687
f 8926 8927 6686
f 8925 8926 6692
f 8924 8925 6688
f 8923 8924 6670
f 8922 8923 6669
f 8921 8922 6672
f 8920 8921 6671
f 8919 8920 6689
f 8918 8919 6674
f 8917 8918 6673
f 8916 8917 6690
f 8915 8916 6660
f 8914 8915 6659
f 8913 8914 6644
f 8912 8913 6623
f 8911 8912 6606
f 8910 8911 6605
f 8909 8910 6624
f 8908 8909 6607
f 8907 8908 6592
f 8906 8907 6598
f 8905 8906 6609
f 8904 8905 6608
f 8903 8904 6625
f 8902 8903 6627
f 8901 8902 6626
f 8900 8901 6645
f 8899 8900 6661
f 8898 8899 6647
f 8897 8898 6646
f 8896 8897 6662
f 8895 8896 6664
f 8894 8895 6663
f 8893 8894 6629
f 8892 8893 6628
f 8891 8892 6631
f 8890 8891 6630
f 8889 8890 6665
f 8888 8889 6676
f 8887 8888 6675
f 8886 8887 6678
f 8885 8886 6677
f 8884 8885 6680
f 8883 8884 6679
f 8882 8883 6633
f 8881 8882 6632
f 8880 8881 6648
f 8879 8880 6650
f 8878 8879 6649
f 8877 8878 6666
f 8876 8877 6651
f 8875 8876 6634
f 8874 8875 6611
f 8873 8874 6610
f 8872 8873 6691
f 6841 6842 9018
f 6808 6841 9019
f 6809 6808 9020
f 6823 6809 9021
f 6833 6823 9022
f 6807 6833 9023
f 6777 6807 9024
f 6778 6777 9025
f 6806 6778 9026
f 6775 6806 9027
f 6776 6775 9028
f 6822 6776 9029
f 6805 6822 9030
f 6773 6805 9031
f 6774 6773 9032
f 6839 6774 9033
f 6840 6839 9034
f 6832 6840 9035
f 6803 6832 9036
f 6804 6803 9037
f 6821 6804 9038
f 6771 6821 9039
f 6772 6771 9040
f 6802 6772 9041
f 6820 6802 9042
f 6769 6820 9043
f 6770 6769 9044
f 6801 6770 9045
f 6767 6801 9046
f 6768 6767 9047
f 6732 6768 9048
f 6733 6732 9049
f 6713 6733 9050
f 6714 6713 9051
f 6702 6714 9052
f 6701 6702 9053
f 6708 6701 9054
f 6712 6708 9055
f 6710 6712 9056
f 6711 6710 9057
f 6717 6711 9058
f 6730 6717 9059
f 6731 6730 9060
f 6751 6731 9061
f 6831 6751 9062
f 6818 6831 9063
f 6819 6818 9064
f 6817 6819 9065
f 6765 6817 9066
f 6766 6765 9067
f 6764 6766 9068
f 6749 6764 9069
f 6750 6749 9070
f 6763 6750 9071
f 6747 6763 9072
f 6748 6747 9073
f 6761 6748 9074
f 6762 6761 9075
f 6800 6762 9076
f 6759 6800 9077
f 6760 6759 9078
f 6798 6760 9079
f 6799 6798 9080
f 6816 6799 9081
f 6830 6816 9082
f 6796 6830 9083
f 6797 6796 9084
f 6815 6797 9085
f 6757 6815 9086
f 6758 6757 9087
f 6795 6758 9088
f 6756 6795 9089
f 6755 6756 9090
f 6756 9091 9090
f 6745 6755 9092
f 6746 6745 9093
f 6836 6746 9094
f 6828 6836 9095
f 6829 6828 9096
f 6743 6829 9097
f 6744 6743 9098
f 6754 6744 9099
f 6741 6754 9100
f 6742 6741 9101
f 6753 6742 9102
f 6793 6753 9103
f 6794 6793 9104
f 6827 6794 9105
f 6791 6827 9106
f 6792 6791 9107
f 6789 6792 9108
f 6790 6789 9109
f 6814 6790 9110
f 6787 6814 9111
f 6788 6787 9112
f 6812 6788 9113
f 6813 6812 9114
f 6826 6813 9115
f 6728 6826 9116
f 6729 6728 9117
f 6726 6729 9118
f 6727 6726 9119
f 6716 6727 9120
f 6709 6716 9121
f 6706 6709 9122
f 6707 6706 9123
f 6715 6707 9124
f 6705 6715 9125
f 6699 6705 9126
f 6700 6699 9127
f 6703 6700 9128
f 6704 6703 9129
f 6740 6704 9130
f 6724 6740 9131
f 6725 6724 9132
f 6739 6725 9133
f 6752 6739 9134
f 6785 6752 9135
f 6786 6785 9136
f 6783 6786 9137
f 6784 6783 9138
f 6737 6784 9139
f 6738 6737 9140
f 6735 6738 9141
f 6736 6735 9142
f 6722 6736 9143
f 6723 6722 9144
f 6720 6723 9145
f 6721 6720 9146
f 6718 6721 9147
f 6719 6718 9148
f 6734 6719 9149
f 6837 6734 9150
f 6838 6837 9151
f 6824 6838 9152
f 6825 6824 9153
f 6781 6825 9154
f 6782 6781 9155
f 6811 6782 9156
f 6810 6811 9157
f 6779 6810 9158
f 6780 6779 9159
f 6834 6780 9160
f 6835 6834 9161
f 6843 6835 9162
f 6842 6843 9163
f 9163 9018 6842
f 9162 9163 6843
f 9161 9162 6835
f 9160 9161 6834
f 9159 9160 6780
f 9158 9159 6779
f 9157 9158 6810
f 9156 9157 6811
f 9155 9156 6782
f 9154 9155 6781
f 9153 9154 6825
f 9152 9153 6824
f 9151 9152 6838
f 9150 9151 6837
f 9149 9150 6734
f 9148 9149 6719
f 9147 9148 6718
f 9146 9147 6721
f 9145 9146 6720
f 9144 9145 6723
f 9143 9144 6722
f 9142 9143 6736
f 9141 9142 6735
f 9140 9141 6738
f 9139 9140 6737
f 9138 9139 6784
f 9137 9138 6783
f 9136 9137 6786
f 9135 9136 6785
f 9134 9135 6752
f 9133 9134 6739
f 9132 9133 6725
f 9131 9132 6724
f 9130 9131 6740
f 9129 9130 6704
f 9128 9129 6703
f 9127 9128 6700
f 9126 9127 6699
f 9125 9126 6705
f 9124 9125 6715
f 9123 9124 6707
f 9122 9123 6706
f 9121 9122 6709
f 9120 9121 6716
f 9119 9120 6727
f 9118 9119 6726
f 9117 9118 6729
f 9116 9117 6728
f 9115 9116 6826
f 9114 9115 6813
f 9113 9114 6812
f 9112 9113 6788
f 9111 9112 6787
f 9110 9111 6814
f 9109 9110 6790
f 9108 9109 6789
f 9107 9108 6792
f 9106 9107 6791
f 9105 9106 6827
f 9104 9105 6794
f 9103 9104 6793
f 9102 9103 6753
f 9101 9102 6742
f 9100 9101 6741
f 9099 9100 6754
f 9098 9099 6744
f 9097 9098 6743
f 9096 9097 6829
f 9095 9096 6828
f 9094 9095 6836
f 9093 9094 6746
f 9092 9093 6745
f 9090 9092 6755
f 9089 9091 6756
f 9088 9089 6795
f 9087 9088 6758
f 9086 9087 6757
f 9085 9086 6815
f 9084 9085 6797
f 9083 9084 6796
f 9082 9083 6830
f 9081 9082 6816
f 9080 9081 6799
f 9079 9080 6798
f 9078 9079 6760
f 9077 9078 6759
f 9076 9077 6800
f 9075 9076 6762
f 9074 9075 6761
f 9073 9074 6748
f 9072 9073 6747
f 9071 9072 6763
f 9070 9071 6750
f 9069 9070 6749
f 9068 9069 6764
f 9067 9068 6766
f 9066 9067 6765
f 9065 9066 6817
f 9064 9065 6819
f 9063 9064 6818
f 9062 9063 6831
f 9061 9062 6751
f 9060 9061 6731
f 9059 9060 6730
f 9058 9059 6717
f 9057 9058 6711
f 9056 9057 6710
f 9055 9056 6712
f 9054 9055 6708
f 9053 9054 6701
f 9052 9053 6702
f 9051 9052 6714
f 9050 9051 6713
f 9049 9050 6733
f 9048 9049 6732
f 9047 9048 6768
f 9046 9047 6767
f 9045 9046 6801
f 9044 9045 6770
f 9043 9044 6769
f 9042 9043 6820
f 9041 9042 6802
f 9040 9041 6772
f 9039 9040 6771
f 9038 9039 6821
f 9037 9038 6804
f 9036 9037 6803
f 9035 9036 6832
f 9034 9035 6840
f 9033 9034 6839
f 9032 9033 6774
f 9031 9032 6773
f 9030 9031 6805
f 9029 9030 6822
f 9028 9029 6776
f 9027 9028 6775
f 9026 9027 6806
f 9025 9026 6778
f 9024 9025 6777
f 9023 9024 6807
f 9022 9023 6833
f 9021 9022 6823
f 9020 9021 6809
f 9019 9020 6808
f 9018 9019 6841
f 7141 7144 9164
f 7048 7141 9165
f 7049 7048 9166
f 7071 7049 9167
f 7102 7071 9168
f 7119 7102 9169
f 7100 7119 9170
f 7101 7100 9171
f 7099 7101 9172
f 7069 7099 9173
f 7070 7069 9174
f 7135 7070 9175
f 7136 7135 9176
f 7133 7136 9177
f 7134 7133 9178
f 7131 7134 9179
f 7132 7131 9180
f 7118 7132 9181
f 7067 7118 9182
f 7068 7067 9183
f 7065 7068 9184
f 7066 7065 9185
f 7116 7066 9186
f 7117 7116 9187
f 7115 7117 9188
f 7097 7115 9189
f 7098 7097 9190
f 7114 7098 9191
f 7096 7114 9192
f 7063 7096 9193
f 7064 7063 9194
f 7062 7064 9195
f 7046 7062 9196
f 7047 7046 9197
f 7026 7047 9198
f 7014 7026 9199
f 7045 7014 9200
f 7061 7045 9201
f 7043 7061 9202
f 7044 7043 9203
f 7060 7044 9204
f 7095 7060 9205
f 7112 7095 9206
f 7113 7112 9207
f 7140 7113 9208
f 7129 7140 9209
f 7130 7129 9210
f 7139 7130 9211
f 7127 7139 9212
f 7128 7127 9213
f 7093 7128 9214
f 7094 7093 9215
f 7111 7094 9216
f 7126 7111 9217
f 7109 7126 9218
f 7110 7109 9219
f 7108 7110 9220
f 7092 7108 9221
f 7059 7092 9222
f 7041 7059 9223
f 7042 7041 9224
f 7124 7042 9225
f 7125 7124 9226
f 7057 7125 9227
f 7058 7057 9228
f 7091 7058 9229
f 7089 7091 9230
f 7090 7089 9231
f 7055 7090 9232
f 7056 7055 9233
f 7040 7056 9234
f 7008 7040 9235
f 9236 9237 7009
f 9237 7025 7009
f 7038 7025 9237
f 7039 7038 9238
f 7088 7039 9239
f 7053 7088 9240
f 7054 7053 9241
f 7036 7054 9242
f 7037 7036 9243
f 7052 7037 9244
f 7034 7052 9245
f 7035 7034 9246
f 7051 7035 9247
f 7086 7051 9248
f 7087 7086 9249
f 7123 7087 9250
f 7084 7123 9251
f 7085 7084 9252
f 7082 7085 9253
f 7083 7082 9254
f 7107 7083 9255
f 7080 7107 9256
f 7081 7080 9257
f 7105 7081 9258
f 7106 7105 9259
f 7122 7106 9260
f 7023 7122 9261
f 7024 7023 9262
f 7021 7024 9263
f 7022 7021 9264
f 7013 7022 9265
f 7007 7013 9266
f 7005 7007 9267
f 7006 7005 9268
f 7012 7006 9269
f 7004 7012 9270
f 7000 7004 9271
f 7001 7000 9272
f 7002 7001 9273
f 7003 7002 9274
f 7033 7003 9275
f 7019 7033 9276
f 7020 7019 9277
f 7032 7020 9278
f 7050 7032 9279
f 7078 7050 9280
f 7079 7078 9281
f 7076 7079 9282
f 7077 7076 9283
f 7030 7077 9284
f 7031 7030 9285
f 7028 7031 9286
f 7029 7028 9287
f 7017 7029 9288
f 7018 7017 9289
f 7010 7018 9290
f 7011 7010 9291
f 7015 7011 9292
f 7016 7015 9293
f 7027 7016 9294
f 7142 7027 9295
f 7143 7142 9296
f 7120 7143 9297
f 7121 7120 9298
f 7074 7121 9299
f 7075 7074 9300
f 7104 7075 9301
f 7103 7104 9302
f 7072 7103 9303
f 7073 7072 9304
f 7137 7073 9305
f 7138 7137 9306
f 7145 7138 9307
f 7144 7145 9308
f 9308 9164 7144
f 9307 9308 7145
f 9306 9307 7138
f 9305 9306 7137
f 9304 9305 7073
f 9303 9304 7072
f 9302 9303 7103
f 9301 9302 7104
f 9300 9301 7075
f 9299 9300 7074
f 9298 9299 7121
f 9297 9298 7120
f 9296 9297 7143
f 9295 9296 7142
f 9294 9295 7027
f 9293 9294 7016
f 9292 9293 7015
f 9291 9292 7011
f 9290 9291 7010
f 9289 9290 7018
f 9288 9289 7017
f 9287 9288 7029
f 9286 9287 7028
f 9285 9286 7031
f 9284 9285 7030
f 9283 9284 7077
f 9282 9283 7076
f 9281 9282 7079
f 9280 9281 7078
f 9279 9280 7050
f 9278 9279 7032
f 9277 9278 7020
f 9276 9277 7019
f 9275 9276 7033
f 9274 9275 7003
f 9273 9274 7002
f 9272 9273 7001
f 9271 9272 7000
f 9270 9271 7004
f 9269 9270 7012
f 9268 9269 7006
f 9267 9268 7005
f 9266 9267 7007
f 9265 9266 7013
f 9264 9265 7022
f 9263 9264 7021
f 9262 9263 7024
f 9261 9262 7023
f 9260 9261 7122
f 9259 9260 7106
f 9258 9259 7105
f 9257 9258 7081
f 9256 9257 7080
f 9255 9256 7107
f 9254 9255 7083
f 9253 9254 7082
f 9252 9253 7085
f 9251 9252 7084
f 9250 9251 7123
f 9249 9250 7087
f 9248 9249 7086
f 9247 9248 7051
f 9246 9247 7035
f 9245 9246 7034
f 9244 9245 7052
f 9243 9244 7037
f 9242 9243 7036
f 9241 9242 7054
f 9240 9241 7053
f 9239 9240 7088
f 9238 9239 7039
f 9237 9238 7038
f 7009 7008 9236
f 9235 9236 7008
f 9234 9235 7040
f 9233 9234 7056
f 9232 9233 7055
f 9231 9232 7090
f 9230 9231 7089
f 9229 9230 7091
f 9228 9229 7058
f 9227 9228 7057
f 9226 9227 7125
f 9225 9226 7124
f 9224 9225 7042
f 9223 9224 7041
f 9222 9223 7059
f 9221 9222 7092
f 9220 9221 7108
f 9219 9220 7110
f 9218 9219 7109
f 9217 9218 7126
f 9216 9217 7111
f 9215 9216 7094
f 9214 9215 7093
f 9213 9214 7128
f 9212 9213 7127
f 9211 9212 7139
f 9210 9211 7130
f 9209 9210 7129
f 9208 9209 7140
f 9207 9208 7113
f 9206 9207 7112
f 9205 9206 7095
f 9204 9205 7060
f 9203 9204 7044
f 9202 9203 7043
f 9201 9202 7061
f 9200 9201 7045
f 9199 9200 7014
f 9198 9199 7026
f 9197 9198 7047
f 9196 9197 7046
f 9195 9196 7062
f 9194 9195 7064
f 9193 9194 7063
f 9192 9193 7096
f 9191 9192 7114
f 9190 9191 7098
f 9189 9190 7097
f 9188 9189 7115
f 9187 9188 7117
f 9186 9187 7116
f 9185 9186 7066
f 9184 9185 7065
f 9183 9184 7068
f 9182 9183 7067
f 9181 9182 7118
f 9180 9181 7132
f 9179 9180 7131
f 9178 9179 7134
f 9177 9178 7133
f 9176 9177 7136
f 9175 9176 7135
f 9174 9175 7070
f 9173 9174 7069
f 9172 9173 7099
f 9171 9172 7101
f 9170 9171 7100
f 9169 9170 7119
f 9168 9169 7102
f 9167 9168 7071
f 9166 9167 7049
f 9165 9166 7048
f 9164 9165 7141
f 9309 7230 7231
f 7231 9310 9309
f 9309 9310 9311
f 9311 9312 9309
f 9313 9314 9273
f 9314 9274 9273
f 9313 9270 9269
f 9273 9272 9313
f 9269 9268 9313
f 9272 9271 9313
f 9314 9276 9275
f 9312 9201 9200
f 9268 9267 9313
f 9275 9274 9314
f 9291 9314 7230
f 9309 9168 9167
f 9309 9199 9198
f 9200 9309 9312
f 9313 9264 9263
f 9313 9266 9265
f 9271 9270 9313
f 9314 9279 9278
f 9314 9291 9290
f 7230 9293 9292
f 7230 9295 9294
f 9309 9169 9168
f 9309 9176 9175
f 9198 9197 9309
f 9312 9202 9201
f 9312 9205 9204
f 9313 9245 9244
f 9313 9248 9247
f 9265 9264 9313
f 9314 9277 9276
f 9314 9280 9279
f 9314 9287 9286
f 9314 9289 9288
f 7230 9292 9291
f 7230 9296 9295
f 9309 9170 9169
f 9309 9173 9172
f 9175 9174 9309
f 9309 9185 9184
f 9309 9187 9186
f 9309 9196 9195
f 9200 9199 9309
f 9312 9206 9205
f 9313 9246 9245
f 9313 9249 9248
f 9267 9266 9313
f 9314 9281 9280
f 9288 9287 9314
f 9294 9293 7230
f 9309 9171 9170
f 9174 9173 9309
f 9186 9185 9309
f 9309 9192 9191
f 9195 9194 9309
f 9312 9203 9202
f 9312 9207 9206
f 9312 9226 9225
f 9247 9246 9313
f 9313 9251 9250
f 9313 9254 9253
f 9313 9256 9255
f 9313 9259 9258
f 9278 9277 9314
f 9314 9283 9282
f 9314 9285 9284
f 9290 9289 9314
f 7230 9302 9301
f 7230 9306 9305
f 9172 9171 9309
f 9309 9178 9177
f 9309 9180 9179
f 9184 9183 9309
f 9309 9189 9188
f 9191 9190 9309
f 9194 9193 9309
f 9204 9203 9312
f 9312 9209 9208
f 9225 9224 9312
f 9312 9230 9229
f 9312 9235 9234
f 9250 9249 9313
f 9255 9254 9313
f 9258 9257 9313
f 9313 9261 9260
f 9282 9281 9314
f 9286 9285 9314
f 7230 9303 9302
f 9305 9304 7230
f 9309 9165 9164
f 9167 9166 9309
f 9179 9178 9309
f 9309 9182 9181
f 9188 9187 9309
f 9193 9192 9309
f 9208 9207 9312
f 9312 9217 9216
f 9224 9223 9312
f 9312 9231 9230
f 9312 9233 9232
f 9312 9236 9235
f 9313 9237 9236
f 9313 9240 9239
f 9313 9243 9242
f 9313 9252 9251
f 9257 9256 9313
f 9313 9262 9261
f 9284 9283 9314
f 7230 9300 9299
f 9304 9303 7230
f 9164 7230 9309
f 9177 9176 9309
f 9183 9182 9309
f 9197 9196 9309
f 9312 9212 9211
f 9312 9215 9214
f 9312 9218 9217
f 9312 9221 9220
f 9223 9222 9312
f 9232 9231 9312
f 9236 9312 9313
f 9239 9238 9313
f 9242 9241 9313
f 9253 9252 9313
f 9263 9262 9313
f 9301 9300 7230
f 7230 9308 9307
f 9166 9165 9309
f 9190 9189 9309
f 9211 9210 9312
f 9214 9213 9312
f 9312 9219 9218
f 9222 9221 9312
f 9312 9228 9227
f 9234 9233 9312
f 9241 9240 9313
f 9260 9259 9313
f 7230 9298 9297
f 9307 9306 7230
f 9181 9180 9309
f 9213 9212 9312
f 9220 9219 9312
f 9229 9228 9312
f 9244 9243 9313
f 9299 9298 7230
f 9210 9209 9312
f 9227 9226 9312
f 9297 9296 7230
f 9216 9215 9312
f 9164 9308 7230
f 9238 9237 9313
f 9313 9315 9316
f 9316 9314 9313
f 9312 9311 9315
f 9315 9313 9312
f 6990 6993 9317
f 6897 6990 9318
f 6898 6897 9319
f 6920 6898 9320
f 6951 6920 9321
f 6968 6951 9322
f 6949 6968 9323
f 6950 6949 9324
f 6948 6950 9325
f 6918 6948 9326
f 6919 6918 9327
f 6984 6919 9328
f 6985 6984 9329
f 6982 6985 9330
f 6983 6982 9331
f 6980 6983 9332
f 6981 6980 9333
f 6967 6981 9334
f 6916 6967 9335
f 6917 6916 9336
f 6914 6917 9337
f 6915 6914 9338
f 6965 6915 9339
f 6966 6965 9340
f 6964 6966 9341
f 6946 6964 9342
f 6947 6946 9343
f 6963 6947 9344
f 6945 6963 9345
f 6912 6945 9346
f 6913 6912 9347
f 6911 6913 9348
f 6895 6911 9349
f 6896 6895 9350
f 6875 6896 9351
f 6861 6875 9352
f 6894 6861 9353
f 6910 6894 9354
f 6892 6910 9355
f 6893 6892 9356
f 6909 6893 9357
f 6944 6909 9358
f 6961 6944 9359
f 6962 6961 9360
f 6989 6962 9361
f 6978 6989 9362
f 6979 6978 9363
f 6988 6979 9364
f 6976 6988 9365
f 6977 6976 9366
f 6942 6977 9367
f 6943 6942 9368
f 6960 6943 9369
f 6975 6960 9370
f 6958 6975 9371
f 6959 6958 9372
f 6957 6959 9373
f 6941 6957 9374
f 6908 6941 9375
f 6890 6908 9376
f 6891 6890 9377
f 6973 6891 9378
f 6974 6973 9379
f 6906 6974 9380
f 6907 6906 9381
f 6940 6907 9382
f 6938 6940 9383
f 6939 6938 9384
f 6904 6939 9385
f 6905 6904 9386
f 6889 6905 9387
f 6857 6889 9388
f 9389 9390 6858
f 9390 6874 6858
f 6887 6874 9390
f 6888 6887 9391
f 6937 6888 9392
f 6902 6937 9393
f 6903 6902 9394
f 6885 6903 9395
f 6886 6885 9396
f 6901 6886 9397
f 6883 6901 9398
f 6884 6883 9399
f 6900 6884 9400
f 6935 6900 9401
f 6936 6935 9402
f 6972 6936 9403
f 6933 6972 9404
f 6934 6933 9405
f 6931 6934 9406
f 6932 6931 9407
f 6956 6932 9408
f 6929 6956 9409
f 6930 6929 9410
f 6954 6930 9411
f 6955 6954 9412
f 6971 6955 9413
f 6872 6971 9414
f 6873 6872 9415
f 6870 6873 9416
f 6871 6870 9417
f 6860 6871 9418
f 6856 6860 9419
f 6854 6856 9420
f 6855 6854 9421
f 6859 6855 9422
f 6853 6859 9423
f 6849 6853 9424
f 6850 6849 9425
f 6851 6850 9426
f 6852 6851 9427
f 6882 6852 9428
f 6868 6882 9429
f 6869 6868 9430
f 6881 6869 9431
f 6899 6881 9432
f 6927 6899 9433
f 6928 6927 9434
f 6925 6928 9435
f 6926 6925 9436
f 6879 6926 9437
f 6880 6879 9438
f 6877 6880 9439
f 6878 6877 9440
f 6866 6878 9441
f 6867 6866 9442
f 6864 6867 9443
f 6865 6864 9444
f 6862 6865 9445
f 6863 6862 9446
f 6876 6863 9447
f 6991 6876 9448
f 6992 6991 9449
f 6969 6992 9450
f 6970 6969 9451
f 6923 6970 9452
f 6924 6923 9453
f 6953 6924 9454
f 6952 6953 9455
f 6921 6952 9456
f 6922 6921 9457
f 6986 6922 9458
f 6987 6986 9459
f 6994 6987 9460
f 6993 6994 9461
f 9461 9317 6993
f 9460 9461 6994
f 9459 9460 6987
f 9458 9459 6986
f 9457 9458 6922
f 9456 9457 6921
f 9455 9456 6952
f 9454 9455 6953
f 9453 9454 6924
f 9452 9453 6923
f 9451 9452 6970
f 9450 9451 6969
f 9449 9450 6992
f 9448 9449 6991
f 9447 9448 6876
f 9446 9447 6863
f 9445 9446 6862
f 9444 9445 6865
f 9443 9444 6864
f 9442 9443 6867
f 9441 9442 6866
f 9440 9441 6878
f 9439 9440 6877
f 9438 9439 6880
f 9437 9438 6879
f 9436 9437 6926
f 9435 9436 6925
f 9434 9435 6928
f 9433 9434 6927
f 9432 9433 6899
f 9431 9432 6881
f 9430 9431 6869
f 9429 9430 6868
f 9428 9429 6882
f 9427 9428 6852
f 9426 9427 6851
f 9425 9426 6850
f 9424 9425 6849
f 9423 9424 6853
f 9422 9423 6859
f 9421 9422 6855
f 9420 9421 6854
f 9419 9420 6856
f 9418 9419 6860
f 9417 9418 6871
f 9416 9417 6870
f 9415 9416 6873
f 9414 9415 6872
f 9413 9414 6971
f 9412 9413 6955
f 9411 9412 6954
f 9410 9411 6930
f 9409 9410 6929
f 9408 9409 6956
f 9407 9408 6932
f 9406 9407 6931
f 9405 9406 6934
f 9404 9405 6933
f 9403 9404 6972
f 9402 9403 6936
f 9401 9402 6935
f 9400 9401 6900
f 9399 9400 6884
f 9398 9399 6883
f 9397 9398 6901
f 9396 9397 6886
f 9395 9396 6885
f 9394 9395 6903
f 9393 9394 6902
f 9392 9393 6937
f 9391 9392 6888
f 9390 9391 6887
f 6858 6857 9389
f 9388 9389 6857
f 9387 9388 6889
f 9386 9387 6905
f 9385 9386 6904
f 9384 9385 6939
f 9383 9384 6938
f 9382 9383 6940
f 9381 9382 6907
f 9380 9381 6906
f 9379 9380 6974
f 9378 9379 6973
f 9377 9378 6891
f 9376 9377 6890
f 9375 9376 6908
f 9374 9375 6941
f 9373 9374 6957
f 9372 9373 6959
f 9371 9372 6958
f 9370 9371 6975
f 9369 9370 6960
f 9368 9369 6943
f 9367 9368 6942
f 9366 9367 6977
f 9365 9366 6976
f 9364 9365 6988
f 9363 9364 6979
f 9362 9363 6978
f 9361 9362 6989
f 9360 9361 6962
f 9359 9360 6961
f 9358 9359 6944
f 9357 9358 6909
f 9356 9357 6893
f 9355 9356 6892
f 9354 9355 6910
f 9353 9354 6894
f 9352 9353 6861
f 9351 9352 6875
f 9350 9351 6896
f 9349 9350 6895
f 9348 9349 6911
f 9347 9348 6913
f 9346 9347 6912
f 9345 9346 6945
f 9344 9345 6963
f 9343 9344 6947
f 9342 9343 6946
f 9341 9342 6964
f 9340 9341 6966
f 9339 9340 6965
f 9338 9339 6915
f 9337 9338 6914
f 9336 9337 6917
f 9335 9336 6916
f 9334 9335 6967
f 9333 9334 6981
f 9332 9333 6980
f 9331 9332 6983
f 9330 9331 6982
f 9329 9330 6985
f 9328 9329 6984
f 9327 9328 6919
f 9326 9327 6918
f 9325 9326 6948
f 9324 9325 6950
f 9323 9324 6949
f 9322 9323 6968
f 9321 9322 6951
f 9320 9321 6920
f 9319 9320 6898
f 9318 9319 6897
f 9317 9318 6990
f 9462 9463 7229
f 7229 7228 9462
f 9462 9464 9465
f 9465 9463 9462
f 9464 9462 9426
f 9462 9427 9426
f 9464 9423 9422
f 9426 9425 9464
f 9422 9421 9464
f 9425 9424 9464
f 9462 9429 9428
f 9466 9354 9353
f 9421 9420 9464
f 9428 9427 9462
f 7228 9321 9320
f 9467 9352 9351
f 9353 9467 9466
f 9464 9417 9416
f 9464 9419 9418
f 9424 9423 9464
f 9462 9432 9431
f 9462 9444 9443
f 9462 9446 9445
f 9462 9448 9447
f 7228 9322 9321
f 7228 9329 9328
f 9351 9350 9467
f 9466 9355 9354
f 9466 9358 9357
f 9464 9398 9397
f 9464 9401 9400
f 9418 9417 9464
f 9462 9430 9429
f 9462 9433 9432
f 9462 9440 9439
f 9462 9442 9441
f 9445 9444 9462
f 9462 9449 9448
f 7228 9323 9322
f 7228 9326 9325
f 9328 9327 7228
f 9467 9338 9337
f 9467 9340 9339
f 9467 9349 9348
f 9353 9352 9467
f 9466 9359 9358
f 9464 9399 9398
f 9464 9402 9401
f 9420 9419 9464
f 9462 9434 9433
f 9441 9440 9462
f 9447 9446 9462
f 7228 9324 9323
f 9327 9326 7228
f 9339 9338 9467
f 9467 9345 9344
f 9348 9347 9467
f 9466 9356 9355
f 9466 9360 9359
f 9466 9379 9378
f 9400 9399 9464
f 9464 9404 9403
f 9464 9407 9406
f 9464 9409 9408
f 9464 9412 9411
f 9431 9430 9462
f 9462 9436 9435
f 9462 9438 9437
f 9443 9442 9462
f 9462 9455 9454
f 9462 9459 9458
f 9325 9324 7228
f 7228 9331 9330
f 7228 9333 9332
f 9335 9334 7228
f 9337 9336 9467
f 9467 9342 9341
f 9344 9343 9467
f 9347 9346 9467
f 9357 9356 9466
f 9466 9362 9361
f 9378 9377 9466
f 9466 9383 9382
f 9466 9388 9387
f 9403 9402 9464
f 9408 9407 9464
f 9411 9410 9464
f 9464 9414 9413
f 9435 9434 9462
f 9439 9438 9462
f 9462 9456 9455
f 9458 9457 9462
f 9462 7228 9317
f 9320 9319 7228
f 9332 9331 7228
f 7228 9467 9335
f 9341 9340 9467
f 9346 9345 9467
f 9361 9360 9466
f 9466 9370 9369
f 9377 9376 9466
f 9466 9384 9383
f 9466 9386 9385
f 9466 9389 9388
f 9464 9390 9389
f 9464 9393 9392
f 9464 9396 9395
f 9464 9405 9404
f 9410 9409 9464
f 9464 9415 9414
f 9437 9436 9462
f 9462 9453 9452
f 9457 9456 9462
f 7228 9318 9317
f 9330 9329 7228
f 9336 9335 9467
f 9350 9349 9467
f 9466 9365 9364
f 9466 9368 9367
f 9466 9371 9370
f 9466 9374 9373
f 9376 9375 9466
f 9385 9384 9466
f 9389 9466 9464
f 9392 9391 9464
f 9395 9394 9464
f 9406 9405 9464
f 9416 9415 9464
f 9454 9453 9462
f 9462 9461 9460
f 9319 9318 7228
f 9343 9342 9467
f 9364 9363 9466
f 9367 9366 9466
f 9466 9372 9371
f 9375 9374 9466
f 9466 9381 9380
f 9387 9386 9466
f 9394 9393 9464
f 9413 9412 9464
f 9462 9451 9450
f 9460 9459 9462
f 9334 9333 7228
f 9366 9365 9466
f 9373 9372 9466
f 9382 9381 9466
f 9397 9396 9464
f 9452 9451 9462
f 9363 9362 9466
f 9380 9379 9466
f 9450 9449 9462
f 9369 9368 9466
f 9317 9461 9462
f 9391 9390 9464
f 9466 9468 9465
f 9465 9464 9466
f 9466 9467 9469
f 9469 9468 9466
usemtl 191,172,172
f 9316 9470 9471
f 916 891 9314
f 9471 9472 9316
f 9472 9473 9316
f 9316 6848 9474
f 6848 946 928
f 9316 9475 916
f 9474 9470 9316
f 928 9476 6848
f 9316 9477 9475
f 9316 9478 9479
f 928 927 9476
f 9316 9480 9477
f 9473 9478 9316
f 6848 9481 9482
f 9476 9483 6848
f 9479 9480 9316
f 9483 9481 6848
f 6848 9467 7228
f 9316 9469 9467
f 888 1884 6999
f 9482 9474 6848
f 9467 6848 9316
f 7230 9314 6999
f 9314 891 888
f 7228 6847 6848
f 6999 9314 888
f 6999 6998 7230
f 9314 9316 916
usemtl 209,209,209
f 9477 9484 9485
f 9480 9486 9484
f 9479 9487 9486
f 9478 9488 9487
f 9473 9489 9488
f 9472 9490 9489
f 9491 2133 2132
f 9492 2132 2131
f 9493 2131 2130
f 2130 9494 9493
f 2130 2129 9494
f 9494 2129 2128
f 2128 9495 9494
f 2128 2127 9495
f 9495 2127 2126
f 2126 9496 9495
f 2126 2125 9496
f 9496 2125 2124
f 2124 9497 9496
f 2124 2123 9497
f 9497 2123 2122
f 2122 9498 9497
f 2122 2121 9498
f 9498 2121 2120
f 2120 9499 9498
f 2120 2119 9499
f 9499 2119 2118
f 2118 9500 9499
f 2118 2117 9500
f 9500 2117 2116
f 2116 9501 9500
f 2116 2115 9501
f 9501 2114 2113
f 9501 2115 2114
f 9502 2112 2111
f 9502 2113 2112
f 9503 2110 2109
f 9503 2111 2110
f 9504 2108 2107
f 9504 2109 2108
f 9505 2106 2105
f 9505 2107 2106
f 9506 2104 2103
f 9506 2105 2104
f 9507 2102 2101
f 9507 2103 2102
f 9508 2100 2099
f 9508 2101 2100
f 9509 2098 2097
f 9509 2099 2098
f 9510 2096 2095
f 9510 2097 2096
f 9511 2094 2093
f 9511 2095 2094
f 9512 2092 2091
f 9512 2093 2092
f 9513 2090 2089
f 9513 2091 2090
f 9514 2088 2087
f 9514 2089 2088
f 9515 2086 2085
f 9515 2087 2086
f 9516 2084 2083
f 9516 2085 2084
f 9517 2082 2081
f 9517 2083 2082
f 9518 2080 2079
f 9518 2081 2080
f 9519 2078 2077
f 9519 2079 2078
f 9520 2076 2075
f 9520 2077 2076
f 9485 9521 916
f 2075 924 916
f 916 9521 2075
f 916 9475 9485
f 2075 9521 9520
f 2077 9520 9519
f 2079 9519 9518
f 2081 9518 9517
f 2083 9517 9516
f 2085 9516 9515
f 2087 9515 9514
f 2089 9514 9513
f 2091 9513 9512
f 2093 9512 9511
f 2095 9511 9510
f 2097 9510 9509
f 2099 9509 9508
f 2101 9508 9507
f 2103 9507 9506
f 2105 9506 9505
f 2107 9505 9504
f 2109 9504 9503
f 2111 9503 9502
f 2113 9502 9501
f 2131 9493 9492
f 2132 9492 9491
f 9489 9473 9472
f 9488 9478 9473
f 9487 9479 9478
f 9486 9480 9479
f 9484 9477 9480
f 9485 9475 9477
f 9522 9523 2074
f 2074 2073 9522
f 9524 9522 2072
f 2072 2071 9524
f 9525 9524 2070
f 2070 2069 9525
f 9526 9525 2068
f 2068 2067 9526
f 9527 9526 2066
f 2066 2065 9527
f 9528 9527 2064
f 2064 2063 9528
f 9529 9528 2062
f 2062 2061 9529
f 9530 9529 2060
f 2060 2059 9530
f 9531 9530 2058
f 2058 2057 9531
f 9532 9531 2056
f 2056 2055 9532
f 9533 9532 2054
f 2054 2053 9533
f 9534 9533 2052
f 2052 2051 9534
f 9535 9534 2050
f 2050 2049 9535
f 9536 9535 2048
f 2048 2047 9536
f 9537 9536 2046
f 2046 2045 9537
f 9538 9537 2044
f 2044 2043 9538
f 9539 9538 2042
f 2042 2041 9539
f 9540 9539 2040
f 2040 2039 9540
f 9541 9540 2038
f 2038 2037 9541
f 9542 9541 2036
f 2036 2035 9542
f 9543 9542 2034
f 2034 2033 9543
f 9544 9543 2032
f 2032 2031 9544
f 9545 9544 2030
f 2030 2029 9545
f 9546 9545 2028
f 2028 2027 9546
f 9547 9546 2026
f 2026 2025 9547
f 9548 9547 2024
f 2024 2023 9548
f 9549 9548 2022
f 2022 2021 9549
f 9550 9549 2020
f 2020 2019 9550
f 9551 9550 2018
f 2018 2016 9551
f 9552 9551 2015
f 9470 9553 9554
f 9474 9555 9553
f 9482 9556 9555
f 9481 9557 9556
f 9483 9558 9557
f 9476 9559 9558
f 2074 9523 927
f 9559 9476 927
f 927 9523 9559
f 927 1883 2074
f 9558 9483 9476
f 9557 9481 9483
f 9556 9482 9481
f 9555 9474 9482
f 9553 9470 9474
f 9554 9471 9470
f 2015 2017 9552
f 2016 2015 9551
f 2019 2018 9550
f 2021 2020 9549
f 2023 2022 9548
f 2025 2024 9547
f 2027 2026 9546
f 2029 2028 9545
f 2031 2030 9544
f 2033 2032 9543
f 2035 2034 9542
f 2037 2036 9541
f 2039 2038 9540
f 2041 2040 9539
f 2043 2042 9538
f 2045 2044 9537
f 2047 2046 9536
f 2049 2048 9535
f 2051 2050 9534
f 2053 2052 9533
f 2055 2054 9532
f 2057 2056 9531
f 2059 2058 9530
f 2061 2060 9529
f 2063 2062 9528
f 2065 2064 9527
f 2067 2066 9526
f 2069 2068 9525
f 2071 2070 9524
f 2073 2072 9522
f 9490 9472 9471
f 9471 9554 9490
f 956 9560 2017
f 9561 9552 2017
f 2017 9560 9561
f 2017 950 956
f 9562 9563 2133
f 897 896 2133
f 2133 9563 897
f 2133 9491 9562
usemtl 51,51,51
f 9564 9565 9566
f 9564 9567 9568
f 9569 9570 9571
f 9569 9572 9573
f 9574 9575 9576
f 9574 9569 9577
f 9564 9578 9579
f 9564 9580 9581
f 9568 9565 9564
f 9569 9582 9583
f 9569 9584 9570
f 9569 9574 9572
f 9577 9575 9574
f 9564 9585 9586
f 9579 9587 9564
f 9581 9588 9564
f 9566 9589 9564
f 9569 9590 9591
f 9571 9582 9569
f 9576 9592 9574
f 9587 9585 9564
f 9589 9580 9564
f 9569 9593 9590
f 9573 9584 9569
f 9567 9594 9595
f 9567 9564 9596
f 9588 9578 9564
f 9583 9593 9569
f 9596 9594 9567
f 9586 9597 9564
f 9595 9569 9567
f 9598 9599 9600
f 926 9601 9602
f 9591 9567 9569
f 9598 9563 9599
f 926 9603 9601
f 9600 9564 9598
f 925 897 9563
f 926 9604 9605
f 9602 9606 926
f 9607 9608 9609
f 9563 9598 925
f 9605 9610 926
f 9606 9611 926
f 926 9612 9613
f 9614 9615 9616
f 9615 9614 9607
f 9598 1289 925
f 926 9617 9618
f 9610 9619 926
f 926 9620 9621
f 9611 9622 926
f 926 9623 9612
f 9624 9625 9626
f 9624 9627 9628
f 9609 9615 9607
f 9598 1288 1289
f 9618 9629 926
f 9621 9604 926
f 926 9630 9603
f 926 9631 9623
f 9624 9632 9633
f 9628 9625 9624
f 9627 9624 9614
f 9598 1286 1288
f 9631 1284 1286
f 926 9634 9624
f 9619 9617 926
f 926 9635 9636
f 9613 9630 926
f 9633 9637 9624
f 9616 9627 9614
f 1286 9598 9631
f 9629 9634 926
f 9622 9635 926
f 962 9624 9560
f 9626 9632 9624
f 9631 1326 1284
f 9636 9620 926
f 9637 9560 9624
f 9631 926 1326
f 9560 956 962
f 9624 962 926
f 9597 9598 9564
usemtl 209,209,209
f 9561 9560 9637
f 9638 9637 9633
f 9639 9633 9632
f 9640 9632 9626
f 9641 9626 9625
f 9642 9625 9628
f 9643 9628 9627
f 9644 9627 9616
f 9645 9616 9615
f 9646 9615 9609
f 9647 9609 9608
f 9648 9608 9607
f 9649 9607 9614
f 9650 9614 9624
f 9651 9624 9634
f 9652 9634 9629
f 9653 9629 9618
f 9654 9618 9617
f 9655 9617 9619
f 9656 9619 9610
f 9657 9610 9605
f 9658 9605 9604
f 9659 9604 9621
f 9660 9621 9620
f 9661 9620 9636
f 9662 9636 9635
f 9663 9635 9622
f 9664 9622 9611
f 9665 9611 9606
f 9666 9606 9602
f 9667 9602 9601
f 9668 9601 9603
f 9669 9603 9630
f 9670 9630 9613
f 9671 9613 9612
f 9672 9612 9623
f 9673 9623 9631
f 9631 9674 9673
f 9623 9673 9672
f 9612 9672 9671
f 9613 9671 9670
f 9630 9670 9669
f 9603 9669 9668
f 9601 9668 9667
f 9602 9667 9666
f 9606 9666 9665
f 9611 9665 9664
f 9622 9664 9663
f 9635 9663 9662
f 9636 9662 9661
f 9620 9661 9660
f 9621 9660 9659
f 9604 9659 9658
f 9605 9658 9657
f 9610 9657 9656
f 9619 9656 9655
f 9617 9655 9654
f 9618 9654 9653
f 9629 9653 9652
f 9634 9652 9651
f 9624 9651 9650
f 9614 9650 9649
f 9607 9649 9648
f 9608 9648 9647
f 9609 9647 9646
f 9615 9646 9645
f 9616 9645 9644
f 9627 9644 9643
f 9628 9643 9642
f 9625 9642 9641
f 9626 9641 9640
f 9632 9640 9639
f 9633 9639 9638
f 9637 9638 9561
f 9674 9631 9598
f 9598 9675 9674
f 9675 9598 9597
f 9676 9597 9586
f 9677 9586 9585
f 9678 9585 9587
f 9679 9587 9579
f 9680 9579 9578
f 9681 9578 9588
f 9682 9588 9581
f 9683 9581 9580
f 9684 9580 9589
f 9685 9589 9566
f 9686 9566 9565
f 9687 9565 9568
f 9688 9568 9567
f 9689 9567 9591
f 9690 9591 9590
f 9691 9590 9593
f 9692 9593 9583
f 9693 9583 9582
f 9694 9582 9571
f 9695 9571 9570
f 9696 9570 9584
f 9697 9584 9573
f 9698 9573 9572
f 9699 9572 9574
f 9700 9574 9592
f 9701 9592 9576
f 9702 9576 9575
f 9703 9575 9577
f 9704 9577 9569
f 9705 9569 9595
f 9706 9595 9594
f 9707 9594 9596
f 9708 9596 9564
f 9709 9564 9600
f 9710 9600 9599
f 9711 9599 9563
f 9563 9562 9711
f 9599 9711 9710
f 9600 9710 9709
f 9564 9709 9708
f 9596 9708 9707
f 9594 9707 9706
f 9595 9706 9705
f 9569 9705 9704
f 9577 9704 9703
f 9575 9703 9702
f 9576 9702 9701
f 9592 9701 9700
f 9574 9700 9699
f 9572 9699 9698
f 9573 9698 9697
f 9584 9697 9696
f 9570 9696 9695
f 9571 9695 9694
f 9582 9694 9693
f 9583 9693 9692
f 9593 9692 9691
f 9590 9691 9690
f 9591 9690 9689
f 9567 9689 9688
f 9568 9688 9687
f 9565 9687 9686
f 9566 9686 9685
f 9589 9685 9684
f 9580 9684 9683
f 9581 9683 9682
f 9588 9682 9681
f 9578 9681 9680
f 9579 9680 9679
f 9587 9679 9678
f 9585 9678 9677
f 9586 9677 9676
f 9597 9676 9675
usemtl 255,255,255
f 9712 1830 1785
f 9713 1821 1830
f 9714 1805 1821
f 9715 1793 1805
f 9716 1784 1793
f 9717 1772 1784
f 9718 1763 1772
f 1756 1763 9718
f 9719 1737 1756
f 9720 1738 1737
f 9721 1804 1738
f 9722 1783 1804
f 9723 1771 1783
f 9724 1755 1771
f 9725 1735 1755
f 9726 1726 1735
f 9727 1727 1726
f 1754 1727 9727
f 9728 1752 1754
f 9729 1753 1752
f 1762 1753 9729
f 9730 1733 1762
f 9731 1750 1733
f 9732 1747 1750
f 9733 1769 1747
f 9734 1818 1769
f 9735 1761 1818
f 9736 1744 1761
f 9737 1767 1744
f 9738 1847 1767
f 9739 1844 1847
f 9740 1836 1844
f 9741 1825 1836
f 9742 1816 1825
f 9743 1780 1816
f 9744 1781 1780
f 9745 1789 1781
f 9746 1797 1789
f 9747 1810 1797
f 9748 1843 1810
f 9749 1835 1843
f 1824 1835 9749
f 9750 1815 1824
f 9751 1809 1815
f 1796 1809 9751
f 9752 1778 1796
f 9753 1779 1778
f 9754 1777 1779
f 9755 1760 1777
f 9756 1759 1760
f 1743 1759 9756
f 9757 1732 1743
f 9758 1724 1732
f 9759 1714 1724
f 9760 1715 1714
f 9761 1695 1715
f 9762 1696 1695
f 9763 1697 1696
f 9764 1694 1697
f 9765 1692 1694
f 1690 1692 9765
f 9766 1687 1690
f 9767 1685 1687
f 1682 1685 9767
f 9768 1679 1682
f 9769 1677 1679
f 9770 1674 1677
f 9771 1669 1674
f 9772 1664 1669
f 9773 1658 1664
f 9774 1653 1658
f 9775 1650 1653
f 9776 1645 1650
f 9777 1639 1645
f 9778 1640 1639
f 9779 1647 1640
f 9780 1681 1647
f 9781 1678 1681
f 9782 1673 1678
f 9783 1668 1673
f 9784 1663 1668
f 9785 1657 1663
f 9786 1652 1657
f 9787 1649 1652
f 9788 1644 1649
f 9789 1635 1644
f 9790 1636 1635
f 9791 1638 1636
f 9792 1643 1638
f 9793 1637 1643
f 1634 1637 9793
f 9794 1633 1634
f 9795 1632 1633
f 9796 1630 1632
f 9797 1631 1630
f 9798 1624 1631
f 9799 1625 1624
f 9800 1626 1625
f 9801 1629 1626
f 9802 1627 1629
f 9803 1628 1627
f 9804 1666 1628
f 9805 1667 1666
f 9806 1672 1667
f 9807 1693 1672
f 9808 1691 1693
f 9809 1689 1691
f 9810 1688 1689
f 9811 1684 1688
f 9812 1683 1684
f 9813 1680 1683
f 9814 1670 1680
f 9815 1671 1670
f 1676 1671 9815
f 9816 1675 1676
f 9817 1665 1675
f 9818 1662 1665
f 1656 1662 9818
f 9819 1651 1656
f 9820 1648 1651
f 9821 1646 1648
f 9822 1641 1646
f 9823 1642 1641
f 9824 1660 1642
f 9825 1661 1660
f 9826 1659 1661
f 9827 1654 1659
f 1655 1654 9827
f 9828 1701 1655
f 9829 1702 1701
f 9830 1698 1702
f 9831 1699 1698
f 9832 1700 1699
f 9833 1707 1700
f 9834 1708 1707
f 9835 1706 1708
f 9836 1705 1706
f 1704 1705 9836
f 9837 1703 1704
f 9838 1841 1703
f 9839 1832 1841
f 9840 1833 1832
f 9841 1839 1833
f 1840 1839 9841
f 9842 1852 1840
f 9843 1857 1852
f 9844 1851 1857
f 9845 1831 1851
f 1822 1831 9845
f 9846 1814 1822
f 9847 1806 1814
f 9848 1794 1806
f 1773 1794 9848
f 9849 1774 1773
f 9850 1785 1774
f 1774 9849 9850
f 1773 9851 9849
f 9848 9851 1773
f 1806 9847 9848
f 1814 9846 9847
f 1822 9852 9846
f 9845 9852 1822
f 1851 9844 9845
f 1857 9843 9844
f 1852 9842 9843
f 1840 9853 9842
f 9841 9853 1840
f 1833 9840 9841
f 1832 9839 9840
f 1841 9838 9839
f 1703 9837 9838
f 1704 9854 9837
f 9836 9854 1704
f 1706 9835 9836
f 1708 9834 9835
f 1707 9833 9834
f 1700 9832 9833
f 1699 9831 9832
f 1698 9830 9831
f 1702 9829 9830
f 1701 9828 9829
f 1655 9855 9828
f 9827 9855 1655
f 1659 9826 9827
f 1661 9825 9826
f 1660 9824 9825
f 1642 9823 9824
f 1641 9822 9823
f 1646 9821 9822
f 1648 9820 9821
f 1651 9819 9820
f 1656 9856 9819
f 9818 9856 1656
f 1665 9817 9818
f 1675 9816 9817
f 1676 9857 9816
f 9815 9857 1676
f 1670 9814 9815
f 1680 9813 9814
f 1683 9812 9813
f 1684 9811 9812
f 1688 9810 9811
f 1689 9809 9810
f 1691 9808 9809
f 1693 9807 9808
f 1672 9806 9807
f 1667 9805 9806
f 1666 9804 9805
f 1628 9803 9804
f 1627 9802 9803
f 1629 9801 9802
f 1626 9800 9801
f 1625 9799 9800
f 1624 9798 9799
f 1631 9797 9798
f 1630 9796 9797
f 1632 9795 9796
f 1633 9794 9795
f 1634 9858 9794
f 9793 9858 1634
f 1643 9792 9793
f 1638 9791 9792
f 1636 9790 9791
f 1635 9789 9790
f 1644 9788 9789
f 1649 9787 9788
f 1652 9786 9787
f 1657 9785 9786
f 1663 9784 9785
f 1668 9783 9784
f 1673 9782 9783
f 1678 9781 9782
f 1681 9780 9781
f 1647 9779 9780
f 1640 9778 9779
f 1639 9777 9778
f 1645 9776 9777
f 1650 9775 9776
f 1653 9774 9775
f 1658 9773 9774
f 1664 9772 9773
f 1669 9771 9772
f 1674 9770 9771
f 1677 9769 9770
f 1679 9768 9769
f 1682 9859 9768
f 9767 9859 1682
f 1687 9766 9767
f 1690 9860 9766
f 9765 9860 1690
f 1694 9764 9765
f 1697 9763 9764
f 1696 9762 9763
f 1695 9761 9762
f 1715 9760 9761
f 1714 9759 9760
f 1724 9758 9759
f 1732 9757 9758
f 1743 9861 9757
f 9756 9861 1743
f 1760 9755 9756
f 1777 9754 9755
f 1779 9753 9754
f 1778 9752 9753
f 1796 9862 9752
f 9751 9862 1796
f 1815 9750 9751
f 1824 9863 9750
f 9749 9863 1824
f 1843 9748 9749
f 1810 9747 9748
f 1797 9746 9747
f 1789 9745 9746
f 1781 9744 9745
f 1780 9743 9744
f 1816 9742 9743
f 1825 9741 9742
f 1836 9740 9741
f 1844 9739 9740
f 1847 9738 9739
f 1767 9737 9738
f 1744 9736 9737
f 1761 9735 9736
f 1818 9734 9735
f 1769 9733 9734
f 1747 9732 9733
f 1750 9731 9732
f 1733 9730 9731
f 1762 9864 9730
f 9729 9864 1762
f 1752 9728 9729
f 1754 9865 9728
f 9727 9865 1754
f 1726 9726 9727
f 1735 9725 9726
f 1755 9724 9725
f 1771 9723 9724
f 1783 9722 9723
f 1804 9721 9722
f 1738 9720 9721
f 1737 9719 9720
f 1756 9866 9719
f 9718 9866 1756
f 1772 9717 9718
f 1784 9716 9717
f 1793 9715 9716
f 1805 9714 9715
f 1821 9713 9714
f 1830 9712 9713
f 1785 9850 9712
f 9865 9867 9868
f 9727 9869 9867
f 9728 9868 9870
f 9867 9865 9727
f 9729 9870 9871
f 9868 9728 9865
f 9864 9871 9872
f 9870 9729 9728
f 9730 9872 9873
f 9871 9864 9729
f 9872 9730 9864
f 9726 9874 9869
f 9869 9727 9726
f 9725 9875 9874
f 9874 9726 9725
f 9724 9876 9875
f 9720 9877 9878
f 9719 9879 9877
f 9875 9725 9724
f 9723 9880 9876
f 9721 9878 9881
f 9877 9720 9719
f 9866 9718 9882
f 9873 9883 9732
f 9876 9724 9723
f 9878 9721 9720
f 9879 9719 9866
f 9873 9731 9730
f 9722 9881 9880
f 9882 9879 9866
f 9718 9717 9884
f 9733 9732 9883
f 9880 9723 9722
f 9884 9882 9718
f 9717 9716 9885
f 9732 9731 9873
f 9885 9884 9717
f 9734 9733 9886
f 9881 9722 9721
f 9735 9734 9887
f 9883 9886 9733
f 9888 9889 9743
f 9742 9741 9890
f 9735 9891 9892
f 9886 9887 9734
f 9890 9888 9742
f 9893 9890 9741
f 9737 9736 9892
f 9887 9891 9735
f 9763 9894 9895
f 9763 9762 9896
f 9889 9897 9744
f 9741 9740 9893
f 9738 9737 9898
f 9892 9736 9735
f 9896 9894 9763
f 9897 9899 9745
f 9743 9742 9888
f 9739 9738 9900
f 9892 9898 9737
f 9765 9764 9901
f 9895 9764 9763
f 9746 9745 9899
f 9744 9743 9889
f 9740 9739 9902
f 9898 9900 9738
f 9860 9765 9903
f 9895 9901 9764
f 9745 9744 9897
f 9900 9902 9739
f 9901 9903 9765
f 9762 9761 9904
f 9905 9906 9747
f 9902 9893 9740
f 9857 9907 9908
f 9860 9909 9910
f 9904 9896 9762
f 9748 9747 9906
f 9899 9905 9746
f 9908 9816 9857
f 9911 9907 9815
f 9766 9910 9912
f 9903 9909 9860
f 9749 9748 9913
f 9747 9746 9905
f 9816 9908 9914
f 9815 9814 9911
f 9767 9912 9915
f 9910 9766 9860
f 9916 9917 9863
f 9906 9913 9748
f 9914 9918 9818
f 9857 9815 9907
f 9859 9915 9919
f 9912 9767 9766
f 9917 9920 9750
f 9913 9916 9749
f 9918 9921 9856
f 9914 9817 9816
f 9915 9859 9767
f 9920 9922 9751
f 9863 9749 9916
f 9921 9923 9819
f 9818 9817 9914
f 9806 9924 9925
f 9805 9926 9924
f 9769 9768 9927
f 9919 9768 9859
f 9750 9863 9917
f 9716 9715 9928
f 9834 9833 9929
f 9856 9818 9918
f 9813 9930 9911
f 9807 9925 9931
f 9924 9806 9805
f 9919 9927 9768
f 9761 9760 9932
f 9922 9933 9862
f 9928 9885 9716
f 9833 9934 9929
f 9832 9935 9934
f 9923 9936 9820
f 9911 9814 9813
f 9808 9931 9937
f 9925 9807 9806
f 9770 9769 9938
f 9932 9904 9761
f 9933 9939 9752
f 9751 9750 9920
f 9835 9834 9940
f 9934 9833 9832
f 9819 9856 9921
f 9813 9812 9941
f 9931 9808 9807
f 9804 9942 9926
f 9771 9770 9943
f 9927 9938 9769
f 9939 9944 9753
f 9862 9751 9922
f 9836 9835 9945
f 9929 9940 9834
f 9825 9946 9947
f 9824 9948 9946
f 9820 9936 9949
f 9941 9930 9813
f 9810 9809 9950
f 9937 9809 9808
f 9926 9805 9804
f 9951 9942 9803
f 9772 9771 9952
f 9938 9943 9770
f 9754 9753 9944
f 9752 9862 9933
f 9854 9836 9953
f 9940 9945 9835
f 9946 9825 9824
f 9824 9823 9954
f 9821 9949 9955
f 9820 9819 9923
f 9811 9810 9956
f 9937 9950 9809
f 9803 9802 9951
f 9957 9951 9802
f 9773 9772 9958
f 9943 9952 9771
f 9755 9754 9959
f 9753 9752 9939
f 9853 9960 9961
f 9841 9962 9960
f 9854 9963 9964
f 9945 9953 9836
f 9954 9948 9824
f 9823 9822 9965
f 9949 9821 9820
f 9950 9956 9810
f 9802 9801 9957
f 9798 9966 9967
f 9797 9968 9966
f 9795 9794 9969
f 9782 9970 9971
f 9782 9781 9972
f 9781 9780 9973
f 9973 9780 9779
f 9775 9774 9974
f 9774 9773 9975
f 9952 9958 9772
f 9756 9755 9976
f 9944 9959 9754
f 9842 9961 9977
f 9960 9853 9841
f 9837 9964 9978
f 9953 9963 9854
f 9965 9954 9823
f 9955 9822 9821
f 9812 9811 9979
f 9804 9803 9942
f 9799 9967 9980
f 9966 9798 9797
f 9981 9796 9795
f 9794 9858 9982
f 9783 9971 9983
f 9972 9970 9782
f 9779 9984 9973
f 9984 9779 9778
f 9985 9776 9775
f 9958 9975 9773
f 9861 9756 9986
f 9959 9976 9755
f 9843 9977 9987
f 9961 9842 9853
f 9838 9978 9988
f 9964 9837 9854
f 9955 9965 9822
f 9956 9979 9811
f 9800 9980 9957
f 9967 9799 9798
f 9982 9969 9794
f 9858 9793 9989
f 9971 9783 9782
f 9778 9990 9984
f 9991 9777 9776
f 9975 9974 9774
f 9861 9992 9993
f 9976 9986 9756
f 9994 9850 9849
f 9995 9845 9844
f 9977 9843 9842
f 9978 9838 9837
f 9979 9941 9812
f 9980 9800 9799
f 9989 9982 9858
f 9793 9792 9996
f 9784 9983 9997
f 9973 9972 9781
f 9990 9778 9777
f 9974 9985 9775
f 9757 9993 9998
f 9986 9992 9861
f 9994 9712 9850
f 9999 9849 9851
f 10000 9852 9845
f 9987 9844 9843
f 9840 9839 10001
f 9988 9839 9838
f 9826 9947 10002
f 9957 9801 9800
f 9996 9989 9793
f 9792 9791 10003
f 9785 9997 10004
f 9983 9784 9783
f 9776 9985 9991
f 9758 9998 10005
f 9993 9757 9861
f 9851 10006 9999
f 10006 9851 9848
f 10007 9846 9852
f 9844 9987 9995
f 9841 9840 10008
f 9988 10001 9839
f 9827 10002 10009
f 9947 9826 9825
f 10003 9996 9792
f 9791 9790 10010
f 9997 9785 9784
f 9760 10011 9932
f 9759 10005 10011
f 9998 9758 9757
f 10012 9713 9712
f 9848 10013 10006
f 10014 9847 9846
f 9845 9995 10000
f 10001 10008 9840
f 9831 10015 9935
f 9855 10009 10016
f 10002 9827 9826
f 10010 10003 9791
f 9790 9789 10017
f 9777 9991 9990
f 10005 9759 9758
f 10018 9714 9713
f 9849 9999 9994
f 9852 10000 10007
f 9935 9832 9831
f 9828 10016 10019
f 10009 9855 9827
f 9796 9981 9968
f 10017 10010 9790
f 9786 10004 10020
f 10011 9760 9759
f 9715 9714 10018
f 9712 9994 10012
f 10013 9848 9847
f 10008 9962 9841
f 9829 10019 10021
f 10016 9828 9855
f 9969 9981 9795
f 9789 9788 10022
f 9788 9787 10020
f 10004 9786 9785
f 9713 10012 10018
f 9846 10007 10014
f 9830 10021 10015
f 10019 9829 9828
f 10022 10017 9789
f 10020 9787 9786
f 9847 10014 10013
f 10021 9830 9829
f 10020 10022 9788
f 10015 9831 9830
f 10018 9928 9715
f 9968 9797 9796
f 9869 10023 10024
f 9874 10025 10023
f 9875 10026 10025
f 9876 10027 10026
f 9880 10028 10027
f 9881 10029 10028
f 9878 10030 10029
f 9877 10031 10030
f 9879 10032 10031
f 9882 10033 10032
f 10034 10033 9882
f 9885 10035 10034
f 10036 10035 9885
f 10018 10037 10036
f 10012 10038 10037
f 9994 10039 10038
f 10040 10039 9994
f 10006 10041 10040
f 10013 10042 10041
f 10014 10043 10042
f 10007 10044 10043
f 10000 10045 10044
f 9995 10046 10045
f 9987 10047 10046
f 9977 10048 10047
f 9961 10049 10048
f 9960 10050 10049
f 9962 10051 10050
f 10008 10052 10051
f 10001 10053 10052
f 9988 10054 10053
f 9978 10055 10054
f 9964 10056 10055
f 9963 10057 10056
f 10058 10057 9963
f 10059 10058 9953
f 9940 10060 10059
f 9929 10061 10060
f 9934 10062 10061
f 10063 10062 9934
f 10015 10064 10063
f 10021 10065 10064
f 10066 10065 10021
f 10016 10067 10066
f 10068 10067 10016
f 10002 10069 10068
f 9947 10070 10069
f 9946 10071 10070
f 9948 10072 10071
f 9954 10073 10072
f 9965 10074 10073
f 9955 10075 10074
f 10076 10075 9955
f 9936 10077 10076
f 9923 10078 10077
f 10079 10078 9923
f 9918 10080 10079
f 9914 10081 10080
f 9908 10082 10081
f 9907 10083 10082
f 9911 10084 10083
f 9930 10085 10084
f 9941 10086 10085
f 9979 10087 10086
f 9956 10088 10087
f 9950 10089 10088
f 9937 10090 10089
f 10091 10090 9937
f 10092 10091 9931
f 9924 10093 10092
f 9926 10094 10093
f 9942 10095 10094
f 9951 10096 10095
f 9957 10097 10096
f 9980 10098 10097
f 9967 10099 10098
f 9966 10100 10099
f 9968 10101 10100
f 9981 10102 10101
f 10103 10102 9981
f 9982 10104 10103
f 9989 10105 10104
f 9996 10106 10105
f 10003 10107 10106
f 10010 10108 10107
f 10017 10109 10108
f 10022 10110 10109
f 10020 10111 10110
f 10004 10112 10111
f 10113 10112 10004
f 9983 10114 10113
f 9971 10115 10114
f 9970 10116 10115
f 9972 10117 10116
f 9973 10118 10117
f 9984 10119 10118
f 9990 10120 10119
f 9991 10121 10120
f 9985 10122 10121
f 9974 10123 10122
f 10124 10123 9974
f 9958 10125 10124
f 9952 10126 10125
f 10127 10126 9952
f 9938 10128 10127
f 9927 10129 10128
f 9919 10130 10129
f 10131 10130 9919
f 9912 10132 10131
f 10133 10132 9912
f 9909 10134 10133
f 9903 10135 10134
f 9901 10136 10135
f 9895 10137 10136
f 10138 10137 9895
f 9896 10139 10138
f 10140 10139 9896
f 9932 10141 10140
f 10011 10142 10141
f 10005 10143 10142
f 9998 10144 10143
f 9993 10145 10144
f 9992 10146 10145
f 10147 10146 9992
f 9976 10148 10147
f 9959 10149 10148
f 9944 10150 10149
f 10151 10150 9944
f 9933 10152 10151
f 9922 10153 10152
f 9920 10154 10153
f 10155 10154 9920
f 9916 10156 10155
f 9913 10157 10156
f 9906 10158 10157
f 9905 10159 10158
f 9899 10160 10159
f 9897 10161 10160
f 10162 10161 9897
f 9888 10163 10162
f 9890 10164 10163
f 9893 10165 10164
f 9902 10166 10165
f 9900 10167 10166
f 9898 10168 10167
f 9892 10169 10168
f 9891 10170 10169
f 10171 10170 9891
f 9886 10172 10171
f 9883 10173 10172
f 9873 10174 10173
f 9872 10175 10174
f 9871 10176 10175
f 9870 10177 10176
f 9868 10178 10177
f 9867 10024 10178
f 10178 9868 9867
f 10177 9870 9868
f 10176 9871 9870
f 10175 9872 9871
f 10174 9873 9872
f 10173 9883 9873
f 10172 9886 9883
f 10171 9887 9886
f 9891 9887 10171
f 10169 9892 9891
f 10168 9898 9892
f 10167 9900 9898
f 10166 9902 9900
f 10165 9893 9902
f 10164 9890 9893
f 10163 9888 9890
f 10162 9889 9888
f 9897 9889 10162
f 10160 9899 9897
f 10159 9905 9899
f 10158 9906 9905
f 10157 9913 9906
f 10156 9916 9913
f 10155 9917 9916
f 9920 9917 10155
f 10153 9922 9920
f 10152 9933 9922
f 10151 9939 9933
f 9944 9939 10151
f 10149 9959 9944
f 10148 9976 9959
f 10147 9986 9976
f 9992 9986 10147
f 10145 9993 9992
f 10144 9998 9993
f 10143 10005 9998
f 10142 10011 10005
f 10141 9932 10011
f 10140 9904 9932
f 9896 9904 10140
f 10138 9894 9896
f 9895 9894 10138
f 10136 9901 9895
f 10135 9903 9901
f 10134 9909 9903
f 10133 9910 9909
f 9912 9910 10133
f 10131 9915 9912
f 9919 9915 10131
f 10129 9927 9919
f 10128 9938 9927
f 10127 9943 9938
f 9952 9943 10127
f 10125 9958 9952
f 10124 9975 9958
f 9974 9975 10124
f 10122 9985 9974
f 10121 9991 9985
f 10120 9990 9991
f 10119 9984 9990
f 10118 9973 9984
f 10117 9972 9973
f 10116 9970 9972
f 10115 9971 9970
f 10114 9983 9971
f 10113 9997 9983
f 10004 9997 10113
f 10111 10020 10004
f 10110 10022 10020
f 10109 10017 10022
f 10108 10010 10017
f 10107 10003 10010
f 10106 9996 10003
f 10105 9989 9996
f 10104 9982 9989
f 10103 9969 9982
f 9981 9969 10103
f 10101 9968 9981
f 10100 9966 9968
f 10099 9967 9966
f 10098 9980 9967
f 10097 9957 9980
f 10096 9951 9957
f 10095 9942 9951
f 10094 9926 9942
f 10093 9924 9926
f 10092 9925 9924
f 9931 9925 10092
f 9937 9931 10091
f 10089 9950 9937
f 10088 9956 9950
f 10087 9979 9956
f 10086 9941 9979
f 10085 9930 9941
f 10084 9911 9930
f 10083 9907 9911
f 10082 9908 9907
f 10081 9914 9908
f 10080 9918 9914
f 10079 9921 9918
f 9923 9921 10079
f 10077 9936 9923
f 10076 9949 9936
f 9955 9949 10076
f 10074 9965 9955
f 10073 9954 9965
f 10072 9948 9954
f 10071 9946 9948
f 10070 9947 9946
f 10069 10002 9947
f 10068 10009 10002
f 10016 10009 10068
f 10066 10019 10016
f 10021 10019 10066
f 10064 10015 10021
f 10063 9935 10015
f 9934 9935 10063
f 10061 9929 9934
f 10060 9940 9929
f 10059 9945 9940
f 9953 9945 10059
f 9963 9953 10058
f 10056 9964 9963
f 10055 9978 9964
f 10054 9988 9978
f 10053 10001 9988
f 10052 10008 10001
f 10051 9962 10008
f 10050 9960 9962
f 10049 9961 9960
f 10048 9977 9961
f 10047 9987 9977
f 10046 9995 9987
f 10045 10000 9995
f 10044 10007 10000
f 10043 10014 10007
f 10042 10013 10014
f 10041 10006 10013
f 10040 9999 10006
f 9994 9999 10040
f 10038 10012 9994
f 10037 10018 10012
f 10036 9928 10018
f 9885 9928 10036
f 10034 9884 9885
f 9882 9884 10034
f 10032 9879 9882
f 10031 9877 9879
f 10030 9878 9877
f 10029 9881 9878
f 10028 9880 9881
f 10027 9876 9880
f 10026 9875 9876
f 10025 9874 9875
f 10023 9869 9874
f 10024 9867 9869
usemtl 54,111,178
f 10116 10141 10142
f 10142 10143 10116
f 10116 10140 10141
f 10143 10144 10116
f 10119 10120 10121
f 10144 10145 10116
f 10121 10122 10119
f 10145 10146 10116
f 10122 10123 10119
f 10146 10147 10116
f 10123 10124 10119
f 10115 10041 10042
f 10147 10148 10116
f 10124 10125 10119
f 10042 10043 10115
f 10148 10149 10116
f 10125 10126 10119
f 10043 10044 10115
f 10149 10150 10116
f 10126 10127 10119
f 10044 10045 10115
f 10150 10151 10116
f 10127 10128 10119
f 10045 10046 10115
f 10116 10164 10165
f 10116 10139 10140
f 10128 10129 10119
f 10062 10109 10110
f 10046 10047 10115
f 10165 10166 10116
f 10151 10152 10116
f 10129 10130 10119
f 10110 10111 10062
f 10073 10074 10075
f 10115 10050 10051
f 10047 10048 10115
f 10166 10167 10116
f 10152 10153 10116
f 10130 10131 10119
f 10111 10112 10062
f 10062 10085 10086
f 10075 10076 10073
f 10082 10063 10064
f 10051 10052 10115
f 10048 10049 10115
f 10167 10168 10116
f 10153 10154 10116
f 10132 10118 10119
f 10112 10113 10062
f 10086 10087 10062
f 10077 10072 10073
f 10064 10065 10082
f 10049 10050 10115
f 10168 10169 10116
f 10154 10155 10116
f 10131 10132 10119
f 10113 10114 10062
f 10062 10084 10085
f 10076 10077 10073
f 10065 10066 10082
f 10115 10040 10041
f 10169 10170 10116
f 10155 10156 10116
f 10132 10133 10118
f 10134 10116 10117
f 10062 10108 10109
f 10087 10088 10062
f 10077 10078 10072
f 10066 10067 10082
f 10052 10053 10115
f 10115 10035 10036
f 10170 10171 10116
f 10156 10157 10116
f 10117 10118 10134
f 10062 10107 10108
f 10062 10083 10084
f 10078 10079 10072
f 10067 10068 10082
f 10053 10054 10115
f 10036 10037 10115
f 10171 10172 10116
f 10157 10158 10116
f 10133 10134 10118
f 10062 10106 10107
f 10062 10096 10097
f 10088 10089 10062
f 10079 10080 10072
f 10082 10062 10063
f 10054 10055 10115
f 10037 10038 10115
f 10172 10173 10116
f 10116 10138 10139
f 10134 10135 10116
f 10062 10105 10106
f 10097 10098 10062
f 10089 10090 10062
f 10081 10071 10072
f 10068 10069 10082
f 10055 10056 10115
f 10038 10039 10115
f 10173 10174 10116
f 10158 10159 10116
f 10135 10136 10116
f 10062 10104 10105
f 10098 10099 10062
f 10090 10091 10062
f 10080 10081 10072
f 10069 10070 10082
f 10056 10057 10115
f 10115 10034 10035
f 10174 10175 10116
f 10159 10160 10116
f 10136 10137 10116
f 10062 10103 10104
f 10062 10101 10102
f 10099 10100 10062
f 10062 10093 10094
f 10091 10092 10062
f 10070 10071 10082
f 10057 10058 10115
f 10115 10033 10034
f 10115 10028 10029
f 10175 10176 10116
f 10137 10138 10116
f 10102 10103 10062
f 10062 10095 10096
f 10092 10093 10062
f 10081 10082 10071
f 10058 10059 10115
f 10115 10032 10033
f 10115 10027 10028
f 10176 10177 10116
f 10160 10161 10116
f 10100 10101 10062
f 10082 10083 10062
f 10059 10060 10115
f 10115 10031 10032
f 10115 10026 10027
f 10116 10163 10164
f 10161 10162 10116
f 10094 10095 10062
f 10039 10040 10115
f 10029 10030 10115
f 10116 10023 10025
f 10162 10163 10116
f 10115 10061 10062
f 10030 10031 10115
f 10116 10024 10023
f 10177 10178 10116
f 10060 10061 10115
f 10178 10024 10116
f 10114 10115 10062
f 10115 10116 10026
f 10025 10026 10116
usemtl 178,178,178
f 10179 10180 8690
f 10180 8691 8690
f 10179 8687 8686
f 8690 8689 10179
f 10181 8584 8583
f 8686 8685 10179
f 8689 8688 10179
f 10180 8693 8692
f 10180 8696 8695
f 10180 8704 8703
f 10181 8585 8584
f 10181 8587 8586
f 10181 8599 8598
f 10182 8617 8616
f 10179 8680 8679
f 8685 8684 10179
f 8692 8691 10180
f 10180 8697 8696
f 8703 8702 10180
f 10180 8706 8705
f 8586 8585 10181
f 10181 8589 8588
f 10181 8592 8591
f 10181 8596 8595
f 8598 8597 10181
f 10181 8615 8614
f 8616 10181 10182
f 10179 8681 8680
f 10179 8683 8682
f 8688 8687 10179
f 10180 8698 8697
f 10180 8701 8700
f 8705 8704 10180
f 10180 8715 8714
f 10180 8717 8716
f 10180 8723 8722
f 8588 8587 10181
f 8591 8590 10181
f 10181 8594 8593
f 8597 8596 10181
f 10181 8601 8600
f 10181 8603 8602
f 8614 8613 10181
f 10182 8618 8617
f 10179 8666 8665
f 10179 8668 8667
f 8682 8681 10179
f 10180 8694 8693
f 10180 8699 8698
f 8702 8701 10180
f 10180 8708 8707
f 10180 8710 8709
f 10180 8712 8711
f 8716 8715 10180
f 10180 8719 8718
f 10180 8721 8720
f 10180 8724 8723
f 8590 8589 10181
f 8595 8594 10181
f 8602 8601 10181
f 8616 8615 10181
f 10182 8621 8620
f 10179 8663 8662
f 8667 8666 10179
f 10179 8676 8675
f 10179 8678 8677
f 8684 8683 10179
f 8700 8699 10180
f 8709 8708 10180
f 10180 8713 8712
f 8718 8717 10180
f 8722 8721 10180
f 10181 8581 8580
f 8583 8582 10181
f 8600 8599 10181
f 10181 8612 8611
f 10182 8619 8618
f 10182 8622 8621
f 10182 8624 8623
f 10179 8660 8659
f 10179 8664 8663
f 10179 8669 8668
f 10179 8674 8673
f 8677 8676 10179
f 8695 8694 10180
f 8711 8710 10180
f 8720 8719 10180
f 8580 10180 10181
f 8593 8592 10181
f 10181 8609 8608
f 8611 8610 10181
f 8620 8619 10182
f 10182 8625 8624
f 10182 8627 8626
f 10182 8634 8633
f 10182 8641 8640
f 10179 8661 8660
f 8665 8664 10179
f 10179 8672 8671
f 8675 8674 10179
f 8707 8706 10180
f 10180 8725 8724
f 8582 8581 10181
f 8610 8609 10181
f 8623 8622 10182
f 10182 8628 8627
f 10182 8631 8630
f 8633 8632 10182
f 10182 8636 8635
f 8640 8639 10182
f 10179 8655 8654
f 8662 8661 10179
f 8671 8670 10179
f 8679 8678 10179
f 8580 8725 10180
f 10181 8607 8606
f 8613 8612 10181
f 10182 8629 8628
f 8632 8631 10182
f 10182 8637 8636
f 8639 8638 10182
f 10179 8656 8655
f 10179 8658 8657
f 8670 8669 10179
f 8714 8713 10180
f 10181 8605 8604
f 8608 8607 10181
f 8630 8629 10182
f 8638 8637 10182
f 8657 8656 10179
f 8673 8672 10179
f 8606 8605 10181
f 8635 8634 10182
f 10182 8645 8644
f 10182 8647 8646
f 10182 10179 8652
f 8659 8658 10179
f 8626 8625 10182
f 8646 8645 10182
f 10182 8649 8648
f 10182 8651 8650
f 8652 8653 10182
f 8604 8603 10181
f 10182 8643 8642
f 8648 8647 10182
f 8653 8651 10182
f 8642 8641 10182
f 8650 8649 10182
f 8644 8643 10182
f 8654 8652 10179
f 10179 10183 10184
f 10184 10180 10179
f 10180 10184 10185
f 10185 10181 10180
f 10182 10186 10183
f 10183 10179 10182
f 10181 10185 10186
f 10186 10182 10181
f 10187 10188 8836
f 10188 8837 8836
f 10187 8833 8832
f 8836 8835 10187
f 10189 8730 8729
f 8832 8831 10187
f 8835 8834 10187
f 10188 8839 8838
f 10188 8842 8841
f 10188 8850 8849
f 10189 8731 8730
f 10189 8733 8732
f 10189 8745 8744
f 10190 8763 8762
f 10187 8826 8825
f 8831 8830 10187
f 8838 8837 10188
f 10188 8843 8842
f 8849 8848 10188
f 10188 8852 8851
f 8732 8731 10189
f 10189 8735 8734
f 10189 8738 8737
f 10189 8742 8741
f 8744 8743 10189
f 10189 8761 8760
f 8762 10189 10190
f 10187 8827 8826
f 10187 8829 8828
f 8834 8833 10187
f 10188 8844 8843
f 10188 8847 8846
f 8851 8850 10188
f 10188 8861 8860
f 10188 8863 8862
f 10188 8869 8868
f 8734 8733 10189
f 8737 8736 10189
f 10189 8740 8739
f 8743 8742 10189
f 10189 8747 8746
f 10189 8749 8748
f 8760 8759 10189
f 10190 8764 8763
f 10187 8812 8811
f 10187 8814 8813
f 8828 8827 10187
f 10188 8840 8839
f 10188 8845 8844
f 8848 8847 10188
f 10188 8854 8853
f 10188 8856 8855
f 10188 8858 8857
f 8862 8861 10188
f 10188 8865 8864
f 10188 8867 8866
f 10188 8870 8869
f 8736 8735 10189
f 8741 8740 10189
f 8748 8747 10189
f 8762 8761 10189
f 10190 8767 8766
f 10187 8809 8808
f 8813 8812 10187
f 10187 8822 8821
f 10187 8824 8823
f 8830 8829 10187
f 8846 8845 10188
f 8855 8854 10188
f 10188 8859 8858
f 8864 8863 10188
f 8868 8867 10188
f 10189 8727 8726
f 8729 8728 10189
f 8746 8745 10189
f 10189 8758 8757
f 10190 8765 8764
f 10190 8768 8767
f 10190 8770 8769
f 10187 8806 8805
f 10187 8810 8809
f 10187 8815 8814
f 10187 8820 8819
f 8823 8822 10187
f 8841 8840 10188
f 8857 8856 10188
f 8866 8865 10188
f 8726 10188 10189
f 8739 8738 10189
f 10189 8755 8754
f 8757 8756 10189
f 8766 8765 10190
f 10190 8771 8770
f 10190 8773 8772
f 10190 8780 8779
f 10190 8787 8786
f 10187 8807 8806
f 8811 8810 10187
f 10187 8818 8817
f 8821 8820 10187
f 8853 8852 10188
f 10188 8871 8870
f 8728 8727 10189
f 8756 8755 10189
f 8769 8768 10190
f 10190 8774 8773
f 10190 8777 8776
f 8779 8778 10190
f 10190 8782 8781
f 8786 8785 10190
f 10187 8801 8800
f 8808 8807 10187
f 8817 8816 10187
f 8825 8824 10187
f 8726 8871 10188
f 10189 8753 8752
f 8759 8758 10189
f 10190 8775 8774
f 8778 8777 10190
f 10190 8783 8782
f 8785 8784 10190
f 10187 8802 8801
f 10187 8804 8803
f 8816 8815 10187
f 8860 8859 10188
f 10189 8751 8750
f 8754 8753 10189
f 8776 8775 10190
f 8784 8783 10190
f 8803 8802 10187
f 8819 8818 10187
f 8752 8751 10189
f 8781 8780 10190
f 10190 8791 8790
f 10190 8793 8792
f 10190 10187 8798
f 8805 8804 10187
f 8772 8771 10190
f 8792 8791 10190
f 10190 8795 8794
f 10190 8797 8796
f 8798 8799 10190
f 8750 8749 10189
f 10190 8789 8788
f 8794 8793 10190
f 8799 8797 10190
f 8788 8787 10190
f 8796 8795 10190
f 8790 8789 10190
f 8800 8798 10187
f 10191 10192 10189
f 10189 10188 10191
f 10189 10192 10193
f 10193 10190 10189
f 10187 10194 10191
f 10191 10188 10187
f 10193 10194 10187
f 10187 10190 10193
f 10195 10196 8982
f 10196 8983 8982
f 8982 8981 10195
f 10196 8986 8985
f 10195 8979 8978
f 8981 8980 10195
f 8985 8984 10196
f 10196 8988 8987
f 8978 8977 10195
f 8984 8983 10196
f 10196 8989 8988
f 10196 8991 8990
f 10195 8973 8972
f 8977 8976 10195
f 8987 8986 10196
f 10196 8992 8991
f 10196 8994 8993
f 10196 8996 8995
f 10196 9001 9000
f 10197 8909 8908
f 8972 8971 10195
f 10195 8975 8974
f 8980 8979 10195
f 8993 8992 10196
f 10196 8997 8996
f 10196 9002 9001
f 10198 8876 8875
f 10198 8907 8906
f 8908 10198 10197
f 8974 8973 10195
f 8990 8989 10196
f 10196 8998 8997
f 9000 8999 10196
f 10198 8877 8876
f 10198 8884 8883
f 8906 8905 10198
f 10197 8910 8909
f 10197 8913 8912
f 10195 8955 8954
f 10195 8959 8958
f 10195 8963 8962
f 10195 8965 8964
f 10195 8968 8967
f 8976 8975 10195
f 8999 8998 10196
f 10198 8878 8877
f 10198 8881 8880
f 8883 8882 10198
f 10198 8893 8892
f 10198 8895 8894
f 10198 8904 8903
f 8908 8907 10198
f 10197 8914 8913
f 8954 8953 10195
f 10195 8960 8959
f 8964 8963 10195
f 8967 8966 10195
f 10195 8970 8969
f 8995 8994 10196
f 10198 8879 8878
f 8882 8881 10198
f 8894 8893 10198
f 10198 8900 8899
f 8903 8902 10198
f 10197 8911 8910
f 10197 8915 8914
f 10197 8934 8933
f 10195 8956 8955
f 8958 8957 10195
f 8966 8965 10195
f 8971 8970 10195
f 10196 9004 9003
f 10196 9009 9008
f 10196 9011 9010
f 8880 8879 10198
f 10198 8886 8885
f 10198 8888 8887
f 8892 8891 10198
f 10198 8897 8896
f 8899 8898 10198
f 8902 8901 10198
f 8912 8911 10197
f 10197 8917 8916
f 8933 8932 10197
f 10197 8938 8937
f 10197 10195 8944
f 8957 8956 10195
f 8969 8968 10195
f 10196 9005 9004
f 10196 9007 9006
f 9010 9009 10196
f 10196 10198 8872
f 8875 8874 10198
f 8887 8886 10198
f 10198 8890 8889
f 8896 8895 10198
f 8901 8900 10198
f 8916 8915 10197
f 10197 8925 8924
f 8932 8931 10197
f 10197 8939 8938
f 10197 8941 8940
f 10197 8943 8942
f 8944 8945 10197
f 10195 8952 8951
f 10195 8961 8960
f 9003 9002 10196
f 9008 9007 10196
f 10196 9015 9014
f 10198 8873 8872
f 8885 8884 10198
f 8891 8890 10198
f 8905 8904 10198
f 10197 8920 8919
f 10197 8923 8922
f 10197 8926 8925
f 10197 8929 8928
f 8931 8930 10197
f 8940 8939 10197
f 8945 8943 10197
f 10195 8947 8946
f 10195 8949 8948
f 8951 8950 10195
f 8962 8961 10195
f 10196 9012 9011
f 9014 9013 10196
f 8874 8873 10198
f 8898 8897 10198
f 8919 8918 10197
f 8922 8921 10197
f 10197 8927 8926
f 8930 8929 10197
f 10197 8936 8935
f 8942 8941 10197
f 8948 8947 10195
f 8953 8952 10195
f 9013 9012 10196
f 10196 9017 9016
f 8889 8888 10198
f 8921 8920 10197
f 8928 8927 10197
f 8937 8936 10197
f 8950 8949 10195
f 9016 9015 10196
f 8918 8917 10197
f 8935 8934 10197
f 9006 9005 10196
f 8924 8923 10197
f 8872 9017 10196
f 8946 8944 10195
f 10199 10198 10196
f 10196 10200 10199
f 10198 10199 10201
f 10201 10197 10198
f 10195 10202 10200
f 10200 10196 10195
f 10201 10202 10195
f 10195 10197 10201
usemtl 54,111,178
f 10203 7161 7162
f 10203 7164 7165
f 7162 7163 10203
f 10203 7159 7160
f 10203 7157 7158
f 10203 10204 7151
f 7163 7164 10203
f 7158 7159 10203
f 10203 7153 7154
f 7151 7150 10203
f 10183 7180 7181
f 10205 7146 9465
f 10203 7168 7169
f 10203 7166 7167
f 7160 7161 10203
f 10203 7155 7156
f 10203 7152 7153
f 10204 10202 7151
f 10193 7197 7198
f 10193 7225 7194
f 7225 7191 7192
f 7225 7188 7190
f 10183 7179 7180
f 10183 7176 7177
f 10183 7174 7175
f 9465 10206 10205
f 9465 10200 10206
f 10203 7170 7171
f 7167 7168 10203
f 7156 7157 10203
f 7150 7152 10203
f 10194 7212 7213
f 10194 7210 7211
f 10193 7208 7209
f 10193 7200 7201
f 10193 7196 7197
f 7194 7195 10193
f 7190 7191 7225
f 7148 7182 7183
f 7181 7148 10183
f 7175 7176 10183
f 7146 9463 9465
f 10200 10202 10204
f 7169 7170 10203
f 7154 7155 10203
f 7211 7212 10194
f 7209 10194 10193
f 7201 7202 10193
f 7198 7199 10193
f 7225 7193 7194
f 7225 7189 7188
f 7181 7182 7148
f 7177 7178 10183
f 7172 10183 10186
f 10204 10206 10200
f 7165 7166 10203
f 7187 7151 10202
f 10201 7222 7223
f 10201 7220 7221
f 7209 7210 10194
f 10193 7206 7207
f 10193 7203 7204
f 7199 7200 10193
f 7192 7193 7225
f 7148 7184 7185
f 7178 7179 10183
f 10186 10203 7172
f 7171 7172 10203
f 9465 10191 10199
f 10201 10199 10191
f 10201 7224 7187
f 7221 7222 10201
f 10201 7218 7219
f 10201 7216 7217
f 10194 7214 7215
f 7207 7208 10193
f 7204 7205 10193
f 7195 7196 10193
f 7183 7184 7148
f 7172 7173 10183
f 10199 10200 9465
f 10194 7216 10201
f 7223 7224 10201
f 7217 7218 10201
f 7225 10193 10192
f 7213 7214 10194
f 7202 7203 10193
f 7146 10205 10185
f 10203 10186 10185
f 7173 7174 10183
f 10191 10194 10201
f 7219 7220 10201
f 10192 9311 7225
f 7205 7206 10193
f 9468 9469 9316
f 10185 10205 10203
f 7185 7186 7148
f 10202 10201 7187
f 9463 7146 7147
f 7226 7225 9311
f 7215 7216 10194
f 9316 9315 9468
f 9468 10192 10191
f 7186 7149 7148
f 7147 7229 9463
f 10192 9315 9311
f 10191 9465 9468
f 9315 10192 9468
f 9310 7231 7227
f 9311 9310 7226
f 7148 7146 10184
f 10185 10184 7146
f 7227 7226 9310
f 10184 10183 7148
usemtl 178,178,178
f 10207 9055 9054
f 10208 10209 9128
f 9054 10210 10207
f 10209 9129 9128
f 10210 9053 9052
f 10207 9056 9055
f 10208 9125 9124
f 9128 9127 10208
f 9054 9053 10210
f 9124 9123 10208
f 9127 9126 10208
f 10209 9131 9130
f 10210 9051 9050
f 10207 9057 9056
f 10207 9059 9058
f 9123 9122 10208
f 9130 9129 10209
f 9052 9051 10210
f 10207 9060 9059
f 10207 9062 9061
f 10208 9119 9118
f 10208 9121 9120
f 9126 9125 10208
f 10209 9134 9133
f 10209 9146 9145
f 10209 9148 9147
f 10209 9150 9149
f 9058 9057 10207
f 10207 9063 9062
f 10207 9072 9071
f 10207 9075 9074
f 10208 9100 9099
f 10208 9103 9102
f 9120 9119 10208
f 10209 9132 9131
f 10209 9135 9134
f 10209 9142 9141
f 10209 9144 9143
f 9147 9146 10209
f 10209 9151 9150
f 10210 9027 9026
f 10210 9030 9029
f 10210 9034 9033
f 10210 9042 9041
f 10210 9046 9045
f 10210 9049 9048
f 9061 9060 10207
f 10207 9069 9068
f 9071 9070 10207
f 9074 9073 10207
f 10207 9077 9076
f 10207 9080 9079
f 10208 9101 9100
f 10208 9104 9103
f 9122 9121 10208
f 10209 9136 9135
f 9143 9142 10209
f 9149 9148 10209
f 10210 9022 9021
f 9026 9025 10210
f 9029 9028 10210
f 9033 9032 10210
f 10210 9039 9038
f 10210 9043 9042
f 10210 9047 9046
f 9050 9049 10210
f 9070 9069 10207
f 9076 9075 10207
f 9079 9078 10207
f 9102 9101 10208
f 10208 9106 9105
f 10208 9109 9108
f 10208 9111 9110
f 10208 9114 9113
f 9133 9132 10209
f 10209 9138 9137
f 10209 9140 9139
f 9145 9144 10209
f 10209 9157 9156
f 10209 9161 9160
f 10210 9023 9022
f 9028 9027 10210
f 9032 9031 10210
f 10210 9040 9039
f 10210 9044 9043
f 9048 9047 10210
f 10207 9066 9065
f 9068 9067 10207
f 9078 9077 10207
f 9105 9104 10208
f 9110 9109 10208
f 9113 9112 10208
f 10208 9116 9115
f 9137 9136 10209
f 9141 9140 10209
f 10209 9158 9157
f 9160 9159 10209
f 10210 9024 9023
f 9031 9030 10210
f 9038 9037 10210
f 9045 9044 10210
f 9065 9064 10207
f 9073 9072 10207
f 10207 9082 9081
f 10208 9093 9092
f 10208 9095 9094
f 10208 9098 9097
f 10208 9107 9106
f 9112 9111 10208
f 10208 9117 9116
f 9139 9138 10209
f 10209 9155 9154
f 9159 9158 10209
f 10210 9019 9018
f 9025 9024 10210
f 9041 9040 10210
f 9067 9066 10207
f 10207 9083 9082
f 10207 9086 9085
f 10207 10208 9090
f 9094 9093 10208
f 9097 9096 10208
f 9108 9107 10208
f 9118 9117 10208
f 9156 9155 10209
f 10209 9163 9162
f 9018 10209 10210
f 9021 9020 10210
f 10210 9036 9035
f 9064 9063 10207
f 10207 9084 9083
f 10207 9087 9086
f 10207 9089 9088
f 9090 9091 10207
f 9096 9095 10208
f 9115 9114 10208
f 10209 9153 9152
f 9162 9161 10209
f 9020 9019 10210
f 9037 9036 10210
f 9085 9084 10207
f 9091 9089 10207
f 9099 9098 10208
f 9154 9153 10209
f 9035 9034 10210
f 9088 9087 10207
f 9152 9151 10209
f 9081 9080 10207
f 9018 9163 10209
f 9092 9090 10208
f 10209 10205 10206
f 10206 10210 10209
f 10210 10206 10204
f 10204 10207 10210
f 10208 10203 10205
f 10205 10209 10208
f 10207 10204 10203
f 10203 10208 10207
usemtl 255,255,255
f 10211 10212 8020
f 8020 8019 10211
f 10213 10211 8018
f 8044 10214 10213
f 10212 10215 8022
f 8018 8017 10213
f 10213 8017 8044
f 8022 8021 10212
f 8044 8016 10214
f 10216 10217 8024
f 10215 10216 8023
f 8019 8018 10211
f 8024 8043 10216
f 8021 8020 10212
f 10218 10219 7937
f 10217 10220 8025
f 8023 8022 10215
f 7939 7937 10219
f 7937 7936 10218
f 10220 10221 8026
f 8043 8023 10216
f 7940 7939 10222
f 7936 7935 10218
f 8025 8024 10217
f 10223 10214 8016
f 10219 10222 7939
f 7935 7934 10224
f 8016 8045 10223
f 10225 10223 8045
f 7990 7989 10226
f 7989 8048 10227
f 10224 10218 7935
f 10224 7934 7933
f 7932 7931 10228
f 8045 8015 10225
f 10229 10225 8015
f 10227 10226 7989
f 10227 8048 7988
f 7933 10230 10224
f 10230 7933 7932
f 8015 8014 10229
f 10231 10229 8014
f 7991 7990 10232
f 7988 10233 10227
f 10228 10230 7932
f 10228 7931 7930
f 10234 10235 8029
f 10236 10234 8028
f 8014 8013 10231
f 8012 10237 10231
f 10238 7992 7991
f 10226 10232 7990
f 7930 10239 10228
f 10239 7930 7929
f 8028 8042 10236
f 10240 10236 8042
f 10221 10240 8027
f 10231 8013 8012
f 10241 7993 7992
f 10232 10242 7991
f 7929 10243 10239
f 10243 7929 7928
f 10244 7927 7926
f 8042 8027 10240
f 8026 8025 10220
f 7991 10242 10238
f 10233 7988 7987
f 7928 10244 10243
f 10244 7928 7927
f 10235 10245 8030
f 8027 8026 10221
f 10246 7994 7993
f 7987 10247 10233
f 7960 10248 10249
f 10250 10248 7960
f 7941 7940 10251
f 7926 10252 10244
f 10253 7908 7907
f 10254 7907 7906
f 10245 10255 8031
f 8029 8028 10234
f 10256 7995 7994
f 7992 10238 10241
f 7960 7959 10250
f 10257 10250 7959
f 7942 7941 10258
f 10222 10251 7940
f 7906 10259 10254
f 10255 10260 8041
f 8030 8029 10235
f 10261 7996 7995
f 7993 10241 10246
f 7978 10249 10262
f 7959 7958 10257
f 7943 7942 10263
f 10251 10258 7941
f 10264 7909 7908
f 7907 10254 10253
f 10260 10265 8032
f 8031 8030 10245
f 10266 7997 7996
f 7994 10246 10256
f 10267 7982 7981
f 7961 10262 10268
f 10249 7978 7960
f 7945 10269 10270
f 7944 7943 10271
f 10258 10263 7942
f 10272 7910 7909
f 10253 10273 7908
f 10265 10274 8033
f 8041 8031 10255
f 10275 7998 7997
f 7995 10256 10261
f 7983 10276 10277
f 7983 7982 10267
f 7981 10278 10267
f 7962 10268 10279
f 10262 7961 7978
f 10270 7946 7945
f 10263 10271 7943
f 10280 7911 7910
f 7908 10273 10264
f 10274 10281 8040
f 8032 8041 10260
f 8046 10282 10237
f 10283 7999 7998
f 7996 10261 10266
f 10277 7984 7983
f 7981 7980 10278
f 7976 10284 10285
f 10268 7962 7961
f 10286 10257 7958
f 10287 10288 7979
f 10289 10287 7949
f 7946 10270 10290
f 10271 10269 7944
f 7909 10264 10272
f 10259 7906 7938
f 8033 8032 10265
f 10237 8012 8046
f 10291 8000 8047
f 10292 8047 7999
f 7997 10266 10275
f 10267 10276 7983
f 10293 10294 10295
f 7976 10296 10284
f 7975 10297 10296
f 7963 10279 10298
f 7958 7957 10286
f 7979 10288 10299
f 7949 7948 10289
f 10290 10289 7948
f 7945 7944 10269
f 10300 7912 7911
f 7938 10301 10259
f 10281 10302 8034
f 8046 8011 10282
f 8007 8006 10303
f 8006 8005 10304
f 8004 8003 10305
f 10291 8001 8000
f 7998 10275 10283
f 7985 7984 10306
f 10277 10307 7984
f 10295 10308 10293
f 10296 7976 7975
f 10309 10297 7975
f 7971 10310 10311
f 7964 10298 10312
f 10279 7963 7962
f 7979 7949 10287
f 10290 7947 7946
f 7910 10272 10280
f 8040 8033 10274
f 8008 8007 10313
f 10304 10303 8006
f 10304 8005 8004
f 10314 8002 8001
f 7999 10283 10292
f 10315 8049 7985
f 10307 10306 7984
f 10294 10316 10295
f 7975 7974 10309
f 10317 10309 7974
f 7973 7972 10318
f 10311 7972 7971
f 10298 7964 7963
f 7948 7947 10290
f 10252 7926 7925
f 10319 7913 7912
f 7938 10320 10301
f 8039 10321 10322
f 10323 10324 8035
f 8034 8040 10281
f 10325 8009 8008
f 10305 10304 8004
f 10305 8003 8002
f 8047 10292 10291
f 10326 7986 8049
f 10306 10327 7985
f 10328 10329 10293
f 7974 7973 10317
f 10311 10318 7972
f 7966 7965 10330
f 10312 7965 7964
f 7950 10299 10331
f 7925 10332 10252
f 10333 7923 7922
f 10334 7918 7917
f 10335 7917 7916
f 10336 7914 7913
f 7911 10280 10300
f 8039 10337 10321
f 10324 10338 8036
f 10302 10323 8034
f 10303 10313 8007
f 8001 10291 10314
f 10247 7987 7986
f 7985 10327 10315
f 10294 10339 10316
f 7938 8039 10340
f 10318 10317 7973
f 7970 10341 10310
f 10342 10343 7969
f 7967 7966 10344
f 10312 10330 7965
f 7951 10331 10345
f 10299 7950 7979
f 10332 7925 7924
f 10333 7924 7923
f 10346 7919 7918
f 7916 10347 10335
f 10348 7915 7914
f 7912 10300 10319
f 10322 10349 8039
f 10350 10337 8039
f 10338 10351 8037
f 8035 8034 10323
f 8002 10314 10305
f 8049 10315 10326
f 10294 10352 10339
f 10353 10354 10352
f 10355 10356 10357
f 10358 10355 7938
f 10310 7971 7970
f 7970 7969 10343
f 7969 7968 10342
f 10330 10344 7966
f 7952 10345 10359
f 10331 7951 7950
f 7922 10360 10333
f 10360 7922 7921
f 10361 7920 7919
f 7917 10335 10334
f 10347 7916 7915
f 7913 10319 10336
f 7938 10362 10363
f 7938 10355 10364
f 10349 10365 8039
f 8039 8038 10350
f 8036 8035 10324
f 8009 10325 10366
f 7986 10326 10247
f 10352 10294 10353
f 10367 10368 10369
f 10355 10370 10356
f 10340 10358 7938
f 10343 10341 7970
f 10344 10342 7967
f 7956 10371 10286
f 7955 10372 10371
f 7953 10359 10373
f 10345 7952 7951
f 7921 10374 10360
f 10374 7921 7920
f 7918 10334 10346
f 7914 10336 10348
f 10364 10362 7938
f 8038 8037 10350
f 8037 8036 10338
f 8011 8010 10366
f 10313 10325 8008
f 10369 10368 10375
f 10353 10375 10354
f 10357 10367 10355
f 10358 10376 10355
f 7968 7967 10342
f 10371 7956 7955
f 7954 10373 10372
f 10359 7953 7952
f 7920 10361 10374
f 7915 10348 10347
f 10363 10377 7938
f 10351 10350 8037
f 10366 8010 8009
f 10308 10328 10293
f 10376 10370 10355
f 10286 7957 7956
f 10373 7954 7953
f 7919 10346 10361
f 10377 10378 7938
f 10366 10282 8011
f 10369 10355 10367
f 10372 7955 7954
f 10378 10320 7938
f 10375 10353 10369
f 7924 10333 10332
f 7977 10285 10329
f 10285 7977 7976
f 7980 10329 10328
f 10365 10340 8039
f 10329 7980 7977
f 10328 10278 7980
f 10328 10379 10380
f 10380 10278 10328
f 10214 10381 10382
f 10223 10383 10381
f 10225 10384 10383
f 10229 10385 10384
f 10231 10386 10385
f 10237 10387 10386
f 10282 10388 10387
f 10366 10389 10388
f 10390 10389 10366
f 10313 10391 10390
f 10303 10392 10391
f 10304 10393 10392
f 10305 10394 10393
f 10314 10395 10394
f 10291 10396 10395
f 10292 10397 10396
f 10283 10398 10397
f 10275 10399 10398
f 10266 10400 10399
f 10401 10400 10266
f 10256 10402 10401
f 10246 10403 10402
f 10241 10404 10403
f 10238 10405 10404
f 10242 10406 10405
f 10232 10407 10406
f 10226 10408 10407
f 10227 10409 10408
f 10233 10410 10409
f 10247 10411 10410
f 10326 10412 10411
f 10315 10413 10412
f 10414 10413 10315
f 10306 10415 10414
f 10307 10416 10415
f 10277 10417 10416
f 10276 10418 10417
f 10267 10419 10418
f 10278 10380 10419
f 10419 10267 10278
f 10418 10276 10267
f 10417 10277 10276
f 10416 10307 10277
f 10415 10306 10307
f 10414 10327 10306
f 10315 10327 10414
f 10412 10326 10315
f 10411 10247 10326
f 10410 10233 10247
f 10409 10227 10233
f 10408 10226 10227
f 10407 10232 10226
f 10406 10242 10232
f 10405 10238 10242
f 10404 10241 10238
f 10403 10246 10241
f 10402 10256 10246
f 10401 10261 10256
f 10266 10261 10401
f 10399 10275 10266
f 10398 10283 10275
f 10397 10292 10283
f 10396 10291 10292
f 10395 10314 10291
f 10394 10305 10314
f 10393 10304 10305
f 10392 10303 10304
f 10391 10313 10303
f 10390 10325 10313
f 10366 10325 10390
f 10388 10282 10366
f 10387 10237 10282
f 10386 10231 10237
f 10385 10229 10231
f 10384 10225 10229
f 10383 10223 10225
f 10381 10214 10223
f 10382 10213 10214
f 10308 10420 10379
f 10295 10421 10420
f 10316 10422 10421
f 10339 10423 10422
f 10352 10424 10423
f 10354 10425 10424
f 10375 10426 10425
f 10368 10427 10426
f 10367 10428 10427
f 10357 10429 10428
f 10356 10430 10429
f 10370 10431 10430
f 10376 10432 10431
f 10358 10433 10432
f 10434 10433 10358
f 10365 10435 10434
f 10349 10436 10435
f 10322 10437 10436
f 10321 10438 10437
f 10337 10439 10438
f 10350 10440 10439
f 10351 10441 10440
f 10338 10442 10441
f 10324 10443 10442
f 10323 10444 10443
f 10445 10444 10323
f 10281 10446 10445
f 10274 10447 10446
f 10265 10448 10447
f 10260 10449 10448
f 10255 10450 10449
f 10245 10451 10450
f 10235 10452 10451
f 10453 10452 10235
f 10236 10454 10453
f 10240 10455 10454
f 10456 10455 10240
f 10220 10457 10456
f 10217 10458 10457
f 10459 10458 10217
f 10215 10460 10459
f 10461 10460 10215
f 10211 10462 10461
f 10213 10382 10462
f 10462 10211 10213
f 10461 10212 10211
f 10215 10212 10461
f 10459 10216 10215
f 10217 10216 10459
f 10457 10220 10217
f 10456 10221 10220
f 10240 10221 10456
f 10454 10236 10240
f 10453 10234 10236
f 10235 10234 10453
f 10451 10245 10235
f 10450 10255 10245
f 10449 10260 10255
f 10448 10265 10260
f 10447 10274 10265
f 10446 10281 10274
f 10445 10302 10281
f 10323 10302 10445
f 10443 10324 10323
f 10442 10338 10324
f 10441 10351 10338
f 10440 10350 10351
f 10439 10337 10350
f 10438 10321 10337
f 10437 10322 10321
f 10436 10349 10322
f 10435 10365 10349
f 10434 10340 10365
f 10358 10340 10434
f 10432 10376 10358
f 10431 10370 10376
f 10430 10356 10370
f 10429 10357 10356
f 10428 10367 10357
f 10427 10368 10367
f 10426 10375 10368
f 10425 10354 10375
f 10424 10352 10354
f 10423 10339 10352
f 10422 10316 10339
f 10421 10295 10316
f 10420 10308 10295
f 10379 10328 10308
usemtl 54,111,178
f 10408 10439 10440
f 10393 10394 10395
f 10440 10441 10408
f 10395 10396 10393
f 10441 10442 10408
f 10396 10397 10393
f 10442 10443 10408
f 10397 10398 10393
f 10443 10444 10408
f 10398 10399 10393
f 10408 10387 10388
f 10444 10445 10408
f 10399 10400 10393
f 10388 10389 10408
f 10445 10446 10408
f 10400 10401 10393
f 10389 10390 10408
f 10446 10447 10408
f 10401 10402 10393
f 10408 10386 10387
f 10408 10454 10455
f 10447 10448 10408
f 10437 10410 10411
f 10402 10403 10393
f 10390 10391 10408
f 10455 10456 10408
f 10448 10449 10408
f 10419 10430 10431
f 10411 10412 10437
f 10403 10404 10393
f 10408 10385 10386
f 10456 10457 10408
f 10449 10450 10408
f 10431 10432 10419
f 10412 10413 10437
f 10404 10405 10393
f 10408 10384 10385
f 10457 10458 10408
f 10450 10451 10408
f 10432 10433 10419
f 10413 10414 10437
f 10405 10406 10393
f 10408 10383 10384
f 10458 10459 10408
f 10408 10438 10439
f 10419 10429 10430
f 10414 10415 10437
f 10406 10407 10393
f 10408 10381 10383
f 10459 10460 10408
f 10451 10452 10408
f 10433 10434 10419
f 10437 10409 10410
f 10408 10392 10393
f 10408 10382 10381
f 10408 10453 10454
f 10408 10437 10438
f 10434 10435 10419
f 10419 10426 10427
f 10415 10416 10437
f 10391 10392 10408
f 10452 10453 10408
f 10435 10436 10419
f 10427 10428 10419
f 10437 10417 10418
f 10437 10408 10409
f 10408 10462 10382
f 10460 10461 10408
f 10428 10429 10419
f 10416 10417 10437
f 10461 10462 10408
f 10419 10425 10426
f 10407 10408 10393
f 10419 10424 10425
f 10436 10437 10419
f 10419 10423 10424
f 10419 10422 10423
f 10419 10421 10422
f 10380 10420 10421
f 10421 10419 10380
f 10380 10379 10420
f 10418 10419 10437
usemtl 255,255,255
f 10285 10463 10464
f 10464 10329 10285
f 10218 10465 10466
f 10224 10467 10465
f 10230 10468 10467
f 10228 10469 10468
f 10239 10470 10469
f 10243 10471 10470
f 10244 10472 10471
f 10252 10473 10472
f 10332 10474 10473
f 10333 10475 10474
f 10360 10476 10475
f 10374 10477 10476
f 10361 10478 10477
f 10346 10479 10478
f 10334 10480 10479
f 10335 10481 10480
f 10347 10482 10481
f 10348 10483 10482
f 10336 10484 10483
f 10319 10485 10484
f 10300 10486 10485
f 10487 10486 10300
f 10272 10488 10487
f 10264 10489 10488
f 10273 10490 10489
f 10253 10491 10490
f 10254 10492 10491
f 10493 10492 10254
f 10301 10494 10493
f 10320 10495 10494
f 10378 10496 10495
f 10377 10497 10496
f 10498 10497 10377
f 10362 10499 10498
f 10364 10500 10499
f 10355 10501 10500
f 10369 10502 10501
f 10353 10503 10502
f 10294 10504 10503
f 10293 10505 10504
f 10329 10464 10505
f 10505 10293 10329
f 10504 10294 10293
f 10503 10353 10294
f 10502 10369 10353
f 10501 10355 10369
f 10500 10364 10355
f 10499 10362 10364
f 10498 10363 10362
f 10377 10363 10498
f 10496 10378 10377
f 10495 10320 10378
f 10494 10301 10320
f 10493 10259 10301
f 10254 10259 10493
f 10491 10253 10254
f 10490 10273 10253
f 10489 10264 10273
f 10488 10272 10264
f 10487 10280 10272
f 10300 10280 10487
f 10485 10319 10300
f 10484 10336 10319
f 10483 10348 10336
f 10482 10347 10348
f 10481 10335 10347
f 10480 10334 10335
f 10479 10346 10334
f 10478 10361 10346
f 10477 10374 10361
f 10476 10360 10374
f 10475 10333 10360
f 10474 10332 10333
f 10473 10252 10332
f 10472 10244 10252
f 10471 10243 10244
f 10470 10239 10243
f 10469 10228 10239
f 10468 10230 10228
f 10467 10224 10230
f 10465 10218 10224
f 10466 10219 10218
f 10284 10506 10463
f 10296 10507 10506
f 10297 10508 10507
f 10309 10509 10508
f 10317 10510 10509
f 10511 10510 10317
f 10512 10511 10318
f 10310 10513 10512
f 10341 10514 10513
f 10343 10515 10514
f 10342 10516 10515
f 10344 10517 10516
f 10330 10518 10517
f 10519 10518 10330
f 10298 10520 10519
f 10279 10521 10520
f 10268 10522 10521
f 10262 10523 10522
f 10249 10524 10523
f 10248 10525 10524
f 10250 10526 10525
f 10527 10526 10250
f 10286 10528 10527
f 10371 10529 10528
f 10372 10530 10529
f 10373 10531 10530
f 10359 10532 10531
f 10345 10533 10532
f 10331 10534 10533
f 10299 10535 10534
f 10288 10536 10535
f 10287 10537 10536
f 10289 10538 10537
f 10290 10539 10538
f 10270 10540 10539
f 10269 10541 10540
f 10271 10542 10541
f 10263 10543 10542
f 10258 10544 10543
f 10545 10544 10258
f 10222 10546 10545
f 10219 10466 10546
f 10546 10222 10219
f 10545 10251 10222
f 10258 10251 10545
f 10543 10263 10258
f 10542 10271 10263
f 10541 10269 10271
f 10540 10270 10269
f 10539 10290 10270
f 10538 10289 10290
f 10537 10287 10289
f 10536 10288 10287
f 10535 10299 10288
f 10534 10331 10299
f 10533 10345 10331
f 10532 10359 10345
f 10531 10373 10359
f 10530 10372 10373
f 10529 10371 10372
f 10528 10286 10371
f 10527 10257 10286
f 10250 10257 10527
f 10525 10248 10250
f 10524 10249 10248
f 10523 10262 10249
f 10522 10268 10262
f 10521 10279 10268
f 10520 10298 10279
f 10519 10312 10298
f 10330 10312 10519
f 10517 10344 10330
f 10516 10342 10344
f 10515 10343 10342
f 10514 10341 10343
f 10513 10310 10341
f 10512 10311 10310
f 10318 10311 10512
f 10317 10318 10511
f 10509 10309 10317
f 10508 10297 10309
f 10507 10296 10297
f 10506 10284 10296
f 10463 10285 10284
usemtl 54,111,178
f 10504 10529 10530
f 10530 10531 10504
f 10531 10532 10504
f 10504 10477 10478
f 10532 10533 10504
f 10504 10481 10482
f 10478 10479 10504
f 10533 10534 10504
f 10504 10527 10528
f 10482 10483 10504
f 10479 10480 10504
f 10528 10529 10504
f 10504 10514 10515
f 10480 10481 10504
f 10534 10535 10504
f 10515 10516 10504
f 10483 10484 10504
f 10504 10537 10538
f 10504 10526 10527
f 10516 10517 10504
f 10494 10495 10496
f 10504 10476 10477
f 10538 10539 10504
f 10535 10536 10504
f 10504 10513 10514
f 10494 10498 10499
f 10496 10497 10494
f 10484 10485 10504
f 10504 10473 10474
f 10536 10537 10504
f 10517 10518 10504
f 10497 10498 10494
f 10485 10486 10504
f 10504 10472 10473
f 10539 10540 10504
f 10518 10519 10504
f 10499 10500 10494
f 10486 10487 10504
f 10504 10471 10472
f 10540 10541 10504
f 10519 10520 10504
f 10500 10501 10494
f 10487 10488 10504
f 10504 10470 10471
f 10541 10542 10504
f 10520 10521 10504
f 10501 10502 10494
f 10504 10475 10476
f 10504 10469 10470
f 10542 10543 10504
f 10521 10522 10504
f 10503 10493 10494
f 10488 10489 10504
f 10504 10468 10469
f 10543 10544 10504
f 10522 10523 10504
f 10503 10492 10493
f 10489 10490 10504
f 10504 10467 10468
f 10544 10545 10504
f 10504 10512 10513
f 10502 10503 10494
f 10490 10491 10504
f 10504 10465 10467
f 10504 10525 10526
f 10523 10524 10504
f 10491 10492 10504
f 10504 10466 10465
f 10524 10525 10504
f 10504 10509 10510
f 10474 10475 10504
f 10545 10546 10504
f 10504 10508 10509
f 10546 10466 10504
f 10510 10511 10504
f 10511 10512 10504
f 10504 10505 10507
f 10507 10508 10504
f 10505 10506 10507
f 10463 10506 10505
f 10505 10464 10463
f 10503 10504 10492
usemtl 255,255,255
f 10547 10548 8161
f 8161 8160 10547
f 10549 10547 8159
f 8157 10550 10549
f 10548 10551 8184
f 8159 8158 10549
f 10549 8158 8157
f 8184 8162 10548
f 8157 8185 10550
f 10552 10553 8165
f 10551 10552 8163
f 8160 8159 10547
f 8165 8164 10552
f 8162 8161 10548
f 10554 10555 8077
f 10553 10556 8166
f 8163 8184 10551
f 8083 8077 10555
f 8077 8076 10554
f 10556 10557 8167
f 8164 8163 10552
f 8084 8083 10558
f 8076 8075 10554
f 8166 8165 10553
f 10559 10550 8185
f 10555 10558 8083
f 8075 8078 10560
f 8185 8156 10559
f 10561 10559 8156
f 8135 8193 10562
f 8193 8134 10563
f 10560 10554 8075
f 10560 8078 8074
f 8073 8072 10564
f 8156 8186 10561
f 10565 10561 8186
f 10563 10562 8193
f 10563 8134 8133
f 8074 10566 10560
f 10566 8074 8073
f 8186 8155 10565
f 10567 10565 8155
f 8136 8135 10568
f 8133 10569 10563
f 10564 10566 8073
f 10564 8072 8071
f 10570 10571 8171
f 10572 10570 8170
f 8155 8154 10567
f 8153 10573 10567
f 10574 8137 8136
f 10562 10568 8135
f 8071 10575 10564
f 10575 8071 8070
f 8170 8169 10572
f 10576 10572 8169
f 10557 10576 8168
f 10567 8154 8153
f 10577 8192 8137
f 10568 10578 8136
f 8070 10579 10575
f 10579 8070 8079
f 10580 8069 8068
f 8169 8168 10576
f 8167 8166 10556
f 8136 10578 10574
f 10569 8133 8132
f 8079 10580 10579
f 10580 8079 8069
f 10571 10581 8183
f 8168 8167 10557
f 10582 8138 8192
f 8132 10583 10569
f 8102 10584 10585
f 10586 10584 8102
f 8085 8084 10587
f 8068 10588 10580
f 10589 8052 8051
f 10590 8051 8050
f 10581 10591 8172
f 8171 8170 10570
f 10592 8139 8138
f 8137 10574 10577
f 8102 8101 10586
f 10593 10586 8101
f 8086 8085 10594
f 10558 10587 8084
f 8050 10595 10590
f 10591 10596 8173
f 8183 8171 10571
f 10597 8140 8139
f 8192 10577 10582
f 8103 10585 10598
f 8101 8100 10593
f 8123 8086 10599
f 10587 10594 8085
f 10600 8053 8052
f 8051 10590 10589
f 10596 10601 8174
f 8172 8183 10581
f 10602 8141 8140
f 8138 10582 10592
f 10603 8126 8125
f 8104 10598 10604
f 10585 8103 8102
f 8088 10605 10606
f 8087 8123 10607
f 10594 10599 8086
f 10608 8054 8053
f 10589 10609 8052
f 10601 10610 8175
f 8173 8172 10591
f 10611 8142 8141
f 8139 10592 10597
f 8127 10612 10613
f 8127 8126 10603
f 8125 10614 10603
f 8105 10604 10615
f 10598 8104 8103
f 10606 8089 8088
f 10599 10607 8123
f 10616 8081 8054
f 8052 10609 10600
f 10610 10617 8176
f 8174 8173 10596
f 8152 10618 10573
f 10619 8143 8142
f 8140 10597 10602
f 10613 8128 8127
f 8125 8124 10614
f 8116 10620 10621
f 10604 8105 8104
f 10622 10593 8100
f 10623 10624 8092
f 10625 10623 8091
f 8089 10606 10626
f 10607 10605 8087
f 8053 10600 10608
f 10595 8050 8082
f 8175 8174 10601
f 10573 8153 8152
f 10627 8144 8191
f 10628 8191 8143
f 8141 10602 10611
f 10603 10612 8127
f 10629 10630 10631
f 8116 10632 10620
f 8115 10633 10632
f 8120 10615 10634
f 8100 8099 10622
f 8092 10624 10635
f 8091 8122 10625
f 10626 10625 8122
f 8088 8087 10605
f 10636 8055 8081
f 8082 10637 10595
f 10617 10638 8177
f 8152 8151 10618
f 8188 8148 10639
f 8148 8147 10640
f 8189 8146 10641
f 10627 8190 8144
f 8142 10611 10619
f 8129 8128 10642
f 10613 10643 8128
f 10631 10644 10629
f 10632 8116 8115
f 10645 10633 8115
f 8112 10646 10647
f 8106 10634 10648
f 10615 8120 8105
f 8092 8091 10623
f 10626 8090 8089
f 8054 10608 10616
f 8176 8175 10610
f 8149 8188 10649
f 10640 10639 8148
f 10640 8147 8189
f 10650 8145 8190
f 8143 10619 10628
f 10651 8130 8129
f 10643 10642 8128
f 10630 10652 10631
f 8115 8118 10645
f 10653 10645 8118
f 8114 8113 10654
f 10647 8113 8112
f 10634 8106 8120
f 8122 8090 10626
f 10588 8068 8067
f 10655 8056 8055
f 8082 10656 10637
f 8182 10657 10658
f 10659 10660 8178
f 8177 8176 10617
f 10661 8150 8149
f 10641 10640 8189
f 10641 8146 8145
f 8191 10628 10627
f 10662 8131 8130
f 10642 10663 8129
f 10664 10665 10629
f 8118 8114 10653
f 10647 10654 8113
f 8108 8107 10666
f 10648 8107 8106
f 8093 10635 10667
f 8067 10668 10588
f 10669 8065 8064
f 10670 8060 8059
f 10671 8059 8058
f 10672 8080 8056
f 8081 10616 10636
f 8182 10673 10657
f 10660 10674 8179
f 10638 10659 8177
f 10639 10649 8188
f 8190 10627 10650
f 10583 8132 8131
f 8129 10663 10651
f 10630 10675 10652
f 8082 8182 10676
f 10654 10653 8114
f 8111 10677 10646
f 10678 10679 8110
f 8109 8108 10680
f 10648 10666 8107
f 8121 10667 10681
f 10635 8093 8092
f 10668 8067 8066
f 10669 8066 8065
f 10682 8061 8060
f 8058 10683 10671
f 10684 8057 8080
f 8055 10636 10655
f 10658 10685 8182
f 10686 10673 8182
f 10674 10687 8180
f 8178 8177 10659
f 8145 10650 10641
f 8130 10651 10662
f 10630 10688 10675
f 10689 10690 10688
f 10691 10692 10693
f 10694 10691 8082
f 10646 8112 8111
f 8111 8110 10679
f 8110 8119 10678
f 10666 10680 8108
f 8094 10681 10695
f 10667 8121 8093
f 8064 10696 10669
f 10696 8064 8063
f 10697 8062 8061
f 8059 10671 10670
f 10683 8058 8057
f 8056 10655 10672
f 8082 10698 10699
f 8082 10691 10700
f 10685 10701 8182
f 8182 8181 10686
f 8179 8178 10660
f 8150 10661 10702
f 8131 10662 10583
f 10688 10630 10689
f 10703 10704 10705
f 10691 10706 10692
f 10676 10694 8082
f 10679 10677 8111
f 10680 10678 8109
f 8098 10707 10622
f 8097 10708 10707
f 8095 10695 10709
f 10681 8094 8121
f 8063 10710 10696
f 10710 8063 8062
f 8060 10670 10682
f 8080 10672 10684
f 10700 10698 8082
f 8181 8180 10686
f 8180 8179 10674
f 8151 8187 10702
f 10649 10661 8149
f 10705 10704 10711
f 10689 10711 10690
f 10693 10703 10691
f 10694 10712 10691
f 8119 8109 10678
f 10707 8098 8097
f 8096 10709 10708
f 10695 8095 8094
f 8062 10697 10710
f 8057 10684 10683
f 10699 10713 8082
f 10687 10686 8180
f 10702 8187 8150
f 10644 10664 10629
f 10712 10706 10691
f 10622 8099 8098
f 10709 8096 8095
f 8061 10682 10697
f 10713 10714 8082
f 10702 10618 8151
f 10705 10691 10703
f 10708 8097 8096
f 10714 10656 8082
f 10711 10689 10705
f 8066 10669 10668
f 8117 10621 10665
f 10621 8117 8116
f 8124 10665 10664
f 10701 10676 8182
f 10665 8124 8117
f 10664 10614 8124
f 10664 10715 10716
f 10716 10614 10664
f 10550 10717 10718
f 10559 10719 10717
f 10561 10720 10719
f 10565 10721 10720
f 10567 10722 10721
f 10573 10723 10722
f 10618 10724 10723
f 10702 10725 10724
f 10726 10725 10702
f 10649 10727 10726
f 10639 10728 10727
f 10729 10728 10639
f 10641 10730 10729
f 10650 10731 10730
f 10627 10732 10731
f 10628 10733 10732
f 10619 10734 10733
f 10611 10735 10734
f 10602 10736 10735
f 10597 10737 10736
f 10592 10738 10737
f 10582 10739 10738
f 10577 10740 10739
f 10574 10741 10740
f 10578 10742 10741
f 10568 10743 10742
f 10562 10744 10743
f 10563 10745 10744
f 10569 10746 10745
f 10747 10746 10569
f 10662 10748 10747
f 10651 10749 10748
f 10663 10750 10749
f 10642 10751 10750
f 10643 10752 10751
f 10753 10752 10643
f 10612 10754 10753
f 10603 10755 10754
f 10614 10716 10755
f 10755 10603 10614
f 10754 10612 10603
f 10753 10613 10612
f 10643 10613 10753
f 10751 10642 10643
f 10750 10663 10642
f 10749 10651 10663
f 10748 10662 10651
f 10747 10583 10662
f 10569 10583 10747
f 10745 10563 10569
f 10744 10562 10563
f 10743 10568 10562
f 10742 10578 10568
f 10741 10574 10578
f 10740 10577 10574
f 10739 10582 10577
f 10738 10592 10582
f 10737 10597 10592
f 10736 10602 10597
f 10735 10611 10602
f 10734 10619 10611
f 10733 10628 10619
f 10732 10627 10628
f 10731 10650 10627
f 10730 10641 10650
f 10729 10640 10641
f 10639 10640 10729
f 10727 10649 10639
f 10726 10661 10649
f 10702 10661 10726
f 10724 10618 10702
f 10723 10573 10618
f 10722 10567 10573
f 10721 10565 10567
f 10720 10561 10565
f 10719 10559 10561
f 10717 10550 10559
f 10718 10549 10550
f 10644 10756 10715
f 10631 10757 10756
f 10652 10758 10757
f 10675 10759 10758
f 10688 10760 10759
f 10761 10760 10688
f 10711 10762 10761
f 10704 10763 10762
f 10703 10764 10763
f 10693 10765 10764
f 10692 10766 10765
f 10706 10767 10766
f 10712 10768 10767
f 10769 10768 10712
f 10676 10770 10769
f 10701 10771 10770
f 10772 10771 10701
f 10658 10773 10772
f 10657 10774 10773
f 10673 10775 10774
f 10686 10776 10775
f 10687 10777 10776
f 10674 10778 10777
f 10660 10779 10778
f 10659 10780 10779
f 10781 10780 10659
f 10617 10782 10781
f 10610 10783 10782
f 10601 10784 10783
f 10596 10785 10784
f 10786 10785 10596
f 10581 10787 10786
f 10571 10788 10787
f 10789 10788 10571
f 10572 10790 10789
f 10576 10791 10790
f 10557 10792 10791
f 10556 10793 10792
f 10794 10793 10556
f 10552 10795 10794
f 10551 10796 10795
f 10548 10797 10796
f 10798 10797 10548
f 10549 10718 10798
f 10798 10547 10549
f 10548 10547 10798
f 10796 10551 10548
f 10795 10552 10551
f 10794 10553 10552
f 10556 10553 10794
f 10792 10557 10556
f 10791 10576 10557
f 10790 10572 10576
f 10789 10570 10572
f 10571 10570 10789
f 10787 10581 10571
f 10786 10591 10581
f 10596 10591 10786
f 10784 10601 10596
f 10783 10610 10601
f 10782 10617 10610
f 10781 10638 10617
f 10659 10638 10781
f 10779 10660 10659
f 10778 10674 10660
f 10777 10687 10674
f 10776 10686 10687
f 10775 10673 10686
f 10774 10657 10673
f 10773 10658 10657
f 10772 10685 10658
f 10701 10685 10772
f 10770 10676 10701
f 10769 10694 10676
f 10712 10694 10769
f 10767 10706 10712
f 10766 10692 10706
f 10765 10693 10692
f 10764 10703 10693
f 10763 10704 10703
f 10762 10711 10704
f 10761 10690 10711
f 10688 10690 10761
f 10759 10675 10688
f 10758 10652 10675
f 10757 10631 10652
f 10756 10644 10631
f 10715 10664 10644
usemtl 54,111,178
f 10744 10775 10776
f 10729 10730 10731
f 10776 10777 10744
f 10731 10732 10729
f 10777 10778 10744
f 10732 10733 10729
f 10778 10779 10744
f 10733 10734 10729
f 10779 10780 10744
f 10734 10735 10729
f 10744 10723 10724
f 10780 10781 10744
f 10735 10736 10729
f 10724 10725 10744
f 10781 10782 10744
f 10736 10737 10729
f 10725 10726 10744
f 10782 10783 10744
f 10737 10738 10729
f 10744 10722 10723
f 10744 10790 10791
f 10783 10784 10744
f 10773 10746 10747
f 10738 10739 10729
f 10726 10727 10744
f 10791 10792 10744
f 10784 10785 10744
f 10755 10766 10767
f 10747 10748 10773
f 10739 10740 10729
f 10744 10721 10722
f 10792 10793 10744
f 10785 10786 10744
f 10767 10768 10755
f 10748 10749 10773
f 10740 10741 10729
f 10744 10720 10721
f 10793 10794 10744
f 10786 10787 10744
f 10768 10769 10755
f 10749 10750 10773
f 10741 10742 10729
f 10744 10719 10720
f 10794 10795 10744
f 10744 10774 10775
f 10755 10765 10766
f 10750 10751 10773
f 10742 10743 10729
f 10744 10717 10719
f 10795 10796 10744
f 10787 10788 10744
f 10769 10770 10755
f 10773 10745 10746
f 10744 10728 10729
f 10744 10718 10717
f 10744 10789 10790
f 10744 10773 10774
f 10770 10771 10755
f 10755 10762 10763
f 10751 10752 10773
f 10727 10728 10744
f 10788 10789 10744
f 10771 10772 10755
f 10763 10764 10755
f 10773 10753 10754
f 10773 10744 10745
f 10744 10798 10718
f 10796 10797 10744
f 10764 10765 10755
f 10752 10753 10773
f 10797 10798 10744
f 10755 10761 10762
f 10743 10744 10729
f 10755 10760 10761
f 10772 10773 10755
f 10755 10759 10760
f 10755 10758 10759
f 10755 10757 10758
f 10716 10756 10757
f 10757 10755 10716
f 10716 10715 10756
f 10754 10755 10773
usemtl 255,255,255
f 10621 10799 10800
f 10800 10665 10621
f 10554 10801 10802
f 10560 10803 10801
f 10804 10803 10560
f 10564 10805 10804
f 10575 10806 10805
f 10579 10807 10806
f 10580 10808 10807
f 10588 10809 10808
f 10668 10810 10809
f 10669 10811 10810
f 10696 10812 10811
f 10710 10813 10812
f 10697 10814 10813
f 10682 10815 10814
f 10670 10816 10815
f 10671 10817 10816
f 10683 10818 10817
f 10684 10819 10818
f 10820 10819 10684
f 10655 10821 10820
f 10636 10822 10821
f 10616 10823 10822
f 10824 10823 10616
f 10600 10825 10824
f 10609 10826 10825
f 10589 10827 10826
f 10590 10828 10827
f 10595 10829 10828
f 10637 10830 10829
f 10656 10831 10830
f 10714 10832 10831
f 10713 10833 10832
f 10699 10834 10833
f 10698 10835 10834
f 10700 10836 10835
f 10691 10837 10836
f 10705 10838 10837
f 10689 10839 10838
f 10630 10840 10839
f 10841 10840 10630
f 10665 10800 10841
f 10841 10629 10665
f 10630 10629 10841
f 10839 10689 10630
f 10838 10705 10689
f 10837 10691 10705
f 10836 10700 10691
f 10835 10698 10700
f 10834 10699 10698
f 10833 10713 10699
f 10832 10714 10713
f 10831 10656 10714
f 10830 10637 10656
f 10829 10595 10637
f 10828 10590 10595
f 10827 10589 10590
f 10826 10609 10589
f 10825 10600 10609
f 10824 10608 10600
f 10616 10608 10824
f 10822 10636 10616
f 10821 10655 10636
f 10820 10672 10655
f 10684 10672 10820
f 10818 10683 10684
f 10817 10671 10683
f 10816 10670 10671
f 10815 10682 10670
f 10814 10697 10682
f 10813 10710 10697
f 10812 10696 10710
f 10811 10669 10696
f 10810 10668 10669
f 10809 10588 10668
f 10808 10580 10588
f 10807 10579 10580
f 10806 10575 10579
f 10805 10564 10575
f 10804 10566 10564
f 10560 10566 10804
f 10801 10554 10560
f 10802 10555 10554
f 10620 10842 10799
f 10632 10843 10842
f 10633 10844 10843
f 10645 10845 10844
f 10653 10846 10845
f 10654 10847 10846
f 10647 10848 10847
f 10646 10849 10848
f 10677 10850 10849
f 10851 10850 10677
f 10678 10852 10851
f 10680 10853 10852
f 10666 10854 10853
f 10648 10855 10854
f 10634 10856 10855
f 10615 10857 10856
f 10604 10858 10857
f 10598 10859 10858
f 10585 10860 10859
f 10584 10861 10860
f 10586 10862 10861
f 10593 10863 10862
f 10622 10864 10863
f 10707 10865 10864
f 10866 10865 10707
f 10709 10867 10866
f 10695 10868 10867
f 10681 10869 10868
f 10667 10870 10869
f 10635 10871 10870
f 10624 10872 10871
f 10623 10873 10872
f 10625 10874 10873
f 10626 10875 10874
f 10606 10876 10875
f 10877 10876 10606
f 10607 10878 10877
f 10599 10879 10878
f 10594 10880 10879
f 10587 10881 10880
f 10558 10882 10881
f 10555 10802 10882
f 10882 10558 10555
f 10881 10587 10558
f 10880 10594 10587
f 10879 10599 10594
f 10878 10607 10599
f 10877 10605 10607
f 10606 10605 10877
f 10875 10626 10606
f 10874 10625 10626
f 10873 10623 10625
f 10872 10624 10623
f 10871 10635 10624
f 10870 10667 10635
f 10869 10681 10667
f 10868 10695 10681
f 10867 10709 10695
f 10866 10708 10709
f 10707 10708 10866
f 10864 10622 10707
f 10863 10593 10622
f 10862 10586 10593
f 10861 10584 10586
f 10860 10585 10584
f 10859 10598 10585
f 10858 10604 10598
f 10857 10615 10604
f 10856 10634 10615
f 10855 10648 10634
f 10854 10666 10648
f 10853 10680 10666
f 10852 10678 10680
f 10851 10679 10678
f 10677 10679 10851
f 10849 10646 10677
f 10848 10647 10646
f 10847 10654 10647
f 10846 10653 10654
f 10845 10645 10653
f 10844 10633 10645
f 10843 10632 10633
f 10842 10620 10632
f 10799 10621 10620
usemtl 54,111,178
f 10840 10865 10866
f 10866 10867 10840
f 10867 10868 10840
f 10840 10813 10814
f 10868 10869 10840
f 10840 10817 10818
f 10814 10815 10840
f 10869 10870 10840
f 10840 10863 10864
f 10818 10819 10840
f 10815 10816 10840
f 10864 10865 10840
f 10840 10850 10851
f 10816 10817 10840
f 10870 10871 10840
f 10851 10852 10840
f 10819 10820 10840
f 10840 10873 10874
f 10840 10862 10863
f 10852 10853 10840
f 10830 10831 10832
f 10840 10812 10813
f 10874 10875 10840
f 10871 10872 10840
f 10840 10849 10850
f 10830 10834 10835
f 10832 10833 10830
f 10820 10821 10840
f 10840 10809 10810
f 10872 10873 10840
f 10853 10854 10840
f 10833 10834 10830
f 10821 10822 10840
f 10840 10808 10809
f 10875 10876 10840
f 10854 10855 10840
f 10835 10836 10830
f 10822 10823 10840
f 10840 10807 10808
f 10876 10877 10840
f 10855 10856 10840
f 10836 10837 10830
f 10823 10824 10840
f 10840 10806 10807
f 10877 10878 10840
f 10856 10857 10840
f 10837 10838 10830
f 10840 10811 10812
f 10840 10805 10806
f 10878 10879 10840
f 10857 10858 10840
f 10839 10829 10830
f 10824 10825 10840
f 10840 10804 10805
f 10879 10880 10840
f 10858 10859 10840
f 10839 10828 10829
f 10825 10826 10840
f 10840 10803 10804
f 10880 10881 10840
f 10840 10848 10849
f 10838 10839 10830
f 10826 10827 10840
f 10840 10801 10803
f 10840 10861 10862
f 10859 10860 10840
f 10827 10828 10840
f 10840 10802 10801
f 10860 10861 10840
f 10840 10845 10846
f 10810 10811 10840
f 10881 10882 10840
f 10840 10844 10845
f 10882 10802 10840
f 10846 10847 10840
f 10847 10848 10840
f 10840 10841 10843
f 10843 10844 10840
f 10841 10842 10843
f 10799 10842 10841
f 10841 10800 10799
f 10839 10840 10828
usemtl 209,209,209
f 9673 9674 10883
f 10883 9674 9675
f 9675 10884 10883
f 9676 10885 10884
f 10884 9675 9676
f 9676 9677 10886
f 9672 9673 10887
f 10886 10885 9676
f 9693 9694 10888
f 9694 9695 10889
f 9489 9490 10890
f 9490 9554 10891
f 9553 9555 10892
f 9555 9556 10893
f 9672 10894 10895
f 10883 10887 9673
f 9677 9678 10896
f 9678 9679 10897
f 9692 9693 10898
f 10889 10888 9694
f 10891 10890 9490
f 9554 9553 10899
f 10893 10892 9555
f 9556 9557 10900
f 10887 10894 9672
f 10897 10896 9678
f 9684 10901 10902
f 9684 9685 10903
f 9685 9686 10904
f 9686 9687 10905
f 9688 9689 10906
f 9689 9690 10907
f 10888 10898 9693
f 9695 9696 10908
f 9487 9488 10909
f 9488 9489 10910
f 10899 10891 9554
f 10900 10893 9556
f 9669 9670 10911
f 9670 9671 10895
f 10896 10886 9677
f 9679 9680 10912
f 9681 10913 10912
f 9681 9682 10914
f 10903 10901 9684
f 10905 10904 9686
f 9687 9688 10915
f 10907 10906 9689
f 10908 10889 9695
f 9696 9697 10916
f 9697 9698 10917
f 9698 9699 10918
f 10910 10909 9488
f 10892 10899 9553
f 9557 9558 10919
f 9558 9559 10920
f 9523 9522 10921
f 9522 9524 10922
f 9668 10923 10924
f 9668 9669 10925
f 10895 10911 9670
f 10912 10897 9679
f 10914 10913 9681
f 9682 9683 10902
f 10904 10903 9685
f 10906 10915 9688
f 9691 10926 10907
f 9691 9692 10927
f 10916 10908 9696
f 10918 10917 9698
f 9699 9700 10928
f 9700 9701 10929
f 9484 9486 10930
f 9486 9487 10931
f 10890 10910 9489
f 10920 10919 9558
f 9523 10932 10920
f 10922 10921 9522
f 9664 10933 10934
f 9664 9665 10935
f 9665 9666 10936
f 9666 9667 10924
f 10925 10923 9668
f 10895 9671 9672
f 10902 10914 9682
f 10915 10905 9687
f 10927 10926 9691
f 10917 10916 9697
f 10929 10928 9700
f 9701 9702 10937
f 9704 10938 10939
f 9704 9705 10940
f 9513 9514 10941
f 9514 9515 10942
f 9485 9484 10943
f 10931 10930 9486
f 10919 10900 9557
f 10921 10932 9523
f 10935 10933 9664
f 10924 10936 9666
f 10911 10925 9669
f 10902 9683 9684
f 10898 10927 9692
f 10937 10929 9701
f 9702 9703 10939
f 10940 10938 9704
f 9509 9510 10944
f 9510 9511 10945
f 9513 10946 10947
f 10942 10941 9514
f 9516 9517 10948
f 9517 9518 10949
f 9518 9519 10950
f 9519 9520 10951
f 9521 9485 10952
f 10930 10943 9484
f 10920 9559 9523
f 9524 9525 10953
f 9529 10954 10955
f 9529 9530 10956
f 10936 10935 9665
f 10912 9680 9681
f 10928 10918 9699
f 10939 9703 9704
f 9705 9706 10957
f 9706 9707 10958
f 9707 9708 10959
f 9708 9709 10960
f 9711 9562 10961
f 10961 9562 9491
f 9500 10962 10963
f 9500 9501 10964
f 9505 10965 10966
f 9505 9506 10967
f 9508 9509 10968
f 10945 10944 9510
f 9511 9512 10947
f 10941 10946 9513
f 9515 9516 10969
f 10949 10948 9517
f 10951 10950 9519
f 9520 9521 10970
f 10943 10952 9485
f 10953 10922 9524
f 10956 10954 9529
f 9530 9531 10971
f 9531 9532 10972
f 9532 9533 10973
f 9542 9543 10974
f 9543 9544 10975
f 9658 10976 10977
f 9659 10978 10976
f 9660 10979 10978
f 9660 9661 10980
f 10924 9667 9668
f 10939 10937 9702
f 10958 10957 9706
f 10960 10959 9708
f 9491 10981 10961
f 9492 10982 10981
f 9493 10983 10982
f 9493 9494 10984
f 10964 10962 9500
f 9501 9502 10985
f 9502 9503 10986
f 9503 9504 10966
f 10967 10965 9505
f 9506 9507 10987
f 9507 9508 10988
f 10944 10968 9509
f 10947 9512 9513
f 10948 10969 9516
f 10970 10951 9520
f 10909 10931 9487
f 9526 10989 10953
f 9526 9527 10990
f 10971 10956 9530
f 10973 10972 9532
f 9533 9534 10991
f 9534 9535 10992
f 9536 9537 10993
f 9537 9538 10994
f 9541 10995 10996
f 9541 9542 10997
f 10975 10974 9543
f 9544 9545 10998
f 9656 10999 11000
f 9656 9657 10977
f 10976 9658 9659
f 10980 10979 9660
f 9662 11001 10980
f 9662 9663 10934
f 10907 9690 9691
f 10959 10958 9707
f 10981 9491 9492
f 10984 10983 9493
f 9495 9496 11002
f 9496 9497 11003
f 9498 11004 11003
f 9498 9499 10963
f 10985 10964 9501
f 10966 10986 9503
f 10987 10967 9506
f 10968 10988 9508
f 10969 10942 9515
f 10952 10970 9521
f 10990 10989 9526
f 9527 9528 10955
f 10972 10971 9531
f 10992 10991 9534
f 9536 11005 10992
f 10994 10993 9537
f 9538 9539 11006
f 9539 9540 10996
f 10997 10995 9541
f 10998 10975 9544
f 9654 11007 11008
f 9654 9655 11000
f 10977 10999 9656
f 10978 9659 9660
f 10934 11001 9662
f 10957 10940 9705
f 10982 9492 9493
f 9494 9495 11009
f 11003 11002 9496
f 10963 11004 9498
f 10986 10985 9502
f 10988 10987 9507
f 10950 10949 9518
f 10955 10990 9527
f 10991 10973 9533
f 10993 11005 9536
f 10996 11006 9539
f 10974 10997 9542
f 9547 9548 11010
f 9548 9549 11011
f 9639 11012 11013
f 9639 9640 11014
f 9641 11015 11014
f 9641 9642 11016
f 9644 11017 11018
f 9644 9645 11019
f 9653 11008 11020
f 11000 11007 9654
f 10977 9657 9658
f 10934 9663 9664
f 9710 11021 10960
f 9710 9711 11022
f 11009 10984 9494
f 11003 9497 9498
f 10966 9504 9505
f 10953 9525 9526
f 10992 9535 9536
f 10996 9540 9541
f 9546 11023 10998
f 9546 9547 11024
f 11011 11010 9548
f 9549 9550 11025
f 11014 11012 9639
f 11016 11015 9641
f 9643 11018 11016
f 11019 11017 9644
f 9647 11026 11027
f 9647 9648 11028
f 11008 9653 9654
f 10980 9661 9662
f 11022 11021 9710
f 11002 11009 9495
f 10947 10945 9511
f 11006 10994 9538
f 11024 11023 9546
f 11025 11011 9549
f 9551 9552 11029
f 11030 11029 9552
f 11014 9640 9641
f 11018 9643 9644
f 9646 11027 11019
f 11028 11026 9647
f 9651 11031 11032
f 9651 9652 11020
f 11000 9655 9656
f 10961 11022 9711
f 10955 9528 9529
f 11010 11024 9547
f 9551 11033 11025
f 9552 9561 11030
f 11016 9642 9643
f 11027 9646 9647
f 9649 11034 11028
f 9649 9650 11032
f 11020 11031 9651
f 10960 9709 9710
f 10998 9545 9546
f 11029 11033 9551
f 11019 9645 9646
f 11032 11034 9649
f 11020 9652 9653
f 11025 9550 9551
f 11028 9648 9649
f 10963 9499 9500
f 9561 9638 11013
f 11032 9650 9651
f 11013 9638 9639
f 11013 11030 9561
f 11022 10961 11035
f 11021 11022 11036
f 10960 11021 11037
f 10959 10960 11038
f 10958 10959 11039
f 10957 10958 11040
f 10940 10957 11041
f 10938 10940 11042
f 10939 10938 11043
f 10937 10939 11044
f 10929 10937 11045
f 10928 10929 11046
f 10918 10928 11047
f 10917 10918 11048
f 10916 10917 11049
f 10908 10916 11050
f 10889 10908 11051
f 10888 10889 11052
f 10898 10888 11053
f 10927 10898 11054
f 10926 10927 11055
f 10907 10926 11056
f 10906 10907 11057
f 10915 10906 11058
f 10905 10915 11059
f 10904 10905 11060
f 10903 10904 11061
f 10901 10903 11062
f 10902 10901 11063
f 10914 10902 11064
f 10913 10914 11065
f 10912 10913 11066
f 10897 10912 11067
f 10896 10897 11068
f 10886 10896 11069
f 10885 10886 11070
f 10884 10885 11071
f 11071 11072 10884
f 11070 11071 10885
f 11069 11070 10886
f 11068 11069 10896
f 11067 11068 10897
f 11066 11067 10912
f 11065 11066 10913
f 11064 11065 10914
f 11063 11064 10902
f 11062 11063 10901
f 11061 11062 10903
f 11060 11061 10904
f 11059 11060 10905
f 11058 11059 10915
f 11057 11058 10906
f 11056 11057 10907
f 11055 11056 10926
f 11054 11055 10927
f 11053 11054 10898
f 11052 11053 10888
f 11051 11052 10889
f 11050 11051 10908
f 11049 11050 10916
f 11048 11049 10917
f 11047 11048 10918
f 11046 11047 10928
f 11045 11046 10929
f 11044 11045 10937
f 11043 11044 10939
f 11042 11043 10938
f 11041 11042 10940
f 11040 11041 10957
f 11039 11040 10958
f 11038 11039 10959
f 11037 11038 10960
f 11036 11037 11021
f 11035 11036 11022
f 10884 11072 11073
f 11073 10883 10884
f 10887 10883 11073
f 10894 10887 11074
f 10895 10894 11075
f 10911 10895 11076
f 10925 10911 11077
f 10923 10925 11078
f 10924 10923 11079
f 10936 10924 11080
f 10935 10936 11081
f 10933 10935 11082
f 10934 10933 11083
f 11001 10934 11084
f 10980 11001 11085
f 10979 10980 11086
f 10978 10979 11087
f 10976 10978 11088
f 10977 10976 11089
f 10999 10977 11090
f 11000 10999 11091
f 11007 11000 11092
f 11008 11007 11093
f 11020 11008 11094
f 11031 11020 11095
f 11032 11031 11096
f 11034 11032 11097
f 11028 11034 11098
f 11026 11028 11099
f 11027 11026 11100
f 11019 11027 11101
f 11017 11019 11102
f 11018 11017 11103
f 11016 11018 11104
f 11015 11016 11105
f 11014 11015 11106
f 11012 11014 11107
f 11013 11012 11108
f 11030 11013 11109
f 11109 11110 11030
f 11108 11109 11013
f 11107 11108 11012
f 11106 11107 11014
f 11105 11106 11015
f 11104 11105 11016
f 11103 11104 11018
f 11102 11103 11017
f 11101 11102 11019
f 11100 11101 11027
f 11099 11100 11026
f 11098 11099 11028
f 11097 11098 11034
f 11096 11097 11032
f 11095 11096 11031
f 11094 11095 11020
f 11093 11094 11008
f 11092 11093 11007
f 11091 11092 11000
f 11090 11091 10999
f 11089 11090 10977
f 11088 11089 10976
f 11087 11088 10978
f 11086 11087 10979
f 11085 11086 10980
f 11084 11085 11001
f 11083 11084 10934
f 11082 11083 10933
f 11081 11082 10935
f 11080 11081 10936
f 11079 11080 10924
f 11078 11079 10923
f 11077 11078 10925
f 11076 11077 10911
f 11075 11076 10895
f 11074 11075 10894
f 11073 11074 10887
f 11030 11110 11111
f 11111 11029 11030
f 11033 11029 11111
f 11025 11033 11112
f 11011 11025 11113
f 11010 11011 11114
f 11024 11010 11115
f 11023 11024 11116
f 10998 11023 11117
f 10975 10998 11118
f 10974 10975 11119
f 10997 10974 11120
f 10995 10997 11121
f 10996 10995 11122
f 11006 10996 11123
f 10994 11006 11124
f 10993 10994 11125
f 11005 10993 11126
f 10992 11005 11127
f 10991 10992 11128
f 10973 10991 11129
f 10972 10973 11130
f 10971 10972 11131
f 10956 10971 11132
f 10954 10956 11133
f 10955 10954 11134
f 10990 10955 11135
f 10989 10990 11136
f 10953 10989 11137
f 10922 10953 11138
f 10921 10922 11139
f 10932 10921 11140
f 10920 10932 11141
f 10919 10920 11142
f 10900 10919 11143
f 10893 10900 11144
f 10892 10893 11145
f 10899 10892 11146
f 10891 10899 11147
f 11147 11148 10891
f 11146 11147 10899
f 11145 11146 10892
f 11144 11145 10893
f 11143 11144 10900
f 11142 11143 10919
f 11141 11142 10920
f 11140 11141 10932
f 11139 11140 10921
f 11138 11139 10922
f 11137 11138 10953
f 11136 11137 10989
f 11135 11136 10990
f 11134 11135 10955
f 11133 11134 10954
f 11132 11133 10956
f 11131 11132 10971
f 11130 11131 10972
f 11129 11130 10973
f 11128 11129 10991
f 11127 11128 10992
f 11126 11127 11005
f 11125 11126 10993
f 11124 11125 10994
f 11123 11124 11006
f 11122 11123 10996
f 11121 11122 10995
f 11120 11121 10997
f 11119 11120 10974
f 11118 11119 10975
f 11117 11118 10998
f 11116 11117 11023
f 11115 11116 11024
f 11114 11115 11010
f 11113 11114 11011
f 11112 11113 11025
f 11111 11112 11033
f 11148 11149 10890
f 10890 10891 11148
f 10910 10890 11149
f 10909 10910 11150
f 10931 10909 11151
f 10930 10931 11152
f 10943 10930 11153
f 10952 10943 11154
f 10970 10952 11155
f 10951 10970 11156
f 10950 10951 11157
f 10949 10950 11158
f 10948 10949 11159
f 10969 10948 11160
f 10942 10969 11161
f 10941 10942 11162
f 10946 10941 11163
f 10947 10946 11164
f 10945 10947 11165
f 10944 10945 11166
f 10968 10944 11167
f 10988 10968 11168
f 10987 10988 11169
f 10967 10987 11170
f 10965 10967 11171
f 10966 10965 11172
f 10986 10966 11173
f 10985 10986 11174
f 10964 10985 11175
f 10962 10964 11176
f 10963 10962 11177
f 11004 10963 11178
f 11003 11004 11179
f 11002 11003 11180
f 11009 11002 11181
f 10984 11009 11182
f 10983 10984 11183
f 10982 10983 11184
f 10981 10982 11185
f 11185 11186 10981
f 11184 11185 10982
f 11183 11184 10983
f 11182 11183 10984
f 11181 11182 11009
f 11180 11181 11002
f 11179 11180 11003
f 11178 11179 11004
f 11177 11178 10963
f 11176 11177 10962
f 11175 11176 10964
f 11174 11175 10985
f 11173 11174 10986
f 11172 11173 10966
f 11171 11172 10965
f 11170 11171 10967
f 11169 11170 10987
f 11168 11169 10988
f 11167 11168 10968
f 11166 11167 10944
f 11165 11166 10945
f 11164 11165 10947
f 11163 11164 10946
f 11162 11163 10941
f 11161 11162 10942
f 11160 11161 10969
f 11159 11160 10948
f 11158 11159 10949
f 11157 11158 10950
f 11156 11157 10951
f 11155 11156 10970
f 11154 11155 10952
f 11153 11154 10943
f 11152 11153 10930
f 11151 11152 10931
f 11150 11151 10909
f 11149 11150 10910
f 10981 11186 11035
f 11035 10961 10981
f 11187 11051 11050
f 11188 11171 11170
f 11187 11052 11051
f 11188 11157 11156
f 11189 11129 11128
f 11188 11172 11171
f 11187 11046 11045
f 11187 11049 11048
f 11187 11053 11052
f 11189 11135 11134
f 11189 11139 11138
f 11156 11155 11188
f 11189 11130 11129
f 11187 11061 11060
f 11187 11063 11062
f 11187 11065 11064
f 11170 11169 11188
f 11188 11174 11173
f 11188 11176 11175
f 11187 11039 11038
f 11187 11041 11040
f 11045 11044 11187
f 11050 11049 11187
f 11187 11055 11054
f 11189 11136 11135
f 11189 11140 11139
f 11189 11143 11142
f 11188 11151 11150
f 11188 11153 11152
f 11155 11154 11188
f 11190 11103 11102
f 11189 11119 11118
f 11189 11124 11123
f 11189 11126 11125
f 11128 11127 11189
f 11062 11061 11187
f 11187 11066 11065
f 11169 11168 11188
f 11175 11174 11188
f 11188 11181 11180
f 11188 11183 11182
f 11040 11039 11187
f 11187 11043 11042
f 11187 11047 11046
f 11054 11053 11187
f 11189 11137 11136
f 11189 11141 11140
f 11189 11144 11143
f 11189 11148 11147
f 11152 11151 11188
f 11188 11158 11157
f 11190 11100 11099
f 11102 11101 11190
f 11190 11106 11105
f 11189 11114 11113
f 11189 11120 11119
f 11189 11122 11121
f 11125 11124 11189
f 11189 11131 11130
f 11064 11063 11187
f 11187 11068 11067
f 11190 11077 11076
f 11168 11167 11188
f 11188 11177 11176
f 11182 11181 11188
f 11042 11041 11187
f 11048 11047 11187
f 11189 11133 11132
f 11138 11137 11189
f 11189 11145 11144
f 11147 11146 11189
f 11154 11153 11188
f 11188 11160 11159
f 11188 11163 11162
f 11101 11100 11190
f 11105 11104 11190
f 11190 11108 11107
f 11190 11110 11109
f 11189 11115 11114
f 11189 11117 11116
f 11121 11120 11189
f 11127 11126 11189
f 11187 11058 11057
f 11060 11059 11187
f 11187 11069 11068
f 11187 11071 11070
f 11076 11075 11190
f 11190 11079 11078
f 11190 11083 11082
f 11190 11085 11084
f 11173 11172 11188
f 11188 11179 11178
f 11188 11184 11183
f 11188 11186 11185
f 11187 11037 11036
f 11044 11043 11187
f 11134 11133 11189
f 11146 11145 11189
f 11159 11158 11188
f 11162 11161 11188
f 11188 11166 11165
f 11190 11093 11092
f 11190 11096 11095
f 11104 11103 11190
f 11109 11108 11190
f 11116 11115 11189
f 11123 11122 11189
f 11059 11058 11187
f 11070 11069 11187
f 11078 11077 11190
f 11190 11081 11080
f 11084 11083 11190
f 11190 11089 11088
f 11178 11177 11188
f 11185 11184 11188
f 11187 11035 11186
f 11038 11037 11187
f 11142 11141 11189
f 11189 11188 11149
f 11161 11160 11188
f 11165 11164 11188
f 11092 11091 11190
f 11095 11094 11190
f 11190 11098 11097
f 11107 11106 11190
f 11118 11117 11189
f 11057 11056 11187
f 11187 11072 11071
f 11075 11074 11190
f 11082 11081 11190
f 11190 11087 11086
f 11190 11090 11089
f 11180 11179 11188
f 11036 11035 11187
f 11149 11148 11189
f 11164 11163 11188
f 11094 11093 11190
f 11099 11098 11190
f 11190 11189 11111
f 11113 11112 11189
f 11067 11066 11187
f 11190 11073 11072
f 11080 11079 11190
f 11088 11087 11190
f 11186 11188 11187
f 11150 11149 11188
f 11097 11096 11190
f 11112 11111 11189
f 11072 11187 11190
f 11086 11085 11190
f 11132 11131 11189
f 11111 11110 11190
f 11074 11073 11190
f 11091 11090 11190
f 11167 11166 11188
f 11056 11055 11187
usemtl 51,51,51
f 11187 11188 11191
f 11191 11192 11187
f 11189 11193 11191
f 11191 11188 11189
f 11193 11189 11190
f 11190 11194 11193
f 11187 11192 11194
f 11194 11190 11187
f 11194 11192 11191
f 11191 11193 11194
# 11194 vertices
# 0 texture params
# 0 normals
# 22452 facets

# 1 groups
